date,price_usd,price_open,price_high,price_low,volume_usd,futures_close,futures_volume_usd,eth,gold,copper,m2_supply,fed_balance_sheet,nupl,miners_revenue_usd,stablecoin_supply,hash_rate,open_interest,futures_trade_count,reserveRisk,puellMultiple,funding_rate_mean
2019-01-02,3858.56,3796.45,3882.14,3750.45,1925357003.893261,3858.56,,155.0476837158203,1281.0,2.625,,4058378.0,,7308724.997720695,425353589.0,42174589.1025484,,,,,
2019-01-03,3766.78,3857.57,3862.74,3730.0,1436043254.945805,3766.78,,149.135009765625,1291.800048828125,2.570499897003174,,4058378.0,,7317018.752407348,440163226.0,43291796.7608941,,,,,
2019-01-04,3792.01,3767.2,3823.64,3703.57,1802580751.1774127,3792.01,,154.58193969726562,1282.699951171875,2.65149998664856,,4058378.0,,7105936.79878141,444148186.0,41615985.2733756,,,,,
2019-01-05,3770.96,3790.09,3840.99,3751.0,1708220861.7368076,3770.96,,155.6385955810547,1282.699951171875,2.65149998664856,,4058378.0,,7716639.758890729,654830313.0,45526212.0775854,,,,,
2019-01-06,3987.6,3771.12,4027.71,3740.0,1897395192.1689453,3987.6,,157.74620056152344,1282.699951171875,2.65149998664856,,4058378.0,,7073829.160911663,655780524.0,39381569.9566843,,,,,
2019-01-07,3975.45,3987.62,4017.9,3921.53,1986215913.3014088,3975.45,,151.69921875,1286.800048828125,2.6410000324249268,,4058378.0,,7031791.114662082,665973024.0,39381569.9566843,,,,,
2019-01-08,3955.13,3976.76,4069.8,3903.0,1920924128.267815,3955.13,,150.35963439941406,1283.199951171875,2.6605000495910645,,4058378.0,,8394211.525375845,675930959.0,47202023.5651039,,,,,
2019-01-09,3966.65,3955.45,4006.81,3930.04,1910517552.3255663,3966.65,,150.80311584472656,1289.300048828125,2.6619999408721924,,4056563.0,,8163563.121162945,683973309.0,45805513.9921718,,,,,
2019-01-10,3585.88,3966.06,3996.01,3540.0,2655903465.112867,3585.88,,128.62518310546875,1284.699951171875,2.6435000896453857,,4056563.0,,7066503.071756063,701285519.0,43571098.6754805,,,,,
2019-01-11,3601.31,3585.88,3658.0,3465.0,1755095236.1479373,3601.31,,127.54832458496094,1287.0999755859375,2.6695001125335693,,4056563.0,,6720771.216904329,703271358.0,41336683.3587892,,,,,
2019-01-12,3583.13,3601.31,3618.19,3530.0,1400828113.373099,3583.13,,125.9665298461914,1287.0999755859375,2.6695001125335693,,4056563.0,,6207302.697819248,712337923.0,38543664.212925,,,,,
2019-01-13,3476.81,3584.1,3611.1,3441.3,1413435002.2198875,3476.81,,116.8978042602539,1287.0999755859375,2.6695001125335693,,4056563.0,,5986612.833113984,722140778.0,38264362.2983386,,,,,
2019-01-14,3626.09,3477.56,3671.87,3467.02,1838570502.2758155,3626.09,,129.0687255859375,1289.0999755859375,2.6454999446868896,,4056563.0,,6794489.932035221,729353456.0,43489353.9009638,,,,,
2019-01-15,3553.06,3626.08,3648.42,3516.62,1886625052.41646,3553.06,,122.03271484375,1286.199951171875,2.650500059127808,,4056563.0,,5886872.051278688,729419513.0,38609293.9848548,,,,,
2019-01-16,3591.84,3553.06,3645.0,3543.51,1627764567.255509,3591.84,,123.54706573486328,1291.5999755859375,2.69350004196167,,4050044.0,,5981088.675035453,727053135.0,38901788.6362552,,,,,
2019-01-17,3616.21,3591.84,3634.7,3530.39,1695001194.35384,3616.21,,123.7419204711914,1291.0,2.700000047683716,,4050044.0,,5748307.783818846,683920960.0,37146820.7278527,,,,,
2019-01-18,3594.87,3613.32,3620.0,3565.75,1506301011.3708372,3594.87,,121.01026153564452,1281.300048828125,2.740999937057495,,4050044.0,,6206193.3593035,683957819.0,40364261.8932572,,,,,
2019-01-19,3665.3,3594.87,3720.0,3594.23,1497094594.3512197,3665.3,,124.5190200805664,1281.300048828125,2.740999937057495,,4050044.0,,6109001.337800283,690991476.0,38901788.6362552,,,,,
2019-01-20,3539.28,3665.75,3693.73,3475.0,1531743437.6809328,3539.28,,119.4748306274414,1281.300048828125,2.740999937057495,,4050044.0,,6945616.27966803,695763164.0,45921660.2698651,,,,,
2019-01-21,3526.9,3539.26,3559.51,3475.5,1455939828.0465517,3526.9,,117.15785217285156,1281.300048828125,2.740999937057495,,4050044.0,,6620632.842749863,695710410.0,43874197.7100622,,,,,
2019-01-22,3570.93,3526.88,3608.5,3434.85,1602645352.3687634,3570.93,,118.74755096435548,1282.5,2.688999891281128,,4050044.0,,5803308.725650915,697109912.0,38024304.6820539,,,,,
2019-01-23,3552.82,3570.41,3607.98,3514.5,1592585046.9252386,3552.82,,117.45260620117188,1283.0999755859375,2.694000005722046,,4047052.0,,6489152.504603781,700102402.0,42704219.1044605,,,,,
2019-01-24,3569.62,3552.97,3589.0,3529.22,1479499617.6074247,3569.62,,117.36288452148438,1279.0999755859375,2.673500061035156,,4047052.0,,7220425.059349486,681266676.0,47384133.5268671,,,,,
2019-01-25,3565.29,3569.07,3587.15,3522.51,1494139436.175147,3565.29,,116.37834167480467,1297.4000244140625,2.73799991607666,,4047052.0,,6149318.669517198,692136757.0,40364261.8932572,,,,,
2019-01-26,3565.25,3566.69,3662.94,3545.0,1507915143.3515582,3565.25,,116.48873901367188,1297.4000244140625,2.73799991607666,,4047052.0,,6681777.306410901,693714777.0,43874197.7100622,,,,,
2019-01-27,3550.84,3565.62,3579.0,3486.0,1623574594.4770415,3550.84,,113.40528869628906,1297.4000244140625,2.73799991607666,,4047052.0,,6084720.878934751,691859657.0,40071767.2418568,,,,,
2019-01-28,3434.15,3550.05,3557.75,3380.27,2160153414.545131,3434.15,,106.58997344970705,1302.4000244140625,2.6875,,4047052.0,,6220890.89879603,697754834.0,42053315.6218028,,,,,
2019-01-29,3411.04,3434.0,3443.45,3349.92,1582728763.0282683,3411.04,,105.59821319580078,1308.199951171875,2.7320001125335693,,4047052.0,,6229410.256930881,682390507.0,42201068.2451955,,,,,
2019-01-30,3458.18,3410.04,3478.0,3387.1,1695966856.5370593,3458.18,,108.90753936767578,1309.9000244140625,2.7730000019073486,,4039678.0,,5878400.503599163,677786351.0,39310584.1188122,,,,,
2019-01-31,3434.1,3457.5,3489.2,3418.8,1475900264.7193997,3434.1,,107.0610122680664,1319.699951171875,2.7890000343322754,,4039678.0,,6649390.798362367,675829465.0,44802503.9589404,,,,,
2019-02-01,3462.07,3434.1,3488.0,3401.2,1389485098.025677,3462.07,,107.60978698730467,1316.9000244140625,2.775000095367432,14506.3,4039678.0,,6842368.041435258,654356448.0,45669649.1968553,,,,,
2019-02-02,3504.77,3462.2,3526.4,3440.29,1174253392.6825018,3504.77,,110.43025970458984,1316.9000244140625,2.775000095367432,14506.3,4039678.0,,6275846.909264446,654321153.0,41622971.4199188,,,,,
2019-02-03,3458.11,3504.06,3511.09,3426.0,1229608515.6116204,3458.11,,107.49266815185548,1316.9000244140625,2.775000095367432,14506.3,4039678.0,,5958194.580598454,652487616.0,39888680.9440889,,,,,
2019-02-04,3463.22,3458.11,3484.88,3433.31,1357962973.4966345,3463.22,,107.82160186767578,1314.300048828125,2.7950000762939453,14506.3,4039678.0,,6365106.447532245,652767897.0,42490116.6578338,,,,,
2019-02-05,3471.59,3463.22,3478.97,3448.43,1303945713.9760077,3471.59,,107.44351959228516,1314.199951171875,2.816999912261963,14506.3,4039678.0,,6375931.469133128,641272240.0,42490116.6578338,,,,,
2019-02-06,3405.37,3471.57,3482.72,3380.0,1564479780.0299337,3405.37,,104.9192886352539,1309.5,2.8355000019073486,14506.3,4026350.0,,6981965.565576291,640829987.0,47403939.6726853,,,,,
2019-02-07,3398.4,3407.0,3426.45,3390.0,1212718503.2310705,3398.4,,104.5353012084961,1309.4000244140625,2.8285000324249268,14506.3,4026350.0,,7381981.870185238,638808447.0,50294423.7990685,,,,,
2019-02-08,3659.04,3398.4,3733.58,3373.1,2398773308.8649554,3659.04,,119.26774597167967,1313.699951171875,2.809999942779541,14506.3,4026350.0,,7465974.784167666,625143428.0,47114891.260047,,,,,
2019-02-09,3665.18,3660.27,3680.02,3625.13,1609019253.0384743,3665.18,,119.4308853149414,1313.699951171875,2.809999942779541,14506.3,4026350.0,,6876390.495543657,609658472.0,43357261.8957488,,,,,
2019-02-10,3680.06,3665.18,3684.99,3609.76,1694911505.6508596,3680.06,,124.80648803710938,1313.699951171875,2.809999942779541,14506.3,4026350.0,,6432460.350968276,609536432.0,41080343.9102215,,,,,
2019-02-11,3631.05,3679.75,3684.9,3615.53,1688605829.7158196,3631.05,,121.29839324951172,1307.0,2.7915000915527344,14506.3,4026350.0,,6581993.228260539,608239185.0,43691361.6410391,,,,,
2019-02-12,3631.46,3631.05,3667.6,3582.34,1729787530.74928,3631.46,,122.5722885131836,1309.199951171875,2.774499893188477,14506.3,4026350.0,,5814344.074793803,608620489.0,38568926.1382966,,,,,
2019-02-13,3609.4,3631.51,3670.0,3591.75,1891935882.289472,3609.4,,122.55360412597656,1310.800048828125,2.7739999294281006,14506.3,4028431.0,,6904244.097233774,607356836.0,46101919.5246827,,,,,
2019-02-14,3590.56,3608.34,3626.4,3568.11,1580980222.9606445,3590.56,,121.39020538330078,1309.800048828125,2.776000022888184,14506.3,4028431.0,,6326778.974716403,591692146.0,42486082.6992174,,,,,
2019-02-15,3602.47,3590.57,3653.23,3573.45,1533411893.591742,3602.47,,122.1003875732422,1318.0999755859375,2.802500009536743,14506.3,4028431.0,,5716951.341342516,592321753.0,38267606.4028412,,,,,
2019-02-16,3618.41,3602.49,3648.2,3597.91,1323817208.8974152,3618.41,,123.26021575927734,1318.0999755859375,2.802500009536743,14506.3,4028431.0,,6792359.349515756,591965383.0,45197960.3183164,,,,,
2019-02-17,3667.58,3617.22,3700.11,3604.4,1699120996.702755,3667.58,,133.598876953125,1318.0999755859375,2.802500009536743,14506.3,4028431.0,,7284337.617466441,591503897.0,47909837.9374153,,,,,
2019-02-18,3898.6,3667.62,3925.0,3655.0,2575638527.976808,3898.6,,146.09837341308594,1318.0999755859375,2.802500009536743,14506.3,4028431.0,,7530132.888420603,590934210.0,46704558.9955936,,,,,
2019-02-19,3907.79,3897.35,3994.52,3856.0,2728861512.569226,3907.79,,145.34619140625,1340.0999755859375,2.881500005722046,14506.3,4028431.0,,7634269.443990244,589486161.0,47005878.731049,,,,,
2019-02-20,3969.74,3907.35,3986.98,3870.66,2252152009.148557,3969.74,,149.55433654785156,1343.300048828125,2.930000066757202,14506.3,3981420.0,,6462314.473109623,591095128.0,39171565.6092075,,,,,
2019-02-21,3937.31,3969.74,4016.48,3901.03,2039263589.343964,3937.31,,146.13084411621094,1323.5,2.9024999141693115,14506.3,3981420.0,,5853035.220918542,590970550.0,35857048.5191977,,,,,
2019-02-22,3962.0,3937.31,3988.0,3926.65,1926785017.4546125,3962.0,,149.0924530029297,1329.199951171875,2.9609999656677246,14506.3,3981420.0,,8046623.678618653,573700500.0,48813797.1437817,,,,,
2019-02-23,4117.76,3962.0,4162.02,3933.15,2378832460.251555,4117.76,,158.79542541503906,1329.199951171875,2.9609999656677246,14506.3,3981420.0,,7356166.544132942,606113950.0,43088722.1701283,,,,,
2019-02-24,3743.56,4118.0,4198.0,3712.66,3555314306.4479766,3743.56,,135.8526611328125,1329.199951171875,2.9609999656677246,14506.3,3981420.0,,6409663.071224422,605561864.0,41300825.1419887,,,,,
2019-02-25,3827.92,3743.56,3872.66,3740.0,2515364742.194934,3827.92,,139.82286071777344,1325.9000244140625,2.950000047683716,14506.3,3981420.0,,6836621.763788085,604284342.0,43162133.9136362,,,,,
2019-02-26,3809.23,3828.44,3841.51,3777.0,2162203747.4515667,3809.23,,138.0896759033203,1325.0999755859375,2.944000005722046,14506.3,3981420.0,,7666034.671547562,603057521.0,48595129.7908771,,,,,
2019-02-27,3818.07,3809.31,3838.85,3677.17,2320174906.935186,3818.07,,136.12596130371094,1317.699951171875,2.9590001106262207,14506.3,3974590.0,,6721078.534440788,605325252.0,42558467.7050539,,,,,
2019-02-28,3813.69,3818.04,3888.0,3763.87,2315574885.018615,3813.69,,136.74624633789062,1312.800048828125,2.950000047683716,14506.3,3974590.0,,7154264.264109355,606146211.0,45274965.6436743,,,,,
2019-03-01,3823.0,3814.26,3857.0,3813.01,1808774090.3329809,3823.0,,136.44361877441406,1296.4000244140625,2.933500051498413,14557.5,3974590.0,,7726901.728343571,602767971.0,48896962.8951683,,,,,
2019-03-02,3819.93,3822.17,3841.31,3772.25,1668369638.8971562,3819.93,,134.2069549560547,1296.4000244140625,2.933500051498413,14557.5,3974590.0,,6302415.4554612525,607580896.0,39841969.7664334,,,,,
2019-03-03,3807.75,3819.97,3835.0,3781.32,1663126604.2380106,3807.75,,132.24942016601562,1296.4000244140625,2.933500051498413,14557.5,3974590.0,,6947691.549681259,612988542.0,44067633.2265097,,,,,
2019-03-04,3715.3,3807.32,3830.0,3670.69,2623976795.5736,3715.3,,127.7741241455078,1284.800048828125,2.9110000133514404,14557.5,3974590.0,,6358191.333122498,612179774.0,41351135.2878892,,,,,
2019-03-05,3857.73,3716.1,3877.1,3703.55,2931804054.679701,3857.73,,137.8223876953125,1282.0,2.936000108718872,14557.5,3974590.0,,7175209.85252546,615607495.0,44973132.5393832,,4.0,,,
2019-03-06,3861.84,3857.58,3907.0,3813.09,2642347162.491689,3861.84,,138.7893524169922,1284.9000244140625,2.9184999465942383,14557.5,3969134.0,,6176817.219809089,615290270.0,38634637.3492687,,0.0,,,
2019-03-07,3873.64,3861.84,3905.4,3840.4,2693199399.862058,3873.64,,138.0345001220703,1283.800048828125,2.9114999771118164,14557.5,3969134.0,,6872156.115139651,614420576.0,42860300.809345,,14.0,,,
2019-03-08,3864.89,3873.63,3932.0,3800.0,3434439046.0272098,3864.89,,135.1270751953125,1297.0,2.8940000534057617,14557.5,3969134.0,,7047929.7359979525,603849103.0,44067633.2265097,,4.0,,,
2019-03-09,3943.04,3864.88,3971.75,3854.75,3023123374.4496613,3943.04,,137.96533203125,1297.0,2.8940000534057617,14557.5,3969134.0,,6799261.5063938,609800399.0,41652968.3921804,,32.0,,,
2019-03-10,3916.82,3943.43,3943.43,3881.69,2499810800.026685,3916.82,,136.75868225097656,1297.0,2.8940000534057617,14557.5,3969134.0,,6670051.640970943,610240445.0,41044308.6239489,,90.0,,,
2019-03-11,3871.61,3915.99,3936.98,3830.0,2592290533.402466,3871.61,,133.8340301513672,1288.800048828125,2.900000095367432,14557.5,3969134.0,,6852137.633300957,610275826.0,42839445.3543402,,21.0,,,
2019-03-12,3882.73,3871.61,3905.2,3826.06,2643285831.4137053,3882.73,,134.44288635253906,1296.300048828125,2.927500009536743,14557.5,3969134.0,,6929209.524298924,613900603.0,43141131.5892299,,13.0,,,
2019-03-13,3866.0,3882.69,3893.56,3840.0,2432186409.4621053,3866.0,,133.26307678222656,1307.5,2.933500051498413,14557.5,3971559.0,,6523567.508244485,615403884.0,40727641.7101121,,11.0,,,
2019-03-14,3877.12,3866.0,3920.0,3810.43,2548448144.6085825,3877.12,,133.7115936279297,1293.4000244140625,2.888499975204468,14557.5,3971559.0,,7511103.74681386,614694407.0,46761366.4079065,,29.0,,,
2019-03-15,3923.76,3877.12,3939.22,3872.2,2881803221.470509,3923.76,,137.69178771972656,1301.800048828125,2.9035000801086426,14557.5,3971559.0,,7507443.358684989,615516974.0,46157993.938127,,12.0,,,
2019-03-16,4005.98,3924.46,4056.98,3921.98,2716931748.367651,4005.98,,142.39817810058594,1301.800048828125,2.9035000801086426,14557.5,3971559.0,,8165708.032530962,614617572.0,49174856.2870242,,23.0,,,
2019-03-17,3981.14,4005.98,4012.0,3950.01,2045220740.56957,3981.14,,140.00054931640625,1301.800048828125,2.9035000801086426,14557.5,3971559.0,,7265306.941135928,614554055.0,44046190.293899,,15.0,,,
2019-03-18,3987.81,3981.85,4037.0,3953.33,2459518608.1264286,3987.81,,139.37460327148438,1300.300048828125,2.9035000801086426,14557.5,3971559.0,,8023247.624267863,613285603.0,48571483.8172448,,4.0,,,
2019-03-19,4015.53,3987.83,4031.0,3970.0,2286753384.7752705,4015.53,,140.51919555664062,1305.0,2.9195001125335693,14557.5,3971559.0,,8729529.90832644,618037490.0,52493404.8708111,,3.0,,,
2019-03-20,4043.04,4017.48,4050.0,3980.5,2550666335.673681,4043.04,,140.6863555908203,1300.5,2.915499925613404,14557.5,3962748.0,,8141714.924938334,618883472.0,48571483.8172448,,4.0,,,
2019-03-21,3980.64,4043.04,4069.32,3880.01,2812780560.9326,3980.64,,136.6360626220703,1306.0999755859375,2.900000095367432,14557.5,3962748.0,,7120180.534069031,618601709.0,43141131.5892299,,6.0,,,
2019-03-22,3986.93,3980.85,4008.0,3968.25,2276630957.633429,3986.93,,137.1814422607422,1311.5999755859375,2.8359999656677246,14557.5,3962748.0,,8028181.463571116,624428537.0,48571483.8172448,,24.0,,,
2019-03-23,4006.01,3987.89,4018.83,3978.01,2431982669.935404,4006.01,,138.2398681640625,1311.5999755859375,2.8359999656677246,14557.5,3962748.0,,7266213.512695501,625170762.0,43744504.0590093,,3.0,,,
2019-03-24,3992.18,4006.01,4006.02,3950.0,2356293606.0935936,3992.18,,136.98692321777344,1311.5999755859375,2.8359999656677246,14557.5,3962748.0,,7487615.438361664,625342876.0,47567250.8442935,,2.0,,,
2019-03-25,3936.12,3991.35,3999.3,3888.71,3111857109.943448,3936.12,,135.03102111816406,1321.9000244140625,2.8494999408721924,14557.5,3962748.0,,7266017.998564661,625449175.0,46933020.8330363,,3.0,,,
2019-03-26,3948.55,3935.47,3958.98,3894.0,2899220708.4773617,3948.55,,135.46035766601562,1314.300048828125,2.8505001068115234,14557.5,3962748.0,,6597255.06978789,625647103.0,42493410.7542356,,0.0,,,
2019-03-27,4038.05,3948.77,4048.0,3936.15,3253458364.583326,4038.05,,140.9881591796875,1309.9000244140625,2.8580000400543213,14557.5,3955617.0,,7517349.709627427,624631588.0,47250135.8386649,,3.0,,,
2019-03-28,4027.81,4039.58,4039.7,4002.0,2698129575.487148,4027.81,,139.41647338867188,1289.800048828125,2.868499994277954,14557.5,3955617.0,,7351814.124652788,624986599.0,46298790.821779,,5.0,,,
2019-03-29,4103.25,4028.22,4123.71,4024.03,3120013399.1021647,4103.25,,142.49742126464844,1293.0,2.936000108718872,14557.5,3955617.0,,7539855.754356912,622111924.0,46615905.8274077,,5.0,,,
2019-03-30,4106.97,4104.24,4140.0,4052.0,2624565637.405928,4106.97,,142.09268188476562,1293.0,2.936000108718872,14557.5,3955617.0,,7130450.532067692,621645825.0,44078985.7823787,,5.0,,,
2019-03-31,4103.95,4106.99,4116.12,4082.57,2457546181.1039343,4103.95,,141.51409912109375,1293.0,2.936000108718872,14557.5,3955617.0,,7129869.020729455,621420321.0,44078985.7823787,,3.0,,,
2019-04-01,4144.56,4102.44,4158.7,4067.0,3175535318.5270114,4144.56,,141.830322265625,1288.4000244140625,2.9205000400543213,14594.7,3955617.0,,7048747.277101265,622968688.0,43127640.7654928,,1.0,,,
2019-04-02,4857.29,4144.54,4897.99,4140.54,7055370801.2478695,4857.29,,163.9617462158203,1290.0,2.9040000438690186,14594.7,3955617.0,,9542127.21449256,624448679.0,49787055.8836939,,28.0,,,
2019-04-03,4932.6,4857.19,5275.01,4753.5,8270041432.147152,4932.6,,161.45880126953125,1289.9000244140625,2.946500062942505,14594.7,3935509.0,,8796601.48763247,627691024.0,45030330.7992646,,51.0,,,
2019-04-04,4898.66,4932.59,5039.08,4777.0,6313360590.920734,4898.66,,158.0525360107422,1289.0,2.908499956130981,14594.7,3935509.0,,8573287.719120748,627290349.0,44396100.7880073,,13.0,,,
2019-04-05,5004.95,4898.64,5028.22,4880.62,4938304518.044882,5004.95,,165.5148468017578,1290.4000244140625,2.8924999237060547,14594.7,3935509.0,,9904537.758105315,627002833.0,50104170.8893225,,10.0,,,
2019-04-06,5043.89,5004.96,5205.0,4928.59,4600058391.398358,5043.89,,165.94720458984375,1290.4000244140625,2.8924999237060547,14594.7,3935509.0,,8760247.519355943,628547310.0,44084457.1991955,,14.0,,,
2019-04-07,5170.27,5042.07,5234.0,5026.0,4874460338.658574,5170.27,,174.53164672851562,1290.4000244140625,2.8924999237060547,14594.7,3935509.0,,9124423.51988151,628758178.0,44809649.5150318,,12.0,,,
2019-04-08,5236.9,5170.27,5305.0,5039.0,5842736883.674873,5236.9,,180.25881958007807,1297.0999755859375,2.929500102996826,14594.7,3935509.0,,9743755.336475125,628873383.0,47034242.0441469,,13.0,,,
2019-04-09,5150.0,5238.38,5238.4,5076.68,5240345052.169924,5150.0,,176.1145782470703,1303.5,2.93149995803833,14594.7,3935509.0,,8534089.18685353,648109170.0,41949459.1204553,,14.0,,,
2019-04-10,5308.25,5150.0,5422.0,5135.0,5360092885.738584,5308.25,,177.3374786376953,1309.0999755859375,2.922499895095825,14594.7,3936784.0,,9821475.513854226,664932384.0,47034242.0441469,,22.0,,,
2019-04-11,5017.37,5307.86,5332.67,4927.0,5647378750.395648,5017.37,,165.4970245361328,1288.5999755859375,2.885999917984009,14594.7,3936784.0,,9906294.081237484,703567760.0,49894432.4387234,,16.0,,,
2019-04-12,5048.01,5017.37,5080.58,4861.22,4517697133.710699,5048.01,,164.736328125,1290.5999755859375,2.946000099182129,14594.7,3936784.0,,9593152.975198288,707442216.0,47987638.842339,,8.0,,,
2019-04-13,5045.22,5047.0,5099.0,5004.0,3488149286.0531216,5045.22,,164.5133514404297,1290.5999755859375,2.946000099182129,14594.7,3936784.0,,8560665.885382663,726704404.0,42902855.9186475,,3.0,,,
2019-04-14,5131.3,5047.45,5152.99,5000.0,3564080816.0327435,5131.3,,167.83851623535156,1290.5999755859375,2.946000099182129,14594.7,3936784.0,,7852704.60151715,722034535.0,38771469.7931481,,7.0,,,
2019-04-15,5024.95,5131.28,5167.38,4950.0,4197556262.798821,5024.95,,161.5741729736328,1286.800048828125,2.934000015258789,14594.7,3936784.0,,9134784.344045475,724526785.0,46080845.2459547,,6.0,,,
2019-04-16,5173.72,5024.95,5197.72,5003.94,3741656542.1812353,5173.72,,167.62344360351562,1272.5999755859375,2.930500030517578,14594.7,3936784.0,,9449647.058243789,743259521.0,46080845.2459547,,6.0,,,
2019-04-17,5202.82,5173.72,5230.4,5146.8,4116604870.712616,5202.82,,166.9507598876953,1272.199951171875,2.9755001068115234,14594.7,3931827.0,,9002701.084413322,749825909.0,43856252.7168397,,10.0,,,
2019-04-18,5258.44,5202.41,5287.0,5198.8,4339302813.489449,5258.44,,173.81402587890625,1271.9000244140625,2.927500009536743,14594.7,3931827.0,,9824253.56233924,803454412.0,47352040.9768776,,26.0,,,
2019-04-19,5258.68,5258.44,5320.0,5175.0,4009531089.233407,5258.68,,173.70843505859375,1271.9000244140625,2.927500009536743,14594.7,3931827.0,,10032673.4443277,803218947.0,48305437.7750698,,18.0,,,
2019-04-20,5291.73,5258.68,5333.42,5230.1,3871003656.702,5291.73,,173.7512664794922,1271.9000244140625,2.927500009536743,14594.7,3931827.0,,8691341.037878323,814018492.0,41631660.1877246,,13.0,,,
2019-04-21,5256.14,5292.91,5314.35,5165.0,4172601078.677143,5256.14,,170.04652404785156,1271.9000244140625,2.927500009536743,14594.7,3931827.0,,10755108.801606042,808645294.0,51189192.6714095,,19.0,,,
2019-04-22,5357.14,5257.41,5400.0,5208.35,4452510954.350849,5357.14,,171.87466430664062,1273.5,2.906500101089477,14594.7,3931827.0,,9013067.4475391,821225835.0,42318655.5416624,,4.0,,,
2019-04-23,5493.31,5357.14,5600.0,5332.41,4815222602.9159775,5493.31,,171.4477996826172,1269.300048828125,2.8984999656677246,14594.7,3931827.0,,8058992.305035699,818282255.0,36634060.0211406,,4.0,,,
2019-04-24,5415.0,5490.91,5582.2,5333.35,5702097618.790031,5415.0,,165.8260955810547,1275.5,2.9175000190734863,14594.7,3928273.0,,11108657.322541203,882796565.0,51477170.5469476,,8.0,,,
2019-04-25,5219.9,5415.0,5491.84,5102.0,5367230893.78297,5219.9,,154.4593963623047,1275.800048828125,2.877500057220459,14594.7,3928273.0,,9300520.87023114,934910028.0,45160953.3019233,,9.0,,,
2019-04-26,5314.1,5220.47,5510.0,5161.62,5224066353.525791,5314.1,,156.3470916748047,1284.9000244140625,2.970000028610229,14594.7,3928273.0,,9995911.816591011,990943666.0,47687440.199933,,7.0,,,
2019-04-27,5295.69,5315.0,5342.5,5257.67,3688429848.07378,5295.69,,158.4349365234375,1284.9000244140625,2.970000028610229,14594.7,3928273.0,,9002574.486736815,1002148324.0,43266088.128416,,2.0,,,
2019-04-28,5307.52,5295.69,5340.0,5259.48,3556862840.816084,5307.52,,157.29507446289062,1284.9000244140625,2.970000028610229,14594.7,3928273.0,,10712774.120311197,1040488237.0,51477170.5469476,,4.0,,,
2019-04-29,5238.14,5309.81,5332.0,5178.8,4293976845.782416,5238.14,,155.20199584960938,1278.5999755859375,2.8949999809265137,14594.7,3928273.0,,10594500.829948043,1042715272.0,51477170.5469476,,4.0,,,
2019-04-30,5320.81,5238.14,5339.98,5192.15,4179701274.304256,5320.81,,162.16603088378906,1282.800048828125,2.90149998664856,14594.7,3928273.0,,9262406.955483597,1062413404.0,44213520.7151697,,2.0,,,
2019-05-01,5383.2,5321.94,5402.0,5316.2,3724663984.3601217,5383.2,,160.81834411621094,1281.4000244140625,2.802999973297119,14704.4,3889691.0,,11445429.285371857,1071777423.0,54003657.4449573,,6.0,,,
2019-05-02,5492.87,5383.2,5538.0,5370.0,3992480720.731401,5492.87,,162.12278747558594,1269.699951171875,2.7839999198913574,14704.4,3889691.0,,12536625.227118764,1080601807.0,58109198.654223,,12.0,,,
2019-05-03,5772.69,5494.81,5844.0,5477.57,5862627416.982927,5772.69,,167.95240783691406,1279.199951171875,2.825000047683716,14704.4,3889691.0,,10889836.88925244,1092142048.0,48003251.0621842,,57.0,,,
2019-05-04,5829.45,5770.62,5900.0,5587.45,5249991967.954247,5829.45,,164.02658081054688,1279.199951171875,2.825000047683716,14704.4,3889691.0,,9576506.459929908,1105794458.0,43092854.4112328,,40.0,,,
2019-05-05,5775.62,5829.83,5839.9,5696.0,4242995075.8933983,5775.62,,163.45069885253906,1279.199951171875,2.825000047683716,14704.4,3889691.0,,9270784.595992295,1112114244.0,42978500.6950409,,86.0,,,
2019-05-06,5747.79,5773.18,5805.0,5619.14,4440742066.03815,5747.79,,172.65321350097656,1281.699951171875,2.836999893188477,14704.4,3889691.0,,10788491.594136031,1115395260.0,50308167.4802416,,167.0,,,
2019-05-07,5846.34,5749.92,6028.41,5747.74,5678711114.491751,5846.34,,169.7986602783203,1283.5,2.7939999103546143,14704.4,3889691.0,,9272672.861897066,1121691164.0,42312167.3509317,,87.0,,,
2019-05-08,5987.29,5846.34,6014.72,5772.2,4427156989.715247,5987.29,,170.9481658935547,1279.4000244140625,2.7855000495910645,14704.4,3892216.0,,11319927.792430973,1125786369.0,50641334.1522962,,57.0,,,
2019-05-09,6209.18,5986.66,6224.55,5983.71,4958344415.315497,6209.18,,170.289306640625,1283.5,2.783499956130981,14704.4,3892216.0,,11565504.368246736,1135138152.0,49975000.808187,,64.0,,,
2019-05-10,6373.33,6209.95,6468.92,6172.0,5736862853.995499,6373.33,,173.1427459716797,1285.699951171875,2.7850000858306885,14704.4,3892216.0,,9953490.247824771,1076319276.0,41645834.0068226,,124.0,,,
2019-05-11,7076.22,6375.16,7343.99,6372.85,9700309093.7716,7076.22,,194.3043365478516,1285.699951171875,2.7850000858306885,14704.4,3892216.0,,11794674.58106474,1088874256.0,43311667.3670955,,186.0,,,
2019-05-12,6967.31,7076.24,7521.78,6750.0,9490448328.785303,6967.31,,187.3253173828125,1285.699951171875,2.7850000858306885,14704.4,3892216.0,,13733658.99245807,1089565749.0,52640334.1846237,,238.0,,,
2019-05-13,7790.71,6968.24,8100.0,6870.0,9237970548.840956,7790.71,,196.8462829589844,1300.0999755859375,2.7295000553131104,14704.4,3892216.0,,16294986.69330911,1092011212.0,55638834.2331149,,328.0,,,
2019-05-14,7947.56,7795.62,8366.0,7599.56,9715212704.748672,7947.56,,217.1485748291016,1294.699951171875,2.734499931335449,14704.4,3892216.0,,15181105.551715244,1113744644.0,50641334.1522962,,215.0,,,
2019-05-15,8169.87,7945.26,8249.0,7850.0,8679770861.225466,8169.87,,247.153060913086,1296.300048828125,2.753499984741211,14704.4,3864749.0,,15258015.596298091,1111501205.0,49641834.1361325,,456.0,,,
2019-05-16,7866.59,8169.08,8320.0,7705.0,9428160402.27485,7866.59,,264.010009765625,1285.0,2.758500099182129,14704.4,3864749.0,,14373541.58913508,1121677039.0,48642334.1199687,,177.0,,,
2019-05-17,7355.26,7868.67,7925.0,6913.0,9900057854.541409,7355.26,,243.7645874023437,1274.5,2.747999906539917,14704.4,3864749.0,,13860613.62539513,1128132598.0,50308167.4802416,,410.0,,,
2019-05-18,7257.45,7355.28,7458.0,7156.61,6444153546.733772,7257.45,,234.59523010253903,1274.5,2.747999906539917,14704.4,3864749.0,,13962502.9903276,1131110418.0,50987355.5821806,,162.0,,,
2019-05-19,8148.48,7257.32,8275.09,7243.08,7804693332.436985,8148.48,,261.2922058105469,1274.5,2.747999906539917,14704.4,3864749.0,,16643788.78043436,1134388171.0,54326123.0260991,,338.0,,,
2019-05-20,7938.15,8147.94,8156.03,7553.0,7275371325.653312,7938.15,,251.86441040039065,1276.0999755859375,2.736000061035156,14704.4,3864749.0,,16053414.072210532,1138858839.0,53659544.8294598,,345.0,,,
2019-05-21,7904.87,7937.16,8042.32,7771.0,6756936295.986686,7904.87,,255.21588134765625,1272.0,2.7235000133514404,14704.4,3864749.0,,15220374.06861858,1158598420.0,50993232.0429028,,210.0,,,
2019-05-22,7628.43,7904.48,8016.0,7465.0,6938387104.757019,7628.43,,244.69891357421875,1273.5999755859375,2.686000108718872,14704.4,3860435.0,,16002350.932377504,1184040501.0,55659279.4193776,,304.0,,,
2019-05-23,7851.51,7627.8,7940.98,7461.0,6626821904.681643,7851.51,,245.9656677246093,1284.800048828125,2.686500072479248,14704.4,3860435.0,,15527080.265119229,1199612289.0,52659677.5345009,,111.0,,,
2019-05-24,7964.87,7849.95,8130.0,7766.0,7156110960.385207,7964.87,,249.4849853515625,1283.0,2.7065000534057617,14704.4,3860435.0,,15256480.837720016,1216295060.0,50993232.0429028,,147.0,,,
2019-05-25,8025.41,7964.52,8091.8,7908.34,5895785328.358801,8025.41,,251.75987243652344,1283.0,2.7065000534057617,14704.4,3860435.0,,14065848.005755996,1256999696.0,46660473.7647477,,85.0,,,
2019-05-26,8614.43,8023.0,8740.0,7833.42,7816013019.991216,8614.43,,267.06964111328125,1283.0,2.7065000534057617,14704.4,3860435.0,,17801603.691803332,1276341413.0,54992701.2227383,,216.0,,,
2019-05-27,8756.32,8612.54,8908.32,8589.0,7991976310.184301,8756.32,,272.8626403808594,1283.0,2.7065000534057617,14704.4,3860435.0,,18403470.79742369,1285955527.0,55659279.4193776,,240.0,,,
2019-05-28,8715.64,8752.52,8798.49,8510.63,7250917279.473068,8715.64,,271.7687072753906,1276.5,2.7035000324249268,14704.4,3860435.0,,17890305.126435675,1292142217.0,54659412.1244187,,134.0,,,
2019-05-29,8645.68,8716.87,8750.0,8406.6,6878801218.475115,8645.68,,269.4556884765625,1280.5999755859375,2.672499895095825,14704.4,3851444.0,,18815223.357981063,1303396714.0,57992303.107615,,185.0,,,
2019-05-30,8269.54,8646.5,9074.26,8005.0,9385179878.593422,8269.54,,255.85894775390625,1287.0999755859375,2.6605000495910645,14704.4,3851444.0,,16621782.126114875,1327229143.0,53851726.7142329,,724.0,,,
2019-05-31,8555.0,8267.1,8594.0,8108.5,7156661511.071751,8555.0,,268.1135559082031,1305.800048828125,2.6459999084472656,14704.4,3851444.0,,12541882.791780457,1299144332.0,43386260.5763855,,249.0,,,
2019-06-01,8544.07,8555.0,8626.0,8442.36,6673315389.624515,8544.07,,265.3912658691406,1305.800048828125,2.6459999084472656,14802.8,3851444.0,,16146169.011773644,1313464759.0,55994233.7353351,,120.0,,,
2019-06-02,8725.98,8545.1,8814.78,8524.0,5627521469.232836,8725.98,,270.2255249023437,1305.800048828125,2.6459999084472656,14802.8,3851444.0,,14317817.705707336,1317003591.0,48577778.935953,,174.0,,,
2019-06-03,8115.82,8726.0,8800.95,8080.8,6448976644.998112,8115.82,,252.60792541503903,1322.699951171875,2.6554999351501465,14802.8,3851444.0,,12158278.733172627,1316849549.0,44127906.0563237,,429.0,,,
2019-06-04,7687.03,8115.66,8115.66,7481.02,6868270116.743961,7687.03,,241.3387908935547,1323.4000244140625,2.673500061035156,14802.8,3851444.0,,14790999.803233117,1325691446.0,57106701.9552424,,352.0,,,
2019-06-05,7776.5,7687.04,7896.7,7572.78,5857515969.8508215,7776.5,,247.051010131836,1328.300048828125,2.627000093460083,14802.8,3847645.0,,15624897.709464338,1336899661.0,59331638.395057,,224.0,,,
2019-06-06,7786.7,7778.08,7868.13,7444.58,5618300857.081687,7786.7,,249.47433471679688,1337.5999755859375,2.6540000438690186,14802.8,3847645.0,,15348955.648048688,1366078868.0,58219170.1751497,,154.0,,,
2019-06-07,7980.53,7787.57,8100.0,7737.49,5974228039.766264,7980.53,,250.93035888671875,1341.199951171875,2.630500078201294,14802.8,3847645.0,,15871313.614266353,1396849133.0,58589992.9151188,,140.0,,,
2019-06-08,7893.62,7978.94,8044.65,7751.0,3751663547.0895367,7893.62,,245.73809814453125,1341.199951171875,2.630500078201294,14802.8,3847645.0,,12310935.890299678,1411074947.0,45982019.7561692,,42.0,,,
2019-06-09,7628.13,7895.28,7935.0,7506.66,5456615665.394889,7628.13,,233.08670043945312,1341.199951171875,2.630500078201294,14802.8,3847645.0,,14090004.441193094,1411072481.0,54510942.7754586,,84.0,,,
2019-06-10,7982.75,7627.57,8020.0,7511.0,5751679633.066473,7982.75,,247.52012634277344,1324.699951171875,2.6640000343322754,14802.8,3847645.0,,15705357.59142959,1413081116.0,58219170.1751497,,311.0,,,
2019-06-11,7884.9,7981.0,8010.0,7692.23,5023974540.382101,7884.9,,245.7818298339844,1326.4000244140625,2.67549991607666,14802.8,3847645.0,,14117631.164419536,1452313817.0,53027651.8155822,,161.0,,,
2019-06-12,8127.64,7884.9,8200.0,7788.99,6002148237.29628,8127.64,,260.9032897949219,1331.9000244140625,2.6589999198913574,14802.8,3849955.0,,13337534.27317304,1484131188.0,48577778.935953,,308.0,,,
2019-06-13,8218.54,8127.64,8309.82,8010.03,6148422904.975033,8218.54,,256.1687927246094,1339.199951171875,2.6610000133514404,14802.8,3849955.0,,15529643.557052815,1529272018.0,55994233.7353351,,118.0,,,
2019-06-14,8650.0,8216.44,8684.41,8144.32,6045357219.271668,8650.0,,264.08746337890625,1340.0999755859375,2.634500026702881,14802.8,3849955.0,,18318555.13354588,1549833010.0,62251625.6357354,,219.0,,,
2019-06-15,8808.7,8650.88,8864.99,8567.63,4883732728.523354,8808.7,,269.0193176269531,1340.0999755859375,2.634500026702881,14802.8,3849955.0,,16093962.350151464,1570898412.0,53775192.2320143,,197.0,,,
2019-06-16,8953.33,8810.77,9333.0,8760.0,6874859177.878066,8953.33,,269.22320556640625,1340.0999755859375,2.634500026702881,14802.8,3849955.0,,14590505.455186248,1581984002.0,47882020.4805607,,935.0,,,
2019-06-17,9313.96,8953.0,9444.0,8950.0,5895633197.231662,9313.96,,274.3511047363281,1338.699951171875,2.651000022888184,14802.8,3849955.0,,15482643.540119488,1603688821.0,48986990.1839583,,463.0,,,
2019-06-18,9081.55,9312.13,9336.36,8950.0,5485329359.767072,9081.55,,265.0518493652344,1346.5999755859375,2.7070000171661377,14802.8,3849955.0,,18529069.307636414,1625834656.0,60036687.2179338,,160.0,,,
2019-06-19,9255.49,9081.97,9304.0,8960.0,4524370262.916084,9255.49,,269.4317932128906,1344.5999755859375,2.684499979019165,14802.8,3844016.0,,20545117.191781327,1631874880.0,65193212.5004558,,91.0,,,
2019-06-20,9517.12,9253.76,9590.0,9175.2,5482277277.992734,9517.12,,271.69500732421875,1392.9000244140625,2.7155001163482666,14802.8,3844016.0,,17186966.217470624,1628590499.0,53038545.7630826,,157.0,,,
2019-06-21,10159.86,9518.06,10174.99,9518.06,7055865041.787435,10159.86,,294.9102783203125,1396.199951171875,2.7060000896453857,14802.8,3844016.0,,16821772.594979666,1644134013.0,48986990.1839583,,676.0,,,
2019-06-22,10729.5,10159.86,11160.0,9921.72,11131447633.94154,10729.5,,309.3803100585937,1396.199951171875,2.7060000896453857,14802.8,3844016.0,,18867425.28605384,1656967405.0,51933576.0596851,,1851.0,,,
2019-06-23,10906.07,10729.0,11392.64,10555.18,7005279548.853773,10906.07,,307.8277893066406,1396.199951171875,2.7060000896453857,14802.8,3844016.0,,24539358.0379528,1658255867.0,66666505.4383192,,345.0,,,
2019-06-24,11056.59,10905.95,11143.63,10620.8,6130974446.331623,11056.59,,310.4246826171875,1414.300048828125,2.7054998874664307,14802.8,3844016.0,,24438280.30384036,1672735915.0,65193212.5004558,,625.0,,,
2019-06-25,11820.86,11056.59,11850.0,11026.0,8334816320.570718,11820.86,,318.1263122558594,1414.9000244140625,2.7355000972747803,14802.8,3844016.0,,21550366.324938446,1663372627.0,53775192.2320143,,635.0,,,
2019-06-26,13093.8,11821.28,13970.0,11741.0,17548416795.68263,13093.8,,336.753173828125,1411.5999755859375,2.7109999656677246,14802.8,3826817.0,,26804506.457001645,1681488564.0,60773333.6868655,,1750.0,,,
2019-06-27,11329.99,13098.38,13478.04,10525.1,16277059259.867603,11329.99,,294.26763916015625,1408.4000244140625,2.712500095367432,14802.8,3826817.0,,19842162.32178108,1682061436.0,55670540.6800857,,2353.0,,,
2019-06-28,12400.63,11329.99,12480.0,10982.88,11029423004.195868,12400.63,,311.2261047363281,1409.699951171875,2.7054998874664307,14802.8,3826817.0,,25167601.114297085,1701696246.0,64293187.5738047,,1412.0,,,
2019-06-29,11903.13,12407.06,12441.54,11475.02,9188137818.741362,11903.13,,320.05889892578125,1409.699951171875,2.7054998874664307,14802.8,3826817.0,,26040308.576205548,1733286636.0,68631991.6432025,,1632.0,,,
2019-06-30,10854.1,11903.13,12180.0,10766.03,8982636010.100576,10854.1,,290.69598388671875,1409.699951171875,2.7054998874664307,14802.8,3826817.0,,20687384.64519148,1763187100.0,59954383.5044069,,1732.0,,,
2019-07-01,10624.93,10854.1,11282.28,10030.0,9533147030.659096,10624.93,,293.64111328125,1385.5999755859375,2.679500102996826,14886.8,3826817.0,,19017295.24736484,1763015672.0,56404452.9021723,,1886.0,,,
2019-07-02,10842.85,10624.9,10938.75,9727.0,9496031465.782051,10842.85,,291.596435546875,1404.5999755859375,2.657500028610229,14886.8,3826817.0,,21374959.2522934,1783284463.0,62321003.9058966,,1164.0,,,
2019-07-03,11940.0,10844.98,11991.89,10841.04,9258559975.860884,11940.0,,303.0999755859375,1417.699951171875,2.679500102996826,14886.8,3813198.0,,25747620.39671043,1802850412.0,67843118.1760393,,1518.0,,,
2019-07-04,11145.67,11940.0,12000.0,11055.0,8226578836.767651,11145.67,,284.5232238769531,1417.699951171875,2.679500102996826,14886.8,3813198.0,,23441801.729923207,1860077290.0,65870934.5081312,,1927.0,,,
2019-07-05,10970.73,11145.67,11406.83,10796.44,7164295675.179047,10970.73,,287.9975280761719,1396.699951171875,2.658499956130981,14886.8,3813198.0,,25957375.42280702,1895879730.0,74548542.6469268,,1453.0,,,
2019-07-06,11256.49,10982.41,11665.0,10964.51,6770854215.04018,11256.49,,287.547119140625,1396.699951171875,2.658499956130981,14886.8,3813198.0,,25096834.9403212,1946429982.0,70209738.577529,,392.0,,,
2019-07-07,11406.24,11256.45,11538.0,11094.37,5692939385.670601,11406.24,,305.7005615234375,1396.699951171875,2.658499956130981,14886.8,3813198.0,,21872173.80349196,1964109342.0,60348820.2379885,,312.0,,,
2019-07-08,12238.6,11410.0,12338.03,11220.0,7035774750.207157,12238.6,,313.2514038085937,1397.0,2.6559998989105225,14886.8,3813198.0,,27279129.00276653,1973880294.0,70209738.577529,,807.0,,,
2019-07-09,12543.41,12238.6,12794.73,12068.0,8567409762.418879,12543.41,,308.8810119628906,1397.5,2.624500036239624,14886.8,3813198.0,,24147521.9787903,2030698493.0,66020895.9353463,,934.0,,,
2019-07-10,12108.37,12548.51,13147.08,11569.0,11286089766.717274,12108.37,,290.0023193359375,1410.0999755859375,2.693000078201294,14886.8,3815038.0,,19618317.240800664,2065387443.0,58125055.93338185,,831.0,,,
2019-07-11,11342.89,12108.11,12111.73,11000.0,9542814802.68648,11342.89,,268.7040405273437,1404.300048828125,2.682499885559082,14886.8,3815038.0,,18358410.04103532,2068121740.0,58125055.93338185,,1044.0,,,
2019-07-12,11757.22,11342.88,11885.0,11073.0,7749806346.367094,11757.22,,276.2767028808594,1409.9000244140625,2.691499948501587,14886.8,3815038.0,,24199353.72750615,2109783709.0,73895419.94631507,,418.0,,,
2019-07-13,11355.76,11757.22,11799.98,10830.0,7189542351.310842,11355.76,,269.45880126953125,1409.9000244140625,2.691499948501587,14886.8,3815038.0,,20125127.14530376,2202299839.0,63532037.880673245,,544.0,,,
2019-07-14,10174.18,11355.78,11452.0,10103.0,8265340195.808254,10174.18,,227.5780639648437,1409.9000244140625,2.691499948501587,14886.8,3815038.0,,18642398.26018383,2209811894.0,65334365.19643704,,764.0,,,
2019-07-15,10838.72,10174.18,11100.0,9860.0,8381579400.097052,10838.72,,229.7760009765625,1411.4000244140625,2.7074999809265137,14886.8,3815038.0,,19913204.913915087,2214977020.0,65784947.02537798,,787.0,,,
2019-07-16,9439.59,10833.78,11028.0,9350.01,9199647354.233467,9439.59,,199.1886749267578,1409.199951171875,2.69350004196167,14886.8,3815038.0,,19316124.926593844,2242335433.0,72994256.28843316,,1584.0,,,
2019-07-17,9667.92,9430.17,9957.0,9060.0,8403818650.093935,9667.92,,211.48497009277344,1421.300048828125,2.7100000381469727,14886.8,3808110.0,,16055266.40594296,2278872696.0,59927383.24914565,,1377.0,,,
2019-07-18,10627.16,9668.86,10788.0,9252.0,8253107292.994782,10627.16,,226.566162109375,1426.0999755859375,2.7039999961853027,14886.8,3808110.0,,16087185.539145503,2325057630.0,54520401.30185428,,1459.0,,,
2019-07-19,10504.29,10628.64,10769.71,10121.84,6699782120.090799,10504.29,,221.3334197998047,1425.0999755859375,2.744499921798706,14886.8,3808110.0,,15541434.628124798,2360134081.0,53168655.81503144,,1226.0,,,
2019-07-20,10740.23,10505.78,11068.99,10350.0,6301942394.806479,10740.23,,229.1192169189453,1425.0999755859375,2.744499921798706,14886.8,3808110.0,,23838097.017014977,2319316236.0,79752983.72254743,,1075.0,,,
2019-07-21,10589.45,10740.27,10817.9,10288.0,5345893740.929544,10589.45,,225.6307678222656,1425.0999755859375,2.744499921798706,14886.8,3808110.0,,19756400.88180768,2320593910.0,67136692.51220085,,1336.0,,,
2019-07-22,10340.31,10590.15,10683.16,10100.0,5719397457.777892,10340.31,,217.5600128173828,1425.300048828125,2.7144999504089355,14886.8,3808110.0,,20428053.325706776,2328770702.0,71191928.97266938,,1059.0,,,
2019-07-23,9864.91,10343.08,10343.97,9822.0,6299439076.783781,9864.91,,212.728515625,1420.0999755859375,2.694000005722046,14886.8,3808110.0,,17761280.612695295,2334332891.0,64200324.93722811,,875.0,,,
2019-07-24,9763.28,9864.78,9937.0,9525.0,5842066070.297726,9763.28,,217.0463714599609,1422.800048828125,2.7039999961853027,14886.8,3803436.0,,17026294.71878181,2331684708.0,62282811.34553916,,599.0,,,
2019-07-25,9879.87,9763.4,10175.0,9720.03,5223738499.071964,9879.87,,219.6179962158203,1413.9000244140625,2.695499897003174,14886.8,3803436.0,,18521684.8742084,2352669375.0,67211666.91964662,,414.0,,,
2019-07-26,9824.0,9882.15,9889.98,9637.0,4648898042.087224,9824.0,,219.62960815429688,1418.5,2.676500082015991,14886.8,3803436.0,,20430448.8526879,2359139934.0,74380911.39107564,,376.0,,,
2019-07-27,9476.52,9824.0,10188.66,9333.0,5515036156.958905,9476.52,,207.40830993652344,1418.5,2.676500082015991,14886.8,3803436.0,,17950588.962685253,2358617845.0,68107822.47857523,,882.0,,,
2019-07-28,9541.54,9478.92,9594.99,9165.0,3978683959.3007846,9541.54,,211.18655395507807,1418.5,2.676500082015991,14886.8,3803436.0,,20857277.4961977,2367972015.0,78413611.40625447,,472.0,,,
2019-07-29,9507.64,9541.54,9729.0,9395.0,4285776393.576631,9507.64,,211.2680511474609,1419.5999755859375,2.7095000743865967,14886.8,3803436.0,,19972246.459581528,2373475754.0,75277066.95000428,,552.0,,,
2019-07-30,9574.21,9509.07,9714.28,9402.0,4315976237.163101,9574.21,,210.5225982666016,1429.699951171875,2.6705000400543213,14886.8,3803436.0,,16983976.477591634,2401607523.0,63627044.68393211,,569.0,,,
2019-07-31,10080.53,9575.0,10109.8,9555.0,5641645647.590216,10080.53,,218.6541442871093,1426.0999755859375,2.657999992370605,14886.8,3779102.0,,21509654.560605384,2406126216.0,76621300.28839722,,1532.0,,,
2019-08-01,10374.99,10080.53,10467.86,9863.46,5011493945.511609,10374.99,,217.8084411621093,1420.9000244140625,2.6600000858306885,14974.4,3779102.0,,18391328.8001432,2415304920.0,63627044.68393211,,2234.0,,,
2019-08-02,10523.75,10375.0,10670.0,10281.35,5145993025.743229,10523.75,,217.8715667724609,1445.5999755859375,2.565000057220459,14974.4,3779102.0,,22242875.654440843,2412849319.0,75725144.72946858,,1532.0,,,
2019-08-03,10816.86,10523.75,10904.77,10497.93,4496418910.853388,10816.86,,222.49034118652344,1445.5999755859375,2.565000057220459,14974.4,3779102.0,,23335971.13133132,2396824889.0,77517455.84732585,,899.0,,,
2019-08-04,10929.23,10816.86,11040.0,10552.0,4952371534.779321,10929.23,,222.6697235107422,1445.5999755859375,2.565000057220459,14974.4,3779102.0,,22861452.13022862,2405773633.0,74828989.17053996,,1152.0,,,
2019-08-05,11828.8,10929.99,11937.52,10927.8,7825184086.192633,11828.8,,234.21502685546875,1464.5999755859375,2.5369999408721924,14974.4,3779102.0,,21125614.386780627,2413806905.0,70546861.81990622,,2128.0,,,
2019-08-06,11481.69,11830.0,12330.7,11226.7,8153523364.845785,11481.69,,226.0206451416016,1472.4000244140625,2.5510001182556152,14974.4,3779102.0,,23164205.36139417,2493094948.0,79916269.03403816,,1992.0,,,
2019-08-07,11975.03,11481.69,12141.17,11382.84,7784469088.909533,11975.03,,226.39100646972656,1507.300048828125,2.565000057220459,14974.4,3781543.0,,22893882.5767144,2492696225.0,75945274.29942758,,1949.0,,,
2019-08-08,11999.77,11975.04,12060.0,11521.0,6285080151.358542,11999.77,,220.94186401367188,1497.699951171875,2.601999998092652,14974.4,3781543.0,,21343188.538521845,2484508151.0,70485156.53933802,,2505.0,,,
2019-08-09,11879.99,11994.17,12045.68,11700.0,5539932963.566292,11879.99,,210.4889068603516,1496.5999755859375,2.5840001106262207,14974.4,3781543.0,,21779081.952854216,2476526014.0,72967028.24846964,,1550.0,,,
2019-08-10,11309.31,11879.98,11985.0,11270.0,5906465521.693901,11309.31,,206.7335357666016,1496.5999755859375,2.5840001106262207,14974.4,3781543.0,,21381302.98721525,2452786585.0,74952525.61577493,,1729.0,,,
2019-08-11,11549.97,11309.24,11600.0,11112.11,4439928847.045451,11549.97,,216.0928649902344,1496.5999755859375,2.5840001106262207,14974.4,3781543.0,,22089371.852641765,2456934547.0,75945274.29942758,,2133.0,,,
2019-08-12,11396.08,11539.08,11577.89,11235.32,3750480052.9230833,11396.08,,211.2880706787109,1505.300048828125,2.5799999237060547,14974.4,3781543.0,,18921313.75381561,2462431614.0,66017787.46290111,,2431.0,,,
2019-08-13,10892.71,11398.35,11456.16,10788.45,5070720558.532714,10892.71,,208.70904541015625,1502.199951171875,2.624500036239624,14974.4,3781543.0,,21398422.92156468,2456668231.0,77930771.66673285,,2635.0,,,
2019-08-14,10050.37,10893.36,10897.48,9928.1,7177003698.428963,10050.37,,186.6077423095703,1515.9000244140625,2.5864999294281006,14974.4,3786018.0,,19030813.03962307,2440010767.0,75448899.95760125,,2848.0,,,
2019-08-15,10293.93,10055.16,10460.0,9911.0,7300163226.33696,10293.93,,188.50205993652344,1519.5999755859375,2.5894999504089355,14974.4,3786018.0,,20205658.89296008,2441505315.0,77930771.66673285,,3830.0,,,
2019-08-16,10331.54,10296.77,10536.03,9750.0,6964763569.131912,10331.54,,185.4400787353516,1512.5,2.5899999141693115,14974.4,3786018.0,,18972175.73525113,2432588361.0,72967028.24846964,,5570.0,,,
2019-08-17,10216.02,10331.15,10465.14,10000.0,4308630453.993154,10216.02,,185.68768310546875,1512.5,2.5899999141693115,14974.4,3786018.0,,16358749.930614289,2440671771.0,63535915.753769495,,2973.0,,,
2019-08-18,10306.78,10216.05,10500.0,10080.0,4053663160.3248014,10306.78,,194.4935302734375,1512.5,2.5899999141693115,14974.4,3786018.0,,16238049.086587502,2440449683.0,62789407.41868819,,1570.0,,,
2019-08-19,10915.54,10306.17,10930.0,10258.6,4916767833.164555,10915.54,,203.0919342041016,1500.4000244140625,2.5969998836517334,14974.4,3786018.0,,22200542.63302461,2441279270.0,82514504.79037575,,1945.0,,,
2019-08-20,10760.51,10914.73,10949.96,10560.0,4387011913.136737,10760.51,,196.5654144287109,1504.5999755859375,2.5739998817443848,14974.4,3786018.0,,20547497.06169016,2444958820.0,77452265.23268399,,2160.0,,,
2019-08-21,10142.57,10760.51,10804.13,9858.0,5555335233.287505,10142.57,,186.89163208007807,1504.5999755859375,2.5815000534057617,14974.4,3764866.0,,17210898.964087103,2439861481.0,68846457.984608,,4288.0,,,
2019-08-22,10099.88,10140.82,10242.0,9762.0,4720286170.240284,10099.88,,191.3329162597656,1497.300048828125,2.553499937057495,14974.4,3764866.0,,17850229.624158125,2462202868.0,71377577.76345386,,3249.0,,,
2019-08-23,10389.55,10099.9,10445.0,10019.79,4253310453.741577,10389.55,,194.70620727539065,1526.5999755859375,2.526000022888184,14974.4,3764866.0,,19862286.1346898,2464234167.0,77452265.23268399,,2749.0,,,
2019-08-24,10134.35,10388.16,10419.42,9890.0,4184704196.6749134,10134.35,,191.28956604003903,1526.5999755859375,2.526000022888184,14974.4,3764866.0,,20290024.95941399,2471997277.0,80995832.92306823,,1942.0,,,
2019-08-25,10142.69,10134.61,10333.0,9906.97,4073636805.457171,10142.69,,186.84239196777344,1526.5999755859375,2.526000022888184,14974.4,3764866.0,,19549494.30356004,2470820227.0,78464713.14422233,,2753.0,,,
2019-08-26,10372.25,10142.69,10604.0,10137.93,5109822512.402312,10372.25,,188.92938232421875,1526.300048828125,2.539999961853028,14974.4,3764866.0,,17698536.550782118,2472687331.0,69352681.94037716,,4072.0,,,
2019-08-27,10185.05,10373.6,10391.08,10051.08,4129920377.092023,10185.05,,187.51666259765625,1541.0,2.5434999465942383,14974.4,3764866.0,,17158313.345659178,2469347447.0,68340234.02883881,,3214.0,,,
2019-08-28,9721.0,10185.69,10299.0,9601.01,5120613585.737246,9721.0,,173.8899688720703,1537.800048828125,2.5510001182556152,14974.4,3759946.0,,18409706.80479317,2462580091.0,76439817.32114564,,3283.0,,,
2019-08-29,9498.44,9721.0,9724.0,9320.0,4675366985.488912,9498.44,,169.51673889160156,1526.5,2.559499979019165,14974.4,3759946.0,,19563104.1865478,2468016410.0,83526952.7019141,,2645.0,,,
2019-08-30,9584.54,9499.01,9696.0,9350.41,4073789082.105756,9584.54,,168.83486938476562,1519.0999755859375,2.532999992370605,14974.4,3759946.0,,19177975.0041163,2497396182.0,80995832.92306823,,2305.0,,,
2019-08-31,9587.47,9582.76,9684.51,9420.75,3100903579.7861743,9587.47,,172.46978759765625,1519.0999755859375,2.532999992370605,14974.4,3759946.0,,19935125.223427814,2506731998.0,84033176.65768328,,1668.0,,,
2019-09-01,9724.98,9588.74,9830.0,9520.0,3112825577.343671,9724.98,,171.62942504882812,1519.0999755859375,2.532999992370605,15047.0,3759946.0,,17391063.389463715,2505970982.0,76105398.3346369,,2321.0,,,
2019-09-02,10340.0,9723.59,10450.0,9712.5,4490319659.918009,10340.0,,178.34735107421875,1519.0999755859375,2.532999992370605,15047.0,3759946.0,,19226629.704954177,2504731856.0,79786349.93155265,,3663.0,,,
2019-09-03,10615.28,10340.0,10773.0,10272.0,5223473801.518229,10615.28,,179.49932861328125,1545.9000244140625,2.512500047683716,15047.0,3759946.0,,21771338.63818164,2509866013.0,87818532.81056806,,3455.0,,,
2019-09-04,10567.02,10611.85,10799.0,10369.89,4472156039.598581,10567.02,,175.99288940429688,1550.300048828125,2.5789999961853027,15047.0,3761508.0,,17974975.80434744,2536180693.0,72825124.76973927,,4172.0,,,
2019-09-05,10564.49,10565.92,10900.0,10450.0,4004664307.648844,10564.49,,174.21713256835938,1515.4000244140625,2.624500036239624,15047.0,3761508.0,,21801140.5028715,2528799310.0,88354011.66916907,,2111.0,,,
2019-09-06,10298.73,10563.13,10905.87,10150.0,5918470096.998326,10298.73,,169.9561767578125,1506.199951171875,2.615499973297119,15047.0,3761508.0,,20442727.94329155,2568858861.0,84605659.65896188,,4768.0,,,
2019-09-07,10455.88,10298.71,10558.0,10288.57,4171398106.173096,10455.88,,178.2626190185547,1506.199951171875,2.615499973297119,15047.0,3761508.0,,19615401.996004544,2596456160.0,80321828.79015365,,2507.0,,,
2019-09-08,10381.18,10455.9,10592.5,10208.0,3510400164.3271017,10391.63,32096280.44997,181.35552978515625,1506.199951171875,2.615499973297119,15047.0,3761508.0,,23019588.754736766,2599020340.0,94779757.97238144,,6722.0,,,
2019-09-09,10303.12,10381.24,10480.0,10068.5,4699212700.99068,10307.0,152447209.57153,181.1494598388672,1502.199951171875,2.6105000972747803,15047.0,3761508.0,,18837525.19468452,2595954148.0,78179913.35574953,,15292.0,,,
2019-09-10,10098.15,10302.58,10384.99,9953.0,4013724820.471913,10102.02,92717645.1747,179.78717041015625,1490.300048828125,2.6105000972747803,15047.0,3761508.0,,23025507.72616253,2591535155.0,97457152.26538657,,13636.0,,,0.0001
2019-09-11,10158.33,10098.19,10293.0,9880.0,3989335195.2411447,10159.55,109786235.83974,178.72549438476562,1494.4000244140625,2.5975000858306885,15047.0,3769673.0,,23346633.054365296,2600084466.0,98528109.9825886,,18071.0,,,0.0001
2019-09-12,10415.01,10158.75,10448.81,10040.0,4110128490.9996185,10415.13,159494237.43414,181.0160980224609,1498.699951171875,2.623500108718872,15047.0,3769673.0,,20542606.840700883,2599042704.0,84605659.65896188,,23179.0,,,0.0001
2019-09-13,10342.06,10415.01,10439.0,10153.0,3484754221.360498,10341.34,198205401.80487,181.10972595214844,1490.9000244140625,2.680999994277954,15047.0,3769673.0,,19416800.434912547,2906060856.0,81990003.47587636,,32432.0,,,0.0001
2019-09-14,10335.02,10344.13,10419.99,10222.33,3350820507.382788,10332.25,213270510.33553,188.1055145263672,1490.9000244140625,2.680999994277954,15047.0,3769673.0,,20052256.919074025,2912318530.0,91618125.62606,,33135.0,,,0.0001
2019-09-15,10302.01,10332.81,10360.0,10252.15,2691380064.92882,10302.22,211512546.03807,189.78912353515625,1490.9000244140625,2.680999994277954,15047.0,3769673.0,,18936677.849538483,2914783857.0,86889448.17439239,,29011.0,,,0.0001
2019-09-16,10251.31,10303.34,10355.0,10078.0,3903341104.04872,10249.27,206767492.67183,197.11317443847656,1503.0999755859375,2.621000051498413,15047.0,3769673.0,,20921909.2073974,2914219734.0,96346803.07772762,,36146.0,,,0.0001
2019-09-17,10187.82,10249.68,10275.0,10128.01,3987991596.5585127,10186.52,229911548.18276,208.60874938964844,1505.0999755859375,2.609499931335449,15047.0,3769673.0,,18875681.436609987,2903335705.0,87480532.85585083,,35228.0,,,0.0001
2019-09-18,10156.99,10187.48,10258.02,10100.0,4370868163.324377,10155.16,212309755.01688,211.39303588867188,1507.5,2.595499992370605,15047.0,3844695.0,,22095508.57529301,2890106509.0,102848734.57377055,,34242.0,,,0.0001
2019-09-19,10244.29,10156.41,10325.0,9653.0,6027206643.304194,10245.3,262112110.02615,221.2808532714844,1498.4000244140625,2.5910000801086426,15047.0,3844695.0,,18968479.893158626,2873661725.0,87480532.85585083,,46948.0,,,0.0001
2019-09-20,10168.59,10243.7,10281.0,10061.39,4200318506.856276,10166.35,236683803.67808,218.050048828125,1507.300048828125,2.5899999141693115,15047.0,3844695.0,,19211810.3559678,2872484783.0,89253786.90022619,,33747.0,,,0.0001
2019-09-21,9986.39,10167.92,10176.7,9900.0,3554581776.721384,9983.33,237320660.25696,215.5162048339844,1507.300048828125,2.5899999141693115,15047.0,3844695.0,,20744189.76721984,2862749290.0,98120057.12210296,,35270.0,,,0.0001
2019-09-22,10028.87,9985.15,10089.0,9853.97,3344331435.313607,10023.04,238688620.33846,211.54537963867188,1507.300048828125,2.5899999141693115,15047.0,3844695.0,,20835706.21629676,2862461145.0,98120057.12210296,,36148.0,,,0.0001
2019-09-23,9702.25,10028.05,10049.99,9615.77,4239297457.0431614,9701.96,314749491.6271,201.9213104248047,1523.699951171875,2.594500064849853,15047.0,3844695.0,,13821794.53678674,2864449202.0,67383653.68626347,,46478.0,,,0.0001
2019-09-24,8493.14,9702.2,9794.99,7800.0,9359920076.450895,8645.61,286175252.41144,168.11073303222656,1532.0999755859375,2.5894999504089355,15047.0,3844695.0,,17079075.298751466,2870462700.0,92800294.9889769,,142230.0,,,0.0001
2019-09-25,8430.05,8497.55,8730.0,8215.64,6802081487.349276,8430.07,406841550.16218,170.8927001953125,1504.5999755859375,2.595000028610229,15047.0,3857715.0,,16470176.025319649,2890649268.0,92209210.30751844,,97232.0,,,0.0001
2019-09-26,8063.73,8430.05,8465.99,7750.0,5996345121.009624,8060.15,487919029.55307,166.7271270751953,1507.5,2.559999942779541,15047.0,3857715.0,,17311205.991295874,2923330478.0,102371761.97619784,,130233.0,,,0.0001
2019-09-27,8177.91,8063.49,8265.0,7852.15,4843955213.086562,8176.52,321440849.1052,174.71099853515625,1499.0999755859375,2.5829999446868896,15047.0,3857715.0,,13502745.87348562,2920537731.0,83726816.31844728,,88113.0,,,0.0001
2019-09-28,8198.81,8177.47,8315.0,8001.09,3672913927.537429,8195.38,275406180.40421,174.57289123535156,1499.0999755859375,2.5829999446868896,15047.0,3857715.0,,16347406.864055691,2931982906.0,100852756.01994784,,74971.0,,,0.0001
2019-09-29,8043.82,8199.38,8229.13,7890.0,3512351655.049897,8041.96,289320913.71819,170.50347900390625,1499.0999755859375,2.5829999446868896,15047.0,3857715.0,,13709447.67175498,2938815220.0,86263992.57052143,,84196.0,,,0.0001
2019-09-30,8289.34,8043.04,8337.26,7710.0,5048866369.842492,8285.84,436701925.16117,179.87220764160156,1465.699951171875,2.564500093460083,15047.0,3857715.0,,13440847.640131224,2943838855.0,82458228.1924102,,118705.0,,,0.0001
2019-10-01,8292.44,8289.97,8500.0,8173.05,4442498266.0789175,8290.0,327218811.62991,177.34042358398438,1482.0,2.552000045776367,15184.1,3857715.0,,14955125.731373671,2956698964.0,90704051.0116512,,192852.0,,,0.0001
2019-10-02,8359.94,8292.67,8373.91,8151.22,3305010820.488844,8352.14,249785989.08192,180.71051025390625,1501.0,2.561500072479248,15184.1,3945831.0,,15447744.501999477,2981549957.0,93875521.32674389,,132228.0,,,-0.0001081933333333
2019-10-03,8223.96,8360.0,8393.0,8060.0,3397764929.246867,8220.27,274334928.39047,175.1993408203125,1507.0999755859375,2.5455000400543213,15184.1,3945831.0,,15024051.723409597,3010548800.0,93241227.26372536,,149872.0,,,-9.698666666666668e-05
2019-10-04,8137.13,8224.43,8232.41,8005.0,3033083116.004477,8130.56,230978393.31482,176.98500061035156,1506.199951171875,2.555500030517578,15184.1,3945831.0,,14987604.68018274,3042214529.0,93241227.26372536,,132933.0,,,-3.733333333333298e-07
2019-10-05,8126.19,8137.09,8183.41,8012.98,2651230605.1755404,8122.14,244744089.06028,176.3515167236328,1506.199951171875,2.555500030517578,15184.1,3945831.0,,16076978.906430112,3046706609.0,100218461.9569293,,117901.0,,,-0.0001652466666666
2019-10-06,7854.25,8127.55,8153.87,7785.0,3104642387.446126,7852.79,333155725.01068,173.05914306640625,1506.199951171875,2.555500030517578,15184.1,3945831.0,,14695561.476622956,3047034030.0,94509815.38976245,,173824.0,,,-3.995333333333333e-05
2019-10-07,8190.09,7855.3,8299.92,7762.0,4762329114.196358,8186.88,504822438.82757,181.18634033203125,1497.699951171875,2.572000026702881,15184.1,3945831.0,,15853112.461600613,3069145376.0,98315579.76787366,,202338.0,,,-0.0001664266666666
2019-10-08,8168.39,8190.82,8325.0,8088.75,3850163773.35801,8167.62,366576763.24705,182.0215606689453,1497.199951171875,2.563499927520752,15184.1,3945831.0,,16565899.53862389,3073748273.0,102755638.20900343,,144705.0,,,0.0001
2019-10-09,8560.74,8170.79,8670.0,8115.0,5101312749.74856,8559.77,549731852.71201,193.2932586669922,1506.0999755859375,2.562000036239624,15184.1,3949955.0,,14788528.64912409,3073084813.0,87532580.6965585,,205276.0,,,0.0001
2019-10-10,8558.03,8562.15,8644.0,8414.52,4391148251.656371,8556.02,377726959.91583,191.65966796875,1494.800048828125,2.6050000190734863,15184.1,3949955.0,,17337076.641665857,3077480781.0,103742972.6980896,,148055.0,,,0.0001
2019-10-11,8258.5,8557.82,8779.51,8212.38,4962791651.642329,8255.58,582172642.93171,182.56968688964844,1482.699951171875,2.618499994277954,15184.1,3949955.0,,16141804.284615824,3087634889.0,100875176.08460964,,200772.0,,,0.0001
2019-10-12,8300.09,8257.95,8400.0,8250.0,3241214821.0640554,8300.22,314379330.82757,180.8266448974609,1482.699951171875,2.618499994277954,15184.1,3949955.0,,13812832.983358108,3103270534.0,86002553.969571,,109421.0,,,0.0001
2019-10-13,8275.01,8301.98,8451.37,8160.0,3144850301.4608774,8274.66,365285901.78075,182.0751495361328,1482.699951171875,2.618499994277954,15184.1,3949955.0,,14713857.594998518,3103220646.0,91822275.66676004,,140542.0,,,0.0001
2019-10-14,8348.2,8275.24,8388.85,8203.0,3587735483.600436,8346.05,514903627.22129,186.96090698242188,1491.699951171875,2.623500108718872,15184.1,3949955.0,,14086153.71576921,3105614487.0,87295825.4578352,,144159.0,,,0.0001
2019-10-15,8159.29,8346.86,8403.0,8090.0,4005688057.0167513,8160.01,711597427.6843,181.40606689453125,1477.5999755859375,2.6040000915527344,15184.1,3949955.0,,15636338.201901056,3101894386.0,98935268.85221332,,156638.0,,,0.0001
2019-10-16,7991.74,8159.3,8181.16,7917.0,4107617987.910304,7992.21,566811841.94844,176.0135040283203,1488.0,2.5794999599456787,15184.1,3966471.0,,14318415.146382067,3104504215.0,92468911.41089214,,149745.0,,,0.0001
2019-10-17,8070.58,7995.02,8124.92,7929.03,3324550867.070888,8069.2,468701651.96454,178.02835083007812,1492.300048828125,2.586999893188477,15184.1,3966471.0,,15149871.48652456,3104039714.0,96995361.61981696,,128723.0,,,0.0001
2019-10-18,7947.01,8070.71,8115.0,7816.01,3764598138.948845,7943.94,597673590.50877,173.621337890625,1488.199951171875,2.625,15184.1,3966471.0,,15914628.187991615,3122359964.0,103461719.06113812,,161356.0,,,0.0001
2019-10-19,7948.01,7946.89,8098.1,7866.92,3131471500.211462,7947.13,620945265.24094,172.91302490234375,1488.199951171875,2.625,15184.1,3966471.0,,14110899.026782468,3133987747.0,91822275.66676004,,147052.0,,,0.0001
2019-10-20,8223.35,7949.87,8297.0,7870.0,3727143125.251713,8218.23,631533255.81236,175.5343780517578,1488.199951171875,2.625,15184.1,3966471.0,,14980261.784709672,3142485256.0,94408818.6432885,,194323.0,,,0.0001
2019-10-21,8197.27,8223.35,8333.0,8142.03,3867322654.6601,8201.74,492366045.41501,174.92098999023438,1482.4000244140625,2.634999990463257,15184.1,3966471.0,,16339075.58062284,3172744526.0,102815083.317006,,152865.0,,,0.0001
2019-10-22,8020.0,8197.28,8297.99,8000.0,4212910778.292761,8020.89,568694788.53218,172.3008575439453,1481.699951171875,2.621999979019165,15184.1,3966471.0,,16995684.096380316,3179206716.0,109281440.7583272,,181163.0,,,0.0001
2019-10-23,7466.62,8020.06,8047.59,7300.0,6364603569.476604,7465.0,828695587.22741,162.4027862548828,1489.9000244140625,2.6624999046325684,15184.1,3968700.0,,15683918.318117464,3181827112.0,109314233.41859664,,302575.0,,,0.0001
2019-10-24,7412.41,7468.47,7503.68,7337.99,4086423445.946732,7411.35,495690565.11975,162.16854858398438,1498.9000244140625,2.6589999198913574,15184.1,3968700.0,,12358884.262191638,3271293770.0,90520752.85884188,,159649.0,,,5.201666666666667e-05
2019-10-25,8655.02,7412.41,8799.0,7361.0,9064462932.88964,8650.0,1351037936.49978,181.5232086181641,1499.5,2.6665000915527344,15184.1,3968700.0,,14924751.80152135,3371528660.0,93923788.68060283,,466371.0,,,1.763666666666667e-05
2019-10-26,9230.0,8655.88,10370.0,8470.38,15210297047.791449,9232.22,2322814045.64929,179.83547973632812,1499.5,2.6665000915527344,15184.1,3968700.0,,16130163.05518853,3316870461.0,95285003.00930724,,741243.0,,,0.0001819433333333
2019-10-27,9529.93,9230.0,9794.98,9074.34,10036569682.170382,9533.32,1551811193.38667,184.24221801757807,1499.5,2.6665000915527344,15184.1,3968700.0,,13659153.914501948,3322778483.0,78269823.90050235,,466285.0,,,0.0001285366666666
2019-10-28,9205.14,9528.23,9902.1,9160.0,9343930453.421309,9217.36,1475693085.47329,182.66281127929688,1490.0,2.672499895095825,15184.1,3968700.0,,15476827.95033096,3320687294.0,91201360.02319407,,424180.0,,,0.00054853
2019-10-29,9407.62,9204.45,9550.0,9072.0,8145083951.180965,9415.02,1169427308.33374,190.3425750732422,1487.0,2.682499885559082,15184.1,3968700.0,,15639409.071801253,3315707539.0,90520752.85884188,,350914.0,,,0.0003904333333333
2019-10-30,9154.72,9407.62,9409.84,9001.01,6832003275.932974,9165.3,904505540.99763,184.69216918945312,1493.199951171875,2.680500030517578,15184.1,4019823.0,,15362889.744040744,3640613246.0,91201360.02319407,,329552.0,,,0.0003554533333333
2019-10-31,9140.85,9154.02,9405.0,8913.0,6542377924.224249,9150.0,907028492.3851,183.9669189453125,1511.4000244140625,2.632999897003174,15184.1,4019823.0,,15100510.580858642,3650450460.0,89840145.69448967,,347494.0,,,0.00030943
2019-11-01,9231.61,9140.86,9279.0,9030.0,5805562098.663111,9231.01,798942104.65699,183.9698944091797,1508.0,2.651000022888184,15296.0,4019823.0,,15004297.42760956,3619875913.0,88478931.36578529,,309853.0,,,0.00024867
2019-11-02,9289.52,9231.4,9373.74,9186.21,4823918378.312985,9287.8,524748680.13959,183.9257202148437,1508.0,2.651000022888184,15296.0,4019823.0,,15582247.984883832,3618335879.0,91201360.02319407,,210907.0,,,0.0001
2019-11-03,9194.71,9289.85,9362.57,9066.14,4354446767.398363,9197.88,695623695.12204,182.42501831054688,1508.0,2.651000022888184,15296.0,4019823.0,,15877393.954528429,3632728117.0,93923788.68060283,,310778.0,,,0.0001
2019-11-04,9393.35,9196.46,9513.68,9115.84,5660040697.838676,9395.46,841596521.34874,186.35519409179688,1508.0,2.6670000553131104,15296.0,4019823.0,,15475273.958646,3633200883.0,89840145.69448967,,319857.0,,,0.0001002399999999
2019-11-05,9308.66,9392.4,9454.95,9175.76,5986617469.80007,9313.2,1060847258.19057,189.30416870117188,1480.800048828125,2.694999933242798,15296.0,4019823.0,,16740673.133484757,3621900802.0,98007431.66671602,,353099.0,,,0.0001
2019-11-06,9339.05,9307.73,9440.91,9250.01,5801194559.575212,9343.6,689203217.44144,191.5938415527344,1490.199951171875,2.6610000133514404,15296.0,4039443.0,,15411080.275098562,3643332992.0,89840145.69448967,,245601.0,,,0.0001129233333333
2019-11-07,9216.2,9339.16,9375.0,9101.0,5584650065.708641,9219.64,714933248.83024,187.9765472412109,1464.199951171875,2.7239999771118164,15296.0,4039443.0,,15560562.01216014,3629819217.0,91495629.00498705,,240699.0,,,0.0002151966666666
2019-11-08,8773.73,9214.0,9261.0,8696.0,6911837463.912659,8775.03,1355101393.82227,184.2114715576172,1461.300048828125,2.677999973297119,15296.0,4039443.0,,14073433.711040337,3625589389.0,80936306.11613324,,426541.0,,,0.0001083333333333
2019-11-09,8809.41,8773.74,8880.0,8724.88,4281611782.538806,8811.15,588949194.26502,185.0287170410156,1461.300048828125,2.677999973297119,15296.0,4039443.0,,15857610.61299462,3612403015.0,91053344.3806499,,232153.0,,,0.0001
2019-11-10,9039.47,8809.18,9147.19,8750.0,4983223681.585186,9041.31,814629855.82619,189.477279663086,1461.300048828125,2.677999973297119,15296.0,4039443.0,,18765622.08172392,3612170809.0,104964271.99436028,,306265.0,,,0.0001
2019-11-11,8733.27,9040.16,9072.32,8618.68,5147976333.679604,8728.93,996043073.24061,185.48963928222656,1455.5,2.6600000858306885,15296.0,4039443.0,,16477719.1274013,3611594265.0,95479548.62137592,,390613.0,,,0.0001
2019-11-12,8821.94,8733.36,8888.0,8567.6,5176107609.606612,8817.0,938793146.96562,186.84341430664065,1452.0999755859375,2.6419999599456787,15296.0,4039443.0,,14861393.998234889,3610470839.0,85362510.35685928,,351692.0,,,0.0001
2019-11-13,8777.12,8821.91,8844.99,8702.0,4143407935.781808,8774.76,513537401.05586,188.2587432861328,1461.699951171875,2.6364998817443848,15296.0,4047882.0,,14800692.64257794,3604484962.0,85362510.35685928,,202786.0,,,-6.9633333333333325e-06
2019-11-14,8646.68,8777.54,8800.0,8582.6,4594672727.453284,8642.25,754801551.10366,185.9996337890625,1471.800048828125,2.618499994277954,15296.0,4047882.0,,18277403.4214753,3603234308.0,106861216.66895716,,277809.0,,,0.0001
2019-11-15,8471.73,8646.38,8790.0,8400.0,5871704529.293474,8473.27,1246865100.25388,180.52117919921875,1467.300048828125,2.634999990463257,15296.0,4047882.0,,16748860.195202362,3593922145.0,99905752.862102,,448683.0,,,0.0001
2019-11-16,8491.02,8471.62,8543.0,8400.0,3715150592.0300217,8491.06,412710046.69823,183.34835815429688,1467.300048828125,2.634999990463257,15296.0,4047882.0,,15718297.374419823,3588152498.0,93582603.94677904,,191407.0,,,0.0001
2019-11-17,8502.4,8490.74,8635.0,8350.68,3991800054.814121,8504.04,614653043.32686,185.1192321777344,1467.300048828125,2.634999990463257,15296.0,4047882.0,,16378861.410549669,3591085038.0,97376493.2959728,,277826.0,,,0.0001
2019-11-18,8187.17,8502.87,8503.52,8060.0,5198242278.007607,8183.26,1028202469.94838,180.55960083007807,1470.9000244140625,2.617500066757202,15296.0,4047882.0,,14354960.280688822,3590344655.0,88524084.81452073,,454152.0,,,0.0001
2019-11-19,8133.64,8186.5,8218.63,8003.0,5072783564.354956,8131.7,898778770.86044,177.45555114746094,1473.300048828125,2.6535000801086426,15296.0,4047882.0,,14955103.074847266,3584686457.0,92950289.05524676,,364855.0,,,0.0001
2019-11-20,8098.01,8133.83,8264.29,8038.4,4401709228.942511,8094.05,708540147.01943,175.69834899902344,1473.300048828125,2.6465001106262207,15296.0,4030249.0,,14370161.507470686,3591020609.0,89788714.59758532,,298246.0,,,0.0001
2019-11-21,7627.74,8098.56,8134.73,7500.0,6450060354.067467,7621.9,1400628627.16021,161.4627227783203,1463.0999755859375,2.621000051498413,15296.0,4030249.0,,13070647.285916423,3587901935.0,87206195.79641934,,524166.0,,,0.0001
2019-11-22,7268.23,7627.79,7750.0,6790.0,10499581207.852297,7262.72,2688155961.2517,150.26817321777344,1463.0999755859375,2.6475000381469727,15296.0,4030249.0,,12033473.016134309,3618050681.0,85127203.65307556,,1217440.0,,,-3.063e-05
2019-11-23,7311.57,7268.23,7344.48,7080.01,5643607337.02276,7305.99,1008592734.24347,153.41778564453125,1463.0999755859375,2.6475000381469727,15296.0,4030249.0,,15807202.989212228,3639785465.0,111568229.0301672,,461665.0,,,-0.0002000266666666
2019-11-24,6903.28,7311.1,7330.39,6861.0,5735805987.641106,6900.86,1303419525.39099,142.83470153808594,1463.0999755859375,2.6475000381469727,15296.0,4030249.0,,11357272.002371594,3615264882.0,84482300.59509772,,619615.0,,,3.2613333333333335e-05
2019-11-25,7109.57,6900.23,7377.69,6515.0,9202993966.842564,7102.03,2320368143.08612,146.47653198242188,1456.5999755859375,2.6475000381469727,15296.0,4030249.0,,11122288.880301874,3621728849.0,80612882.24723066,,1123740.0,,,-1.3783333333333334e-05
2019-11-26,7156.14,7109.99,7340.0,7017.48,6045211819.287721,7150.0,1384559257.5458,148.96507263183594,1459.800048828125,2.674499988555908,15296.0,4030249.0,,10915469.214858051,3664868858.0,78678173.07329711,,647886.0,,,-0.0003049933333333
2019-11-27,7508.52,7154.75,7655.0,6840.0,7072014443.102897,7506.77,2162938473.36819,153.01055908203125,1453.4000244140625,2.674499988555908,15296.0,4052875.0,,13003022.908907184,3665112446.0,89641525.05892047,,962144.0,,,-7.947333333333332e-05
2019-11-28,7419.49,7507.9,7643.0,7360.0,5242585044.979929,7415.79,1314201480.28623,151.7175750732422,1453.4000244140625,2.674499988555908,15296.0,4052875.0,,15156191.8549668,3681412954.0,105119198.45038874,,571053.0,,,0.0001
2019-11-29,7739.68,7418.52,7850.0,7362.3,5384260307.492113,7736.66,1415257727.65399,155.3041534423828,1465.5999755859375,2.6419999599456787,15296.0,4052875.0,,13125470.519143395,3676319630.0,87706815.88498695,,629350.0,,,0.0001
2019-11-30,7541.89,7740.99,7810.0,7441.0,4516840339.628934,7542.93,1081497211.80452,152.53968811035156,1465.5999755859375,2.6419999599456787,15296.0,4052875.0,,11901326.19765986,3687553902.0,81257785.3052085,,482985.0,,,6.024666666666667e-05
2019-12-01,7390.89,7540.63,7541.85,7210.0,5227109195.976215,7387.38,1442570909.2943,151.18572998046875,1465.5999755859375,2.6419999599456787,15347.5,4052875.0,,12867592.231832445,3690343488.0,89641525.05892047,,665029.0,,,0.0001
2019-12-02,7294.28,7391.5,7420.56,7151.1,4509469591.219271,7291.0,1049763091.44412,149.0591583251953,1462.300048828125,2.632499933242798,15347.5,4052875.0,,13247530.680518107,3693277713.0,93510943.40678756,,504344.0,,,7.240333333333334e-05
2019-12-03,7292.71,7294.42,7400.0,7241.35,3570042421.14734,7290.86,618921233.00419,147.9564208984375,1478.199951171875,2.6080000400543213,15347.5,4052875.0,,14390009.879235066,3732107081.0,101894683.16049951,,326357.0,,,3.098333333333333e-05
2019-12-04,7194.32,7292.71,7750.0,7067.0,6174019844.645194,7191.0,2010415073.79885,146.74774169921875,1474.0,2.6440000534057617,15347.5,4065696.0,,15050815.33393685,3727329457.0,107698810.68230017,,796934.0,,,-7.633333333333332e-06
2019-12-05,7389.0,7194.59,7485.0,7150.0,5452643688.269988,7384.99,1291358111.12701,149.24899291992188,1476.9000244140625,2.6484999656677246,15347.5,4065696.0,,13364980.778672028,3754927911.0,93362398.66941904,,608920.0,,,-1.804e-05
2019-12-06,7527.47,7389.0,7590.03,7305.0,4972256709.627154,7522.1,1009056959.83042,149.19444274902344,1459.0999755859375,2.7109999656677246,15347.5,4065696.0,,13649797.630108954,3751327315.0,92816137.37716064,,500683.0,,,6.715333333333333e-05
2019-12-07,7488.21,7527.8,7619.62,7470.16,3877989126.587281,7487.2,625725539.4267,148.76815795898438,1459.0999755859375,2.7109999656677246,15347.5,4065696.0,,14518743.736953732,3762706347.0,99217250.29972345,,296836.0,,,7.936333333333334e-05
2019-12-08,7510.11,7487.31,7564.0,7374.86,3737432395.074912,7508.2,631265923.89387,151.2647247314453,1459.0999755859375,2.7109999656677246,15347.5,4065696.0,,13890383.987907382,3771304278.0,94736471.25392948,,298704.0,,,0.0001
2019-12-09,7338.64,7510.11,7650.0,7273.0,4361790095.88162,7337.49,1017059787.60653,148.2251739501953,1459.300048828125,2.746500015258789,15347.5,4065696.0,,13592018.359803928,3773375538.0,94736471.25392948,,485426.0,,,0.0001
2019-12-10,7224.13,7338.64,7407.6,7157.1,4361392845.724167,7220.98,923135831.85705,146.2670440673828,1462.5999755859375,2.755500078201294,15347.5,4065696.0,,26784003.67488316,3810417436.0,94736471.25392948,,403668.0,,,0.0001
2019-12-11,7210.0,7224.15,7275.5,7125.66,3715499756.650837,7205.77,701421427.95292,143.60800170898438,1469.4000244140625,2.782500028610229,15347.5,4095491.0,,11932160.56549104,4061829754.0,84494690.57782899,,301271.0,,,2.79e-05
2019-12-12,7198.08,7210.0,7295.0,7080.3,3827951786.948865,7194.77,1009269923.91096,145.60400390625,1466.699951171875,2.789499998092652,15347.5,4095491.0,,11954486.739783738,4039884233.0,85134801.87008528,,414679.0,,,-1.893333333333333e-05
2019-12-13,7258.48,7197.76,7309.05,7190.76,3046573551.961414,7252.98,580009722.04465,144.9447479248047,1475.5999755859375,2.7804999351501465,15347.5,4095491.0,,13758507.76041484,4045242163.0,97296916.4229546,,251631.0,,,-9.443333333333332e-05
2019-12-14,7064.05,7257.37,7271.77,7012.0,3644578871.27518,7061.34,697707778.24799,142.86923217773438,1475.5999755859375,2.7804999351501465,15347.5,4095491.0,,13554525.206361968,4039684857.0,96656805.13069834,,318142.0,,,2.298e-05
2019-12-15,7118.59,7064.14,7200.3,7008.35,3585532811.742609,7115.0,623906287.16733,143.114990234375,1475.5999755859375,2.7804999351501465,15347.5,4095491.0,,11017832.594841978,4040373008.0,79373800.23977876,,256761.0,,,2.8063333333333336e-05
2019-12-16,6891.72,7119.6,7150.0,6836.0,4818843812.511101,6887.54,823110567.19727,133.61402893066406,1475.0,2.820499897003174,15347.5,4095491.0,,13859120.331333632,4042089888.0,100497472.884236,,362145.0,,,-9.299666666666668e-05
2019-12-17,6623.82,6891.44,6942.21,6560.0,5983795896.577507,6618.96,1119916913.96774,122.60388946533205,1474.5999755859375,2.819499969482422,15347.5,4095491.0,,12003202.92990371,4051763346.0,90255692.20813552,,478814.0,,,-6.547e-05
2019-12-18,7277.83,6623.84,7440.0,6435.0,7842218869.080795,7277.44,2241615061.57224,133.09219360351562,1472.5999755859375,2.816999912261963,15347.5,4137052.0,,11323192.79322915,4054050389.0,85774913.16234156,,915362.0,,,-0.00017045
2019-12-19,7150.3,7277.83,7380.0,7038.31,5683164874.072308,7146.29,1136320673.87998,129.32113647460938,1478.199951171875,2.8315000534057617,15347.5,4137052.0,,14046458.111349756,4087113082.0,100640144.00517271,,441609.0,,,0.0001
2019-12-20,7187.83,7151.31,7220.0,7079.5,4091388530.301933,7184.39,618061855.49459,129.06605529785156,1474.699951171875,2.811000108718872,15347.5,4137052.0,,13979332.055531835,4135456924.0,100413778.96363248,,250432.0,,,2.2023333333333333e-05
2019-12-21,7132.75,7188.01,7190.58,7105.0,2971622747.352765,7131.01,316691491.64633,128.13095092773438,1474.699951171875,2.811000108718872,15347.5,4137052.0,,15773533.594633868,4162997120.0,113287340.36922646,,139608.0,,,6.587666666666667e-05
2019-12-22,7501.44,7131.59,7518.54,7122.47,4300102724.421989,7502.92,948741532.63742,132.3725128173828,1474.699951171875,2.811000108718872,15347.5,4137052.0,,15309710.429064386,4156516578.0,108781593.87726855,,388421.0,,,7.19e-05
2019-12-23,7317.09,7500.71,7695.38,7265.84,6735590032.193976,7314.01,1615203184.89148,128.6140899658203,1482.5,2.816999912261963,15347.5,4137052.0,,13428172.877432818,4157534461.0,92045964.0499964,,574530.0,,,0.0001
2019-12-24,7255.77,7317.3,7436.68,7157.04,5489098606.773394,7252.04,1087303262.61196,129.0638885498047,1499.0999755859375,2.838500022888184,15347.5,4137052.0,,11429774.225867843,4168374253.0,80459758.78496182,,383946.0,,,0.0001
2019-12-25,7204.63,7255.77,7271.77,7128.86,4099280263.539562,7201.45,699094669.90656,126.4546356201172,1499.0999755859375,2.838500022888184,15347.5,4165591.0,,11567562.87275472,4163465273.0,82390792.9958009,,243151.0,,,8.702333333333334e-05
2019-12-26,7202.0,7205.01,7435.0,7157.12,4663014059.802477,7197.46,973097296.8158,126.36122131347656,1509.300048828125,2.864500045776367,15347.5,4165591.0,,15106796.561296932,4166438994.0,107494237.73670918,,338429.0,,,5.715333333333334e-05
2019-12-27,7254.74,7202.0,7275.86,7076.42,4681943608.004332,7248.4,808407623.10806,127.21460723876952,1513.800048828125,2.8364999294281006,15347.5,4165591.0,,13066353.59782735,4158843299.0,93333320.1905558,,291675.0,,,-3.951e-05
2019-12-28,7316.14,7254.77,7365.01,7238.67,4057826531.500333,7311.48,667101749.38177,128.3227081298828,1513.800048828125,2.8364999294281006,15347.5,4165591.0,,13633556.486686502,4162827617.0,95908032.4716746,,228296.0,,,-3.264e-05
2019-12-29,7388.24,7315.36,7528.45,7288.0,4112850420.3780856,7383.67,756943061.50809,134.7579803466797,1513.800048828125,2.8364999294281006,15347.5,4165591.0,,14265266.732108835,4158217639.0,99770100.89335278,,270370.0,,,-7.325666666666666e-05
2019-12-30,7246.0,7388.43,7408.24,7220.0,4371778093.848467,7240.43,689435672.16509,132.63348388671875,1514.5,2.827500104904175,15347.5,4165591.0,,15200858.093665868,4160767782.0,106850559.66642946,,245779.0,,,-9.859333333333332e-05
2019-12-31,7195.23,7246.0,7320.0,7145.01,3690278768.403969,7189.0,643792056.63886,129.61085510253906,1519.5,2.7939999103546143,15347.5,4165591.0,,13094040.611803146,4165375371.0,93333320.1905558,,226778.0,,,-3.839e-05
2020-01-01,7200.85,7195.24,7255.0,7175.15,2978767960.1618776,7197.57,409678760.56957,130.802001953125,1519.5,2.7939999103546143,15427.1,4173626.0,,15696175.339582557,4164162469.0,112929774.50430363,,145593.0,,,-0.0001146866666666
2020-01-02,6965.71,7200.77,7212.5,6924.74,3981755574.397457,6962.04,815627831.08338,127.4101791381836,1524.5,2.8329999446868896,15427.1,4173626.0,,12510870.124961056,4165317677.0,96717718.31238092,,314214.0,,,4.588666666666667e-05
2020-01-03,7344.96,6965.49,7405.0,6871.04,6764406092.353165,7341.72,1507313613.42952,134.1717071533203,1549.199951171875,2.798500061035156,15427.1,4173626.0,,15288964.704059092,5254668680.0,115924073.72193182,,591743.0,,,2.261e-05
2020-01-04,7354.11,7345.0,7404.0,7272.21,3999392493.294183,7350.71,678402363.73751,135.06936645507812,1549.199951171875,2.798500061035156,15427.1,4173626.0,,15396436.571204131,5309445438.0,115238132.457305,,266307.0,,,5.823666666666667e-05
2020-01-05,7358.75,7354.19,7495.0,7318.0,4539988111.562419,7354.36,874488521.38096,136.2767791748047,1549.199951171875,2.798500061035156,15427.1,4173626.0,,15154308.739154348,5313639002.0,111808426.13417092,,336498.0,,,0.0001
2020-01-06,7758.0,7357.64,7795.34,7346.76,6230877945.317331,7757.39,1272203777.30362,144.3041534423828,1566.199951171875,2.80049991607666,15427.1,4173626.0,,12724106.511646774,5307665901.0,92602070.72462,,464287.0,,,0.0001
2020-01-07,8145.28,7758.9,8207.68,7723.71,8500460120.460152,8152.49,2233372067.10005,143.5439910888672,1571.800048828125,2.803999900817871,15427.1,4173626.0,,17438098.735904854,5316662384.0,120725662.57431954,,770691.0,,,0.0001
2020-01-08,8055.98,8145.92,8455.0,7870.0,9986462373.987455,8059.84,2644782835.79284,141.2581329345703,1557.4000244140625,2.819000005722046,15427.1,4149544.0,,14616769.272737855,5295913229.0,97403659.57700774,,924316.0,,,0.00010838
2020-01-09,7817.76,8054.72,8055.96,7750.0,6227138836.283743,7818.59,1478591346.02358,138.9792022705078,1551.699951171875,2.810499906539917,15427.1,4149544.0,,15513813.57099745,5267101550.0,107692778.54641,,551153.0,,,0.0001
2020-01-10,8197.02,7817.74,8199.0,7672.0,7639693005.994577,8207.09,2013738849.92087,143.96377563476562,1557.5,2.81850004196167,15427.1,4149544.0,,14691719.27002186,5265618826.0,102205248.42939548,,780757.0,,,0.0001
2020-01-11,8020.01,8198.86,8286.34,8003.16,6657873723.075914,8020.56,1338581053.9655,142.92710876464844,1557.5,2.81850004196167,15427.1,4149544.0,,16533626.474521209,5251478483.0,111808426.13417092,,511669.0,,,0.0001261533333333
2020-01-12,8184.98,8020.01,8197.0,7960.0,5035214323.133463,8186.7,881428055.68761,145.87393188476562,1557.5,2.81850004196167,15427.1,4149544.0,,15317418.311509728,5226712649.0,103577130.9586491,,359517.0,,,0.0001
2020-01-13,8110.34,8184.97,8196.0,8055.89,4740848973.768532,8113.0,604921759.06788,144.22659301757812,1548.4000244140625,2.861500024795532,15427.1,4149544.0,,14495026.563653007,5237537662.0,98089600.84163456,,269510.0,,,0.0001
2020-01-14,8810.01,8110.34,8880.0,8105.54,13187406044.090448,8825.0,2496741836.26976,165.95535278320312,1542.4000244140625,2.875999927520752,15427.1,4149544.0,,15516842.933479868,5223177049.0,99850250.9686384,,980297.0,,,0.000153
2020-01-15,8821.41,8814.64,8916.48,8564.0,11643454134.553335,8825.3,2084078908.15777,166.23068237304688,1552.0999755859375,2.869999885559082,15427.1,4175850.0,,16513288.315123428,5208501013.0,110915119.3661842,,631236.0,,,0.0002629633333333
2020-01-16,8720.01,8820.01,8859.81,8586.0,7839880794.39741,8725.08,1460649456.34463,164.39100646972656,1549.0,2.851999998092652,15427.1,4175850.0,,17261551.58013654,5226792450.0,116791417.08094886,,431271.0,,,0.0002755233333333
2020-01-17,8913.28,8720.15,9041.65,8672.44,9836490932.640934,8918.72,1827760141.13558,170.7799530029297,1558.800048828125,2.8494999408721924,15427.1,4175850.0,,17613349.140112635,5224192960.0,116791417.08094886,,601001.0,,,0.0002725866666666
2020-01-18,8915.96,8913.27,8988.88,8806.38,6898342591.38055,8925.0,1021654832.44937,175.3656768798828,1558.800048828125,2.8494999408721924,15427.1,4175850.0,,14679294.402831117,5216409706.0,96958912.29361787,,335220.0,,,0.0002375433333333
2020-01-19,8701.7,8915.09,9198.98,8466.0,9081446365.669598,8705.85,1990403744.33708,166.9698486328125,1558.800048828125,2.8494999408721924,15427.1,4175850.0,,16595272.76076882,5213681748.0,110180582.1518386,,669619.0,,,0.0005061233333333
2020-01-20,8642.35,8701.72,8746.99,8521.28,5872074428.444007,8650.0,1083263125.12439,167.12051391601562,1558.800048828125,2.8494999408721924,15427.1,4175850.0,,16445737.75961425,5218945732.0,111649656.58052978,,353115.0,,,0.00016828
2020-01-21,8736.03,8642.35,8789.0,8488.0,5169890348.64299,8742.43,931932876.50871,169.69715881347656,1556.4000244140625,2.798500061035156,15427.1,4175850.0,,16560594.190043887,5213140823.0,112384193.79487535,,302485.0,,,0.0001440733333333
2020-01-22,8682.36,8736.04,8818.0,8590.0,4569694822.509597,8684.57,819676430.85578,168.29415893554688,1555.300048828125,2.7669999599456787,15427.1,4145912.0,,16936038.780371163,5211780488.0,114587805.43791208,,252037.0,,,0.0001379733333333
2020-01-23,8404.52,8682.77,8691.81,8306.39,6480808029.350588,8409.6,1383035382.70483,162.92855834960938,1564.5999755859375,2.7260000705718994,15427.1,4145912.0,,16801292.57844298,5219507119.0,116791417.08094886,,494800.0,,,0.0002410133333333
2020-01-24,8439.0,8404.52,8528.02,8238.0,5586526056.566507,8441.96,1217077351.53608,163.05117797851562,1571.0999755859375,2.685499906539917,15427.1,4145912.0,,15957454.424089456,5207461769.0,111649656.58052978,,457222.0,,,0.0003826366666666
2020-01-25,8340.58,8438.99,8451.26,8254.9,4009483154.624157,8344.64,809079683.34699,161.283935546875,1571.0999755859375,2.685499906539917,15427.1,4145912.0,,17094567.344844915,5218377512.0,120464103.15267676,,281807.0,,,0.0001
2020-01-26,8615.0,8340.01,8618.13,8293.66,4257712171.3469286,8611.21,999306483.13926,168.0771026611328,1571.0999755859375,2.685499906539917,15427.1,4145912.0,,15081430.90304551,5212747889.0,105038821.65141945,,332673.0,,,0.0001
2020-01-27,8907.57,8614.39,9000.0,8535.0,6808304804.178849,8913.61,1511064610.55725,170.93089294433594,1576.800048828125,2.5964999198913574,15427.1,4145912.0,,14088071.298148068,5215100891.0,94755300.65058112,,529385.0,,,0.0001
2020-01-28,9374.21,8907.57,9400.0,8862.4,9421186022.354742,9398.98,2222778105.27098,176.3703155517578,1569.199951171875,2.5794999599456787,15427.1,4145912.0,,16047395.95974606,5205612968.0,107492950.68599442,,682786.0,,,0.00044361
2020-01-29,9301.53,9375.34,9449.24,9216.0,7635748733.336847,9311.0,1584974428.29945,175.0503387451172,1569.800048828125,2.553499937057495,15427.1,4151630.0,,18676230.96807949,5233041178.0,123011831.71279211,,501086.0,,,0.0007473699999999
2020-01-30,9513.21,9301.57,9578.0,9204.44,7874739820.019675,9525.67,1789181440.43438,184.6904754638672,1583.5,2.5234999656677246,15427.1,4151630.0,,18296297.023502707,5217089947.0,119936535.91997232,,589821.0,,,0.0002777633333333
2020-01-31,9352.89,9511.52,9530.22,9210.01,6686246122.985655,9364.51,1373298967.87264,180.16017150878903,1582.9000244140625,2.5199999809265137,15427.1,4151630.0,,16816885.301094957,5219496781.0,110710648.541513,,413514.0,,,0.0005685433333333
2020-02-01,9384.61,9351.71,9464.53,9281.0,4801143700.09764,9392.74,1024210862.88076,183.6739501953125,1582.9000244140625,2.5199999809265137,15493.4,4151630.0,,17714525.987433024,5215493221.0,116092416.17894764,,330391.0,,,0.0006323666666666
2020-02-02,9331.51,9384.41,9477.03,9120.0,6914708918.259031,9338.2,1391948766.66181,188.61753845214844,1582.9000244140625,2.5199999809265137,15493.4,4151630.0,,16773773.947430624,5217125110.0,109941824.59330806,,427746.0,,,0.00042901
2020-02-03,9292.24,9331.59,9618.79,9234.0,6566790345.768069,9300.64,1491076833.73277,189.8650665283203,1577.199951171875,2.513000011444092,15493.4,4151630.0,,17282079.352203306,5221576809.0,113785944.3343328,,454026.0,,,0.00035513
2020-02-04,9197.02,9291.35,9350.0,9093.01,6426930736.860713,9198.35,1363688333.14538,189.25059509277344,1550.4000244140625,2.547499895095825,15493.4,4151630.0,,15208967.466636589,5227503089.0,101484761.16305356,,419931.0,,,0.0006397466666666
2020-02-05,9612.04,9197.02,9744.45,9177.22,8254704649.601482,9630.0,2014987376.43659,204.2302398681641,1557.800048828125,2.5789999961853027,15493.4,4166707.0,,18710366.6877888,5213678251.0,122243007.76458718,,514211.0,,,0.0002421033333333
2020-02-06,9772.0,9612.03,9862.57,9526.35,8835529647.010471,9778.12,1950865328.54665,212.33908081054688,1565.0999755859375,2.5985000133514404,15493.4,4166707.0,,16356075.64852901,5207120904.0,103791233.00766842,,448955.0,,,0.0009932933333333
2020-02-07,9813.73,9772.0,9885.0,9730.0,7571581707.67771,9821.52,1272175090.89561,222.7260589599609,1568.5999755859375,2.559000015258789,15493.4,4166707.0,,16989945.75872416,5213445935.0,106866528.80048823,,304814.0,,,0.0002998666666666
2020-02-08,9895.05,9813.87,9940.0,9667.11,7488986192.75135,9906.43,1270369231.27298,223.14651489257807,1568.5999755859375,2.559000015258789,15493.4,4166707.0,,17045268.90487549,5203278636.0,106866528.80048823,,289024.0,,,0.0006736266666666
2020-02-09,10151.75,9895.04,10166.0,9880.75,8082805401.399399,10167.38,1446593331.85639,228.5785675048828,1568.5999755859375,2.559000015258789,15493.4,4166707.0,,19270524.401878987,5207645131.0,117630064.07535753,,299267.0,,,0.0007942366666666
2020-02-10,9851.83,10151.72,10188.0,9756.0,8892297424.480629,9865.56,1831546625.42966,223.522705078125,1574.699951171875,2.557499885559082,15493.4,4166707.0,,15102310.98245595,5234937139.0,93796521.681004,,361908.0,,,0.00109891
2020-02-11,10223.08,9851.74,10323.59,9700.0,9043460795.887035,10229.06,1906183204.95577,235.8511962890625,1565.5999755859375,2.588500022888184,15493.4,4166707.0,,18415193.83990523,5216282014.0,114210895.7545908,,405744.0,,,0.0005296866666666
2020-02-12,10326.46,10223.08,10450.0,10223.08,10449637906.618074,10339.99,1650500848.23864,265.4061279296875,1567.4000244140625,2.6059999465942383,15493.4,4182689.0,,18326535.983510204,5214293606.0,109742275.1892226,,352011.0,,,0.0017064633333333
2020-02-13,10229.63,10325.33,10500.0,10080.0,12223925907.610851,10239.63,2192034973.13267,268.0992431640625,1575.0999755859375,2.619499921798706,15493.4,4182689.0,,18111002.08721492,5209223879.0,108969442.26535484,,476536.0,,,0.0008279
2020-02-14,10344.36,10227.78,10381.56,10111.37,9553952876.562733,10356.82,1345001966.03801,284.2174987792969,1582.699951171875,2.6054999828338623,15493.4,4182689.0,,17299385.865360275,5217805808.0,104332444.72214828,,285527.0,,,0.00064575
2020-02-15,9904.72,10344.36,10375.0,9801.0,10440252292.0495,9914.99,1533600988.37217,264.72857666015625,1582.699951171875,2.6054999828338623,15493.4,4182689.0,,17966441.697241098,5216736574.0,109742275.1892226,,342771.0,,,0.00081114
2020-02-16,9917.27,9904.46,10050.0,9638.12,9947217779.436316,9921.86,1398906974.55862,259.89471435546875,1582.699951171875,2.6054999828338623,15493.4,4182689.0,,17543982.77977254,5216265202.0,109742275.1892226,,336995.0,,,0.00049674
2020-02-17,9706.0,9910.7,9964.16,9452.67,10645072620.17422,9716.0,1795989784.48734,266.3634338378906,1582.699951171875,2.6054999828338623,15493.4,4182689.0,,19057193.319029115,5225418396.0,121334769.04723918,,420424.0,,,0.0006507166666666
2020-02-18,10164.71,9706.0,10250.0,9576.01,10710314906.06878,10174.32,1642320613.87592,281.944580078125,1600.0,2.609999895095825,15493.4,4182689.0,,18481750.76491988,5234468006.0,115924938.5801648,,423479.0,,,0.00023527
2020-02-19,9593.79,10164.78,10250.0,9350.0,10228783948.77632,9593.65,1861820032.84195,259.76397705078125,1607.5,2.612499952316284,15493.4,4171570.0,,17718893.7005806,5219987909.0,108969442.26535484,,468591.0,,,0.0004188
2020-02-20,9596.42,9594.65,9699.0,9400.0,9997223678.26708,9601.99,1370467343.1851,257.949462890625,1616.5999755859375,2.595000028610229,15493.4,4171570.0,,15098801.350730533,5219777245.0,97376948.40733844,,359857.0,,,0.0001
2020-02-21,9677.05,9597.21,9755.51,9550.21,8514678657.687953,9681.39,957995037.551,265.6006164550781,1644.5999755859375,2.618000030517578,15493.4,4171570.0,,18647601.61634399,5217824059.0,119016270.27563588,,234972.0,,,0.0001
2020-02-22,9650.86,9677.05,9709.17,9560.02,6406066015.211671,9659.2,563688224.30407,262.33172607421875,1644.5999755859375,2.618000030517578,15493.4,4171570.0,,17871695.148941305,5223786753.0,114379272.73242924,,144942.0,,,0.0001074766666666
2020-02-23,9936.4,9650.85,9990.0,9645.0,7723174514.162352,9943.12,959596142.38798,273.754150390625,1644.5999755859375,2.618000030517578,15493.4,4171570.0,,17496675.571172662,5223233490.0,109742275.1892226,,242736.0,,,0.0004466033333333
2020-02-24,9656.13,9936.4,9990.0,9473.56,9044298110.835283,9662.95,1535789024.65726,265.2164306640625,1672.4000244140625,2.5924999713897705,15493.4,4171570.0,,17151947.895683426,5232871950.0,108969442.26535484,,376232.0,,,0.0002445366666666
2020-02-25,9315.84,9655.52,9675.0,9250.0,9117679280.020288,9326.0,1596316068.55609,247.81759643554688,1646.9000244140625,2.5964999198913574,15493.4,4171570.0,,17076615.222739667,5211489920.0,111005384.3400511,,387056.0,,,0.00035567
2020-02-26,8785.25,9316.48,9377.44,8633.63,11716793959.093504,8792.22,2409004404.57587,225.6802673339844,1640.0,2.576499938964844,15493.4,4158637.0,,15387894.339610783,5209043108.0,104700775.42728595,,625618.0,,,0.0004182
2020-02-27,8823.21,8786.0,8971.77,8531.0,10245181765.27122,8828.0,1763578868.15436,226.75338745117188,1640.0,2.571500062942505,15493.4,4158637.0,,16153495.175185652,5204016005.0,113169220.49861053,,468160.0,,,0.0001245433333333
2020-02-28,8692.91,8823.25,8900.0,8445.0,8865038630.363718,8699.57,1698656157.08208,226.760498046875,1564.0999755859375,2.5460000038146973,15493.4,4158637.0,,17152494.151843447,5227478797.0,121637665.56993525,,505728.0,,,0.0001508766666666
2020-02-29,8523.61,8690.8,8790.0,8523.55,6265716996.0240345,8531.98,898160923.81681,219.8485107421875,1564.0999755859375,2.5460000038146973,15493.4,4158637.0,,15120076.811947783,5220002948.0,107010351.35582905,,227580.0,,,0.00061349
2020-03-01,8531.88,8523.61,8750.0,8411.0,7000543562.222426,8537.84,1494294629.10932,218.97059631347656,1564.0999755859375,2.5460000038146973,16033.0,4158637.0,,18963512.363615222,5215638676.0,136264979.78404152,,369977.0,,,0.0003609433333333
2020-03-02,8915.24,8530.3,8965.75,8498.0,8589073881.92721,8919.7,1405207928.76918,230.5697784423828,1592.300048828125,2.6010000705718994,16033.0,4158637.0,,16297899.35305092,5221395337.0,114708937.78430596,,344845.0,,,0.0001290666666666
2020-03-03,8760.07,8911.18,8919.65,8651.0,8600732438.354351,8765.0,1406716868.87184,224.4796295166016,1642.0999755859375,2.5794999599456787,16033.0,4158637.0,,16818596.05438768,5222976921.0,117788372.35569674,,353602.0,,,0.0001
2020-03-04,8750.87,8760.07,8848.29,8660.0,7120435266.966484,8756.93,923600039.89969,224.5179748535156,1641.0999755859375,2.5929999351501465,16033.0,4241507.0,,18309565.67909072,5236396425.0,128566393.35556456,,235786.0,,,0.00014776
2020-03-05,9054.68,8750.99,9159.42,8746.54,7582174268.938319,9062.81,1458350448.94803,229.2681884765625,1666.4000244140625,2.5824999809265137,16033.0,4241507.0,,18364687.892554343,5235859157.0,125486958.78417374,,345576.0,,,0.0001766733333333
2020-03-06,9131.88,9054.64,9170.0,8985.5,7778228104.272596,9139.48,1045435230.09336,243.5252990722656,1670.800048828125,2.572999954223633,16033.0,4241507.0,,17634978.53129068,5219892543.0,119328089.64139213,,268677.0,,,0.00025946
2020-03-07,8886.66,9130.89,9188.0,8835.0,6869898805.083422,8897.18,1135455550.23333,237.85308837890625,1670.800048828125,2.572999954223633,16033.0,4241507.0,,17782479.8181797,5234765456.0,120867806.92708752,,284694.0,,,0.0003475866666666
2020-03-08,8033.31,8885.25,8886.76,8000.0,9602056825.35552,8038.46,2003492668.69928,200.6890563964844,1670.800048828125,2.572999954223633,16033.0,4241507.0,,16817411.1167159,5233141660.0,121637665.56993525,,470369.0,,,0.0004911766666666
2020-03-09,7929.87,8034.76,8179.31,7632.01,11331338301.637829,7932.15,2627368283.37935,201.986328125,1674.5,2.5239999294281006,16033.0,4241507.0,,14804287.571868695,5203701914.0,120142063.4511651,,787176.0,,,0.0001
2020-03-10,7894.56,7929.87,8149.0,7728.01,9292688448.51716,7897.66,2044527824.74198,200.76724243164065,1659.0999755859375,2.5339999198913574,16033.0,4241507.0,,13126718.50316991,5239068531.0,108616241.39191228,,510774.0,,,0.0001
2020-03-11,7934.52,7894.57,7980.0,7590.0,8203242740.51914,7938.39,1724800753.69309,194.8685302734375,1641.4000244140625,2.51200008392334,16033.0,4311911.0,,11675017.99037747,5240004951.0,97919187.31543608,,427132.0,,,0.0001429933333333
2020-03-12,4800.0,7934.58,7966.17,4410.0,17870075022.225548,4764.65,4935684191.16036,112.3471221923828,1589.300048828125,2.4809999465942383,16033.0,4311911.0,,12319821.760446647,5266784835.0,124250397.34983888,,1626575.0,,,1.8076666666666662e-05
2020-03-13,5578.6,4800.01,5955.0,3782.13,18122621554.91157,5570.26,4777193239.09059,133.20181274414062,1515.699951171875,2.4739999771118164,16033.0,4311911.0,,8165229.377097228,5291631068.0,102856289.19688664,,2616875.0,,,-0.0012715033333333
2020-03-14,5172.06,5576.05,5640.52,5055.13,9332173612.49187,5167.01,1697439879.44057,123.30602264404295,1515.699951171875,2.4739999771118164,16033.0,4311911.0,,8660855.114887001,5379667629.0,105324840.13761193,,814328.0,,,-0.0004389733333333
2020-03-15,5361.3,5172.48,5940.0,5093.1,7666817948.435741,5357.32,1916062699.25133,125.21430206298828,1515.699951171875,2.4739999771118164,16033.0,4311911.0,,7931045.555259421,5317438666.0,97919187.31543608,,843103.0,,,-0.00050297
2020-03-16,5028.97,5360.33,5365.42,4442.12,10713367314.000223,5026.26,3043134893.44952,110.60587310791016,1485.9000244140625,2.3984999656677246,16033.0,4311911.0,,7401854.946946081,5382554280.0,97919187.31543608,,1507210.0,,,-0.0005183766666666
2020-03-17,5312.64,5028.86,5525.0,4921.45,8073645172.382363,5307.38,2271134947.39557,113.9427490234375,1524.9000244140625,2.315500020980835,16033.0,4311911.0,,8133975.319607254,5400239482.0,101210588.56973644,,1095986.0,,,-0.0001269466666666
2020-03-18,5393.04,5312.64,5436.17,5009.37,7400757950.110576,5389.64,2108477121.1638,114.84226989746094,1477.300048828125,2.1605000495910645,16033.0,4668212.0,,6584358.285253773,5415890343.0,82285031.35750929,,947169.0,,,-0.0002786933333333
2020-03-19,6162.37,5393.26,6400.0,5252.53,10371658615.93766,6159.6,2922169778.65964,136.59385681152344,1478.5999755859375,2.200000047683716,16033.0,4668212.0,,7811503.887333855,5349324395.0,88044983.55253497,,1144025.0,,,-0.0002137833333333
2020-03-20,6208.36,6162.05,6900.0,5670.0,11689494395.792383,6203.77,3643186059.94639,132.73716735839844,1484.0,2.190500020980835,16033.0,4668212.0,,8674434.147375591,5431947001.0,89690684.17968515,,1326410.0,,,-2.213333333333333e-05
2020-03-21,6186.98,6204.57,6456.98,5860.02,8928163312.577492,6183.69,2387762770.11733,132.81871032714844,1484.0,2.190500020980835,16033.0,4668212.0,,9563838.471558709,5472107791.0,102033438.88331154,,1018887.0,,,-1.3816666666666673e-05
2020-03-22,5816.19,6187.04,6407.87,5734.01,8067363661.440113,5810.17,2379970465.43368,123.32115173339844,1484.0,2.190500020980835,16033.0,4668212.0,,9728210.80660287,5426181674.0,104501989.82403682,,1106517.0,,,2.460666666666667e-05
2020-03-23,6467.31,5816.05,6600.0,5688.0,9629853964.457748,6463.84,3012248578.73576,134.91160583496094,1567.0,2.119499921798706,16033.0,4668212.0,,8531097.402206948,5451439295.0,92159235.12041044,,1237006.0,,,-7.697e-05
2020-03-24,6744.72,6465.25,6833.0,6371.33,9754016582.935349,6741.33,2903592538.87217,138.76144409179688,1660.199951171875,2.197499990463257,16033.0,4668212.0,,10968745.372272171,5470600812.0,108616241.39191228,,1147146.0,,,0.0001
2020-03-25,6677.43,6744.69,6957.96,6450.0,8621750703.11591,6673.41,2667204859.2776,136.19589233398438,1632.300048828125,2.233999967575073,16033.0,5254278.0,,7667676.762091461,5489907859.0,75702228.84890854,,1086503.0,,,9.923666666666668e-05
2020-03-26,6737.36,6677.42,6780.0,6510.0,7422204629.027864,6733.76,1870132448.53115,138.36155700683594,1650.0999755859375,2.2079999446868896,16033.0,5254278.0,,13330608.526268031,5514391618.0,111836546.3991491,,835744.0,,,3.326333333333334e-05
2020-03-27,6359.11,6737.27,6842.59,6261.0,7416174971.635518,6353.64,1715677661.94467,133.9379425048828,1623.9000244140625,2.197000026702881,16033.0,5254278.0,,12940474.659130588,5500186845.0,107197274.86378048,,774549.0,,,4.403e-05
2020-03-28,6236.65,6359.11,6360.0,6024.0,7322534047.164106,6230.95,2120036125.18386,130.9864959716797,1623.9000244140625,2.197000026702881,16033.0,5254278.0,,10506107.865561072,5477220727.0,93365368.42974424,,1052551.0,,,-0.0002503866666666
2020-03-29,5881.42,6236.65,6266.0,5866.56,5030477241.754446,5876.27,1525085226.99231,125.58373260498048,1623.9000244140625,2.197000026702881,16033.0,5254278.0,,11535638.64759228,5488406930.0,104430893.57697324,,727137.0,,,-0.00026005
2020-03-30,6394.38,5880.5,6599.0,5857.76,7422297604.883807,6391.08,2435748934.7935,132.904541015625,1622.0,2.1619999408721924,16033.0,5254278.0,,11513187.800926993,5495536859.0,101664512.29016598,,1122269.0,,,-0.0003503633333333
2020-03-31,6410.44,6394.45,6523.23,6321.4,6118821236.733238,6407.1,1689175318.59372,133.59356689453125,1583.4000244140625,2.240000009536743,16033.0,5254278.0,,12822916.255201502,5489101190.0,109963656.15058772,,832989.0,,,-0.0001228533333333
2020-04-01,6642.92,6412.14,6679.94,6150.11,7000433100.673677,6641.51,2470585503.92402,135.63455200195312,1578.199951171875,2.191999912261963,17065.3,5811607.0,,12101647.205186697,5475221746.0,105814084.22037683,,1218199.0,,,-0.0003096666666666
2020-04-02,6794.09,6643.36,7198.0,6551.0,9941543222.74089,6791.63,3604597593.4311,142.02914428710938,1625.699951171875,2.2330000400543213,17065.3,5811607.0,,12946913.560765322,5497816074.0,105814084.22037683,,1463624.0,,,-2.2110000000000003e-05
2020-04-03,6734.1,6793.86,7048.0,6602.1,7594161597.950279,6729.8,2809083862.31635,142.09130859375,1633.699951171875,2.2100000381469727,17065.3,5811607.0,,11251257.156287868,7508836912.0,91290582.4646388,,1133968.0,,,6.375333333333333e-05
2020-04-04,6856.99,6732.97,6990.41,6650.01,5568109260.236971,6851.1,2168134179.35285,145.21939086914062,1633.699951171875,2.2100000381469727,17065.3,5811607.0,,13297577.924523797,7550852484.0,108580465.50718407,,962071.0,,,1.3563333333333333e-05
2020-04-05,6772.78,6857.41,6895.54,6677.52,4692466018.756651,6768.9,1622119002.66283,143.54664611816406,1633.699951171875,2.2100000381469727,17065.3,5811607.0,,14875203.69423279,7545887976.0,121029181.2978167,,726070.0,,,1.1873333333333334e-05
2020-04-06,7329.9,6772.78,7355.14,6765.0,8619267289.815601,7325.73,3269655313.60241,169.13587951660156,1677.0,2.234999895095825,17065.3,5811607.0,,11308082.641682146,7560767240.0,88524201.17783155,,1340436.0,,,-1.8176666666666665e-05
2020-04-07,7197.32,7329.9,7459.69,7077.0,8895038110.167374,7192.9,3065548691.90531,165.10194396972656,1664.800048828125,2.2885000705718994,17065.3,5811607.0,,15392384.451139966,7539495944.0,116188014.04590404,,1138099.0,,,-4.889e-05
2020-04-08,7361.28,7197.32,7420.0,7150.0,6922524489.965111,7357.66,2426530950.31658,172.64173889160156,1665.4000244140625,2.2780001163482666,17065.3,6083141.0,,13129153.58255437,7536601640.0,103260704.52088556,,1073805.0,,,4.638e-05
2020-04-09,7283.54,7360.26,7371.92,7108.08,6151094396.319355,7278.65,2136691783.39294,170.80714416503906,1736.199951171875,2.2774999141693115,17065.3,6083141.0,,14047829.637672683,7556608644.0,112650577.8263946,,906907.0,,,-2.953e-05
2020-04-10,6858.92,7283.54,7295.75,6739.98,7614207166.450035,6857.82,3057722780.62013,158.41244506835938,1736.199951171875,2.2774999141693115,17065.3,6083141.0,,14246593.259116136,7567816100.0,119234053.15391116,,1446344.0,,,4.999e-05
2020-04-11,6876.83,6858.92,6944.3,6760.0,5002791863.8641,6874.18,1535701119.55164,158.2160186767578,1736.199951171875,2.2774999141693115,17065.3,6083141.0,,13653871.302350244,7574038685.0,116308064.11945938,,748864.0,,,0.0001
2020-04-12,6903.79,6876.84,7177.0,6780.0,5924066502.55794,6900.52,2245397129.53634,161.14242553710938,1736.199951171875,2.2774999141693115,17065.3,6083141.0,,13339363.09124409,7573550113.0,111919080.56778164,,1022767.0,,,9.484333333333332e-05
2020-04-13,6837.91,6903.79,6903.79,6575.0,6567652327.870001,6834.0,2840095791.57115,156.27955627441406,1744.800048828125,2.320499897003174,17065.3,6083141.0,,14450636.975748578,7585847629.0,125086031.2228148,,1347569.0,,,-5.066333333333332e-05
2020-04-14,6868.7,6838.04,6978.0,6754.28,5731731885.978521,6864.11,1926255197.49405,157.5963897705078,1756.699951171875,2.3469998836517334,17065.3,6083141.0,,14453953.233236035,7577266826.0,122891539.44697596,,1076753.0,,,-5.272666666666667e-05
2020-04-15,6621.24,6868.57,6933.0,6605.0,5719650367.418195,6616.89,1902882417.25705,153.28689575195312,1727.199951171875,2.3125,17065.3,6367887.0,,14365232.928740002,7601649051.0,123623036.70558888,,1047657.0,,,-4.836000000000001e-05
2020-04-16,7101.94,6621.25,7190.0,6468.27,8473626726.340708,7098.15,3869854829.89996,172.15737915039062,1720.4000244140625,2.304500102996826,17065.3,6367887.0,,13247388.377174946,7583101059.0,112650577.8263946,,1710042.0,,,-0.0001555133333333
2020-04-17,7027.55,7101.99,7148.12,6972.98,5102300253.543125,7022.44,1958075004.68818,171.63858032226562,1689.199951171875,2.35349988937378,17065.3,6367887.0,,11247852.048445843,7806800292.0,92900151.8438449,,889818.0,,,8.333333333333332e-06
2020-04-18,7248.6,7026.78,7293.08,7014.4,5308821524.392685,7242.42,1616702892.39814,186.9140014648437,1689.199951171875,2.35349988937378,17065.3,6367887.0,,14134191.493141089,7789273679.0,115576566.86084642,,725318.0,,,-0.0001330633333333
2020-04-19,7120.74,7248.6,7266.15,7055.6,5080510413.909515,7118.03,1550386464.89985,181.61495971679688,1689.199951171875,2.35349988937378,17065.3,6367887.0,,13639871.660525396,7788091313.0,111187583.3091687,,742095.0,,,-5.531333333333333e-05
2020-04-20,6826.83,7121.4,7220.0,6751.0,7097923737.403381,6825.29,3107676568.44843,172.2971649169922,1701.5999755859375,2.3345000743865967,17065.3,6367887.0,,14111882.78586672,7811137265.0,117771058.63668528,,1416787.0,,,-2.982e-05
2020-04-21,6841.37,6828.98,6940.0,6762.0,4981243402.673654,6838.0,1972271576.59066,172.73770141601562,1678.199951171875,2.2669999599456787,17065.3,6367887.0,,12803036.815872366,7818340695.0,116039619.81187668,,1008926.0,,,-2.2396666666666665e-05
2020-04-22,7125.14,6841.36,7156.38,6818.0,5241934130.676462,7120.06,2147460698.31218,182.59957885742188,1728.699951171875,2.317500114440918,17065.3,6573136.0,,11469934.584562464,7798377533.0,103923467.23346885,,989944.0,,,-0.00015103
2020-04-23,7482.39,7125.12,7738.0,7020.0,8114191506.691576,7483.35,3475717726.54963,185.02867126464844,1733.300048828125,2.3239998817443848,17065.3,6573136.0,,12969946.026377251,8574121508.0,112649865.24543951,,1394322.0,,,-9.277e-05
2020-04-24,7505.0,7483.96,7615.96,7388.0,6065070058.226221,7504.11,2091451737.76575,189.2369384765625,1723.5,2.3480000495910645,17065.3,6573136.0,,13541879.92786431,8539810331.0,114236483.06579782,,867625.0,,,0.0001
2020-04-25,7538.67,7505.0,7705.0,7431.07,5710833544.291313,7534.01,1836251609.0206,195.5153045654297,1723.5,2.3480000495910645,17065.3,6573136.0,,12838425.267275147,8559269936.0,107890011.7843646,,696521.0,,,0.0001
2020-04-26,7693.1,7539.03,7700.0,7480.0,5903332216.676389,7694.17,2052434573.88043,197.31753540039065,1723.5,2.3480000495910645,17065.3,6573136.0,,13008106.874621157,8590997623.0,108683320.69454376,,770682.0,,,9.164333333333334e-05
2020-04-27,7774.62,7693.1,7792.02,7606.0,6921117216.5606365,7774.0,2236759632.39633,197.22471618652344,1711.9000244140625,2.381999969482422,17065.3,6573136.0,,13582412.194659865,8611982495.0,111856556.33526036,,812466.0,,,0.0001
2020-04-28,7738.98,7773.51,7780.0,7659.12,5693081512.379822,7735.75,1679915193.12297,198.41539001464844,1710.5,2.378999948501587,17065.3,6573136.0,,14890517.387050629,8619637269.0,122169572.16758937,,629745.0,,,0.0001
2020-04-29,8778.57,7738.58,8952.89,7710.05,13022441491.241585,8784.2,7297189826.77707,216.96823120117188,1703.4000244140625,2.374500036239624,17065.3,6655929.0,,15135052.53015609,8587374275.0,115029791.97597696,,2166001.0,,,0.0001
2020-04-30,8620.0,8778.58,9460.0,8401.0,15912889020.682968,8624.76,8437341148.3913,207.60205078125,1684.199951171875,2.3540000915527344,17065.3,6655929.0,,15078430.551191078,9133643922.0,107096702.87418544,,2467403.0,,,0.0004024166666666
2020-05-01,8826.96,8620.0,9059.18,8613.56,8926945479.267569,8830.52,3680586288.10126,214.21910095214844,1694.5,2.31850004196167,17932.9,6655929.0,,15497298.23182907,9126616215.0,111856556.33526036,,1367812.0,,,0.00017495
2020-05-02,8972.05,8825.67,9010.0,8753.0,7077564430.202616,8975.18,2627710360.02383,215.32537841796875,1694.5,2.31850004196167,17932.9,6655929.0,,16416021.392836977,9193487129.0,117409718.70651443,,940047.0,,,0.00010048
2020-05-03,8894.16,8972.58,9200.0,8712.0,9124743924.208475,8900.0,4049513026.35921,210.9331512451172,1694.5,2.31850004196167,17932.9,6655929.0,,18843537.04912024,9214328487.0,133275896.91009754,,1384410.0,,,0.0001499066666666
2020-05-04,8871.96,8894.15,8950.0,8522.0,8972493781.019344,8873.98,3852426972.1002,208.17401123046875,1706.9000244140625,2.3239998817443848,17932.9,6655929.0,,17335897.555737913,9241219478.0,125342807.80830598,,1337555.0,,,0.0001064166666666
2020-05-05,9021.83,8871.92,9118.58,8760.0,8406906562.878859,9022.78,3661156607.2414,206.7743988037109,1704.4000244140625,2.3410000801086426,17932.9,6655929.0,,17629550.915553264,9216369498.0,126330903.87563804,,1242337.0,,,0.0001
2020-05-06,9142.92,9021.36,9395.0,8906.21,9301516453.333715,9148.27,4664860084.31144,204.0557861328125,1684.199951171875,2.352499961853028,17932.9,6721420.0,,17657852.041197672,9300267684.0,123288445.65559772,,1422207.0,,,0.0001866033333333
2020-05-07,9986.4,9143.4,10067.0,9021.0,12491816653.508022,9995.0,7079465730.29004,212.28941345214844,1721.800048828125,2.385499954223633,17932.9,6721420.0,,17510216.557871986,9370846579.0,117684425.39852506,,2123654.0,,,0.0001
2020-05-08,9800.01,9986.3,10035.96,9705.0,9745547493.55654,9807.49,4537481797.57234,212.9915771484375,1709.9000244140625,2.408499956130981,17932.9,6721420.0,,16969568.8612757,9534829405.0,109678682.17413558,,1424767.0,,,0.0003443333333333
2020-05-09,9539.4,9800.02,9914.25,9520.0,8909907530.521034,9550.67,3999406853.4751,211.60012817382807,1709.9000244140625,2.408499956130981,17932.9,6721420.0,,16528409.40556098,9610103240.0,108878107.85169664,,1263146.0,,,0.0005862366666666
2020-05-10,8722.77,9539.1,9574.83,8117.0,13627043850.24546,8719.53,7302630276.90636,188.5995635986328,1709.9000244140625,2.408499956130981,17932.9,6721420.0,,18549410.97092908,9771974386.0,136097634.81462088,,2355225.0,,,0.0002077533333333
2020-05-11,8561.52,8722.77,9168.0,8200.0,12801193381.725414,8561.09,7000184961.90937,185.912841796875,1695.300048828125,2.381999969482422,17932.9,6721420.0,,15765837.131756503,9934841168.0,125690168.62291455,,2264667.0,,,0.0001
2020-05-12,8810.79,8562.04,8978.26,8528.78,8278574121.538667,8808.71,3246499322.14054,189.3125,1704.4000244140625,2.3605000972747803,17932.9,6721420.0,,7999174.070067768,9948283082.0,116883851.07608612,,1175263.0,,,0.0001
2020-05-13,9309.37,8810.99,9398.0,8792.99,8849717152.654156,9305.91,3445913924.84949,199.1932830810547,1713.9000244140625,2.3489999771118164,17932.9,6934227.0,,6694408.048413739,10101513689.0,95268344.37023447,,1220968.0,,,0.0001
2020-05-14,9791.98,9309.35,9939.0,9256.76,11875209645.42126,9786.8,5798873580.6393,202.9490966796875,1738.0999755859375,2.3510000705718994,17932.9,6934227.0,,6856714.620946562,10121541499.0,91265472.75803976,,1695335.0,,,0.0001
2020-05-15,9316.42,9791.97,9845.62,9150.0,10078140270.376093,9310.73,4784027638.71762,195.62266540527344,1753.4000244140625,2.3334999084472656,17932.9,6934227.0,,7419911.66859877,10249298855.0,100071790.3048682,,1496934.0,,,8.133333333333334e-05
2020-05-16,9381.27,9315.96,9588.0,9220.0,6461530329.329094,9374.99,2705830761.58087,200.6771240234375,1753.4000244140625,2.3334999084472656,17932.9,6934227.0,,7418865.917657989,10305047147.0,100872364.62730716,,965878.0,,,0.0001
2020-05-17,9680.04,9380.81,9888.0,9322.1,7243694995.238958,9678.57,2902728542.66065,207.15869140625,1753.4000244140625,2.3334999084472656,17932.9,6934227.0,,6102628.205977422,10326166033.0,81658580.88877237,,1028945.0,,,4.338e-05
2020-05-18,9733.93,9681.11,9950.0,9464.23,7678247677.255129,9731.1,3533354104.77906,214.52505493164065,1731.800048828125,2.4049999713897705,17932.9,6934227.0,,7780228.338612408,10418667342.0,102473513.27218504,,1130339.0,,,4.453333333333333e-05
2020-05-19,9775.53,9733.93,9897.21,9474.0,7155755073.906687,9773.64,3642878349.1972,213.4511108398437,1744.199951171875,2.4230000972747803,17932.9,6934227.0,,6961378.695207922,10391147030.0,92066047.08047871,,1134951.0,,,9.297333333333333e-05
2020-05-20,9511.43,9775.13,9842.0,9326.0,7353474756.341831,9508.11,3218411345.98419,210.09674072265625,1750.5999755859375,2.4674999713897705,17932.9,7037258.0,,6939731.456571011,10360655546.0,86731596.76375672,,992119.0,,,0.0001
2020-05-21,9068.65,9511.43,9578.47,8815.0,8402643191.068275,9060.0,4241795752.8548,199.88360595703125,1720.5,2.45199990272522,17932.9,7037258.0,,7536321.2168957535,10391787908.0,98579623.70355073,,1380765.0,,,2.594e-05
2020-05-22,9170.0,9067.51,9271.0,8933.52,6085033580.024953,9166.4,2515865909.3341,207.169189453125,1734.5999755859375,2.4089999198913574,17932.9,7037258.0,,6346743.695848945,10370369783.0,83529299.47400093,,826121.0,,,-2.263333333333332e-06
2020-05-23,9179.15,9170.0,9307.85,9070.0,5181888578.194952,9176.41,1852871137.72634,208.69439697265625,1734.5999755859375,2.4089999198913574,17932.9,7037258.0,,6856537.283812498,10347893082.0,89549429.16582084,,618223.0,,,1.2833333333333331e-05
2020-05-24,8720.34,9179.01,9298.0,8700.0,6596671036.025362,8711.37,3070856922.4242,202.370346069336,1734.5999755859375,2.4089999198913574,17932.9,7037258.0,,6578319.825551351,10354426866.0,87291880.53138837,,932576.0,,,8.213666666666667e-05
2020-05-25,8900.35,8718.14,8979.66,8642.72,6182465291.070228,8895.65,2667337683.37678,205.3197479248047,1734.5999755859375,2.4089999198913574,17932.9,7037258.0,,6886005.239702409,10426967666.0,94064526.43468578,,827138.0,,,-5.759999999999999e-06
2020-05-26,8841.18,8900.35,9017.67,8700.0,5680901249.177543,8837.05,2439508067.10614,201.90231323242188,1704.800048828125,2.438499927520752,17932.9,7037258.0,,6885340.534839119,10469104545.0,93312010.2232083,,791599.0,,,4.854666666666667e-05
2020-05-27,9204.07,8841.0,9225.0,8811.73,5980383525.163153,9197.32,2466842797.45267,208.86343383789065,1710.300048828125,2.4024999141693115,17932.9,7097316.0,,7756255.478237015,10459958289.0,103847237.18389316,,756027.0,,,-6.403333333333329e-06
2020-05-28,9575.89,9204.07,9625.47,9110.0,6874434890.106663,9569.59,3062477084.82549,219.8404235839844,1713.300048828125,2.4130001068115234,17932.9,7097316.0,,7626623.695453242,10488321003.0,98579623.70355073,,868282.0,,,-6.471666666666666e-05
2020-05-29,9427.07,9575.87,9605.26,9330.0,6967714635.543179,9422.26,2255365978.23178,220.6751251220703,1736.9000244140625,2.426500082015991,17932.9,7097316.0,,7513579.315343832,10505974269.0,95569558.85764076,,674762.0,,,1.297e-05
2020-05-30,9697.72,9426.6,9740.0,9331.23,5748649633.136116,9695.0,2431044087.19118,242.34559631347656,1736.9000244140625,2.426500082015991,17932.9,7097316.0,,9264695.867369149,10503235179.0,117392528.99048796,,744913.0,,,0.0001
2020-05-31,9448.27,9697.72,9700.0,9381.41,6405433023.580862,9446.43,2096318341.55532,230.9757080078125,1736.9000244140625,2.426500082015991,17932.9,7097316.0,,8960297.429729337,10569214749.0,112877431.72162303,,721445.0,,,0.0001
2020-06-01,10200.77,9448.27,10380.0,9421.67,7227180734.015766,10232.48,3267274407.65878,246.99176025390625,1737.800048828125,2.4744999408721924,18184.3,7097316.0,,8133042.25053657,10538152490.0,100837172.3379832,,989126.0,,,2.6756666666666667e-05
2020-06-02,9518.04,10202.71,10228.99,9266.0,9673349182.960863,9514.9,3459821278.61491,237.21905517578125,1725.199951171875,2.494499921798706,18184.3,7097316.0,,7898137.622497839,10570960469.0,97074591.28059576,,1031230.0,,,0.0004093
2020-06-03,9666.24,9518.02,9690.0,9365.21,5515675746.740351,9663.59,1770390770.5907,244.1793212890625,1697.800048828125,2.496500015258789,18184.3,7165217.0,,8303634.753660726,10655156494.0,104599753.39537065,,613491.0,,,9.548666666666668e-05
2020-06-04,9789.06,9666.32,9881.63,9450.0,5626722027.692834,9788.33,2564530031.26807,244.4263916015625,1718.9000244140625,2.493000030517578,18184.3,7165217.0,,9147002.276299795,10679144252.0,108319274.22458892,,837654.0,,,0.0001
2020-06-05,9621.16,9788.14,9854.75,9581.0,4983671530.36756,9617.29,2307020792.84172,241.22198486328125,1676.199951171875,2.556999921798706,18184.3,7165217.0,,10885247.618140915,10721790399.0,122192367.72521374,,744719.0,,,0.0001
2020-06-06,9666.3,9621.17,9735.0,9531.05,3380632035.910864,9664.0,1469881938.14958,241.9313201904297,1676.199951171875,2.556999921798706,18184.3,7165217.0,,11810273.35609253,10721947248.0,133797229.46448,,543517.0,,,0.0001
2020-06-07,9746.99,9666.85,9802.0,9372.46,4750254792.634063,9743.92,2440468630.5443,245.1672515869141,1676.199951171875,2.556999921798706,18184.3,7165217.0,,9569077.270074816,10745559218.0,108539589.20842996,,750436.0,,,0.0001
2020-06-08,9782.01,9746.99,9800.0,9633.0,3964579868.831001,9778.87,1575946981.01871,246.3099060058593,1698.300048828125,2.569999933242798,18184.3,7165217.0,,9841305.268985746,10771315119.0,110587505.98594747,,522186.0,,,0.0001
2020-06-09,9772.43,9782.0,9877.0,9570.0,4391899121.145718,9771.66,1986584445.30502,244.9114532470703,1714.699951171875,2.6005001068115234,18184.3,7165217.0,,9724553.976776768,10806649144.0,109222228.13426912,,612911.0,,,0.0001
2020-06-10,9885.0,9772.44,9992.72,9704.18,4934859681.550379,9884.99,1900724588.13658,247.4449462890625,1713.300048828125,2.657000064849853,18184.3,7168936.0,,10040659.491384408,10813173850.0,111952783.83762586,,604890.0,,,0.0001
2020-06-11,9280.4,9885.22,9964.0,9113.0,7166000214.80276,9278.03,3862130909.12521,231.70266723632807,1732.0,2.5864999294281006,18184.3,7168936.0,,11079793.320823384,10874186855.0,126288201.28024888,,1130763.0,,,0.0001
2020-06-12,9465.13,9278.88,9557.12,9232.51,4502042214.387932,9458.91,1992908459.95852,237.4932098388672,1729.300048828125,2.6015000343322754,18184.3,7168936.0,,9584163.616711188,10888632100.0,111270144.91178666,,704763.0,,,5.299333333333333e-05
2020-06-13,9473.34,9464.96,9494.73,9351.0,3236879808.8257046,9468.54,1068817694.4318,238.90884399414065,1729.300048828125,2.6015000343322754,18184.3,7168936.0,,9309079.429816712,10951465621.0,107856950.28259078,,383799.0,,,5.0916666666666666e-05
2020-06-14,9342.1,9473.34,9480.99,9245.0,3018907860.921878,9339.61,1350388889.47993,234.1147003173828,1729.300048828125,2.6015000343322754,18184.3,7168936.0,,9996857.117508778,10957871607.0,116048617.392661,,465639.0,,,9.034e-05
2020-06-15,9426.02,9342.1,9495.0,8910.45,5763455374.876699,9422.01,3811857667.87459,229.9289093017578,1720.300048828125,2.56850004196167,18184.3,7168936.0,,7964939.918093388,10965111646.0,94204171.7658072,,1194031.0,,,-4.120666666666666e-05
2020-06-16,9525.59,9426.05,9589.0,9373.09,4552541863.809875,9519.12,2143232282.69654,234.41616821289065,1729.5999755859375,2.565999984741211,18184.3,7168936.0,,8897219.822699154,10976327901.0,106884937.53919552,,710040.0,,,1.5949999999999998e-05
2020-06-17,9465.14,9526.97,9565.0,9236.61,4128316761.564549,9458.45,2143290042.11355,233.0282745361328,1729.199951171875,2.5920000076293945,18184.3,7094690.0,,8148261.841642334,11029191069.0,108283617.57348618,,693406.0,,,2.3179999999999995e-05
2020-06-18,9386.32,9465.13,9489.0,9280.0,3733850107.8482456,9381.59,1488056320.7728,232.1011657714844,1724.800048828125,2.5910000801086426,18184.3,7094690.0,,7236182.085741402,11059352876.0,96513659.14158548,,529928.0,,,-4.656666666666667e-05
2020-06-19,9310.23,9386.32,9438.3,9215.79,4264129989.8408985,9307.0,2048059719.36743,227.13829040527344,1745.9000244140625,2.615000009536743,18184.3,7094690.0,,8340204.888021223,11111778777.0,112206937.0507864,,666513.0,,,3.927666666666667e-05
2020-06-20,9358.95,9310.23,9395.0,9170.95,3613862341.342368,9354.04,1436354409.44428,229.2742614746093,1745.9000244140625,2.615000009536743,18184.3,7094690.0,,7966873.044938474,11204610239.0,107498953.67802612,,487200.0,,,7.062000000000001e-05
2020-06-21,9294.69,9358.95,9422.0,9281.54,3222279166.514408,9293.51,1033976410.97488,228.9898223876953,1745.9000244140625,2.615000009536743,18184.3,7094690.0,,8538672.191443814,11251934737.0,114560928.73716654,,369164.0,,,1.8843333333333333e-05
2020-06-22,9685.69,9294.69,9780.0,9277.09,4897180380.392196,9686.99,2482574353.64243,242.5331878662109,1756.699951171875,2.6554999351501465,18184.3,7094690.0,,8464549.04396924,11273784138.0,112206937.0507864,,723292.0,,,8.928e-05
2020-06-23,9624.89,9685.69,9720.0,9577.03,3917828324.914406,9631.66,1588083862.05429,244.14215087890625,1772.0999755859375,2.6600000858306885,18184.3,7094690.0,,9518289.247805577,11321533510.0,123976895.48268712,,495896.0,,,0.0001073833333333
2020-06-24,9296.49,9624.33,9670.0,9208.0,4384797041.216405,9298.4,2825265494.90329,235.7724609375,1765.800048828125,2.650500059127808,18184.3,7082302.0,,8206721.156304487,11278342437.0,109068281.46894622,,848598.0,,,0.0001042866666666
2020-06-25,9249.49,9298.33,9340.0,9009.69,4103282272.759825,9246.75,2510788505.43618,232.94448852539065,1762.0999755859375,2.6624999046325684,18184.3,7082302.0,,8141426.274903296,11293730318.0,110637609.25986633,,818875.0,,,0.0001
2020-06-26,9162.21,9249.49,9298.0,9045.45,3928402915.250556,9159.99,2285936800.87162,229.6680450439453,1772.5,2.671999931335449,18184.3,7082302.0,,9401429.95984874,11278284622.0,128684878.8554474,,781307.0,,,9.800333333333336e-05
2020-06-27,9012.0,9162.21,9196.24,8833.0,3516914100.6719217,9008.0,2153509215.41693,222.9597930908203,1772.5,2.671999931335449,18184.3,7082302.0,,7832957.019397421,11314086131.0,108283617.57348618,,737561.0,,,0.0001
2020-06-28,9116.35,9012.0,9191.0,8948.06,2549807105.7878094,9114.0,1395928886.65951,225.34716796875,1772.5,2.671999931335449,18184.3,7082302.0,,8492258.871376878,11356566314.0,117699584.31900674,,542300.0,,,8.289e-05
2020-06-29,9192.56,9116.16,9238.0,9024.67,3058839064.5119653,9189.48,1610778783.22314,228.1948699951172,1774.800048828125,2.679500102996826,18184.3,7082302.0,,8269538.186016339,11362578304.0,113776264.8417065,,584054.0,,,0.0001
2020-06-30,9138.55,9192.93,9205.0,9064.89,2891342638.5907507,9138.87,1311949155.72121,226.31500244140625,1793.0,2.713500022888184,18184.3,7082302.0,,8410501.573065963,11340637525.0,115344545.21897344,,482978.0,,,0.0001
2020-07-01,9232.0,9138.08,9292.0,9080.1,2796499842.473885,9233.29,1487427692.29113,231.1134185791016,1773.199951171875,2.7170000076293945,18335.4,7009040.0,,9299005.06724042,11364966592.0,127111309.03923196,,516577.0,,,0.0001
2020-07-02,9086.54,9231.99,9261.96,8940.0,3860979450.2028966,9087.72,2105533922.19592,229.39219665527344,1784.0,2.7335000038146973,18335.4,7009040.0,,9377644.459222805,11407164039.0,128680584.45946936,,745864.0,,,0.0001
2020-07-03,9058.26,9086.54,9125.0,9037.47,2806413210.490551,9057.52,881331916.25717,225.38706970214844,1784.0,2.7335000038146973,18335.4,7009040.0,,9270660.62786753,11412728411.0,127895946.74935064,,386831.0,,,0.0001
2020-07-04,9135.46,9057.79,9190.0,9040.04,2229010689.505028,9137.18,913030839.30531,229.07411193847656,1784.0,2.7335000038146973,18335.4,7009040.0,,8952389.139267966,11464409502.0,123188120.4886384,,350982.0,,,0.0001
2020-07-05,9069.41,9135.0,9145.24,8893.03,2740718859.0228825,9071.86,1261953986.20306,227.6645965576172,1784.0,2.7335000038146973,18335.4,7009040.0,,9244040.24913651,11529904626.0,127895946.74935064,,492204.0,,,0.0001
2020-07-06,9344.2,9069.41,9375.0,9055.92,4270728767.717736,9339.6,1843703742.26119,241.51022338867188,1788.5,2.7660000324249268,18335.4,7009040.0,,8823928.149529435,11546314438.0,120834207.3582823,,634369.0,,,0.0001
2020-07-07,9257.39,9342.47,9379.42,9203.0,3374283146.866783,9258.51,1184876083.76661,239.0755310058593,1804.199951171875,2.7874999046325684,18335.4,7009040.0,,9334886.599721791,11564186935.0,126326671.32911325,,478813.0,,,0.0001
2020-07-08,9436.06,9257.4,9470.0,9231.0,4566548629.86554,9436.08,1594244760.10968,246.6700134277344,1815.5,2.814500093460083,18335.4,6920716.0,,8818504.933352845,11594686617.0,118480294.22792618,,592752.0,,,0.0001
2020-07-09,9232.43,9436.06,9440.79,9160.0,3995897815.749117,9236.28,1751622435.13053,243.0159606933593,1799.199951171875,2.828000068664551,18335.4,6920716.0,,9558994.271173889,11636318095.0,128680584.45946936,,617648.0,,,0.0001
2020-07-10,9288.34,9232.42,9317.48,9125.0,3469120275.171437,9288.39,1295681629.8825,240.9849853515625,1798.199951171875,2.88700008392334,18335.4,6920716.0,,9252961.052722055,11680727643.0,126326671.32911325,,491950.0,,,0.0001
2020-07-11,9234.03,9288.34,9299.28,9178.25,2639535192.997928,9233.5,692340842.13135,239.4581756591797,1798.199951171875,2.88700008392334,18335.4,6920716.0,,9013582.525870128,11705882178.0,122403482.7785197,,317175.0,,,0.0001
2020-07-12,9302.75,9234.02,9345.0,9157.5,2811846189.6713533,9300.69,1182491576.57045,242.13169860839844,1798.199951171875,2.88700008392334,18335.4,6920716.0,,8782993.131068783,11752053854.0,119264931.93804488,,441481.0,,,0.0001
2020-07-13,9242.62,9303.31,9343.82,9200.89,4029407629.860755,9241.2,1262652034.01365,239.6045837402344,1811.0,2.941999912261963,18335.4,6920716.0,,8537041.277455878,11744415782.0,121474836.12740123,,480152.0,,,0.0001
2020-07-14,9255.85,9242.61,9279.54,9113.0,3612533404.080388,9254.17,1194751477.53481,240.21148681640625,1810.5999755859373,2.91599988937378,18335.4,6920716.0,,8309025.730540288,11761546287.0,124167138.54257391,,446248.0,,,0.0001
2020-07-15,9197.6,9255.85,9276.49,9160.57,3198364836.055807,9197.3,959516024.21559,238.42352294921875,1811.4000244140625,2.870500087738037,18335.4,6958604.0,,7959965.110914136,11754044965.0,118993507.76996668,,370017.0,,,0.0001
2020-07-16,9133.72,9197.6,9226.15,9047.25,3860504312.658215,9132.0,1350809171.27347,233.6408843994141,1798.699951171875,2.885999917984009,18335.4,6958604.0,,7775849.684415756,11794138928.0,117268964.1790976,,481727.0,,,0.0001
2020-07-17,9154.32,9133.72,9186.83,9089.81,2816496418.675183,9151.69,739789769.33429,232.7730865478516,1808.300048828125,2.887500047683716,18335.4,6958604.0,,6734729.99783596,11810635365.0,101748071.86127588,,287706.0,,,0.0001
2020-07-18,9170.28,9154.31,9219.3,9121.1,2350020535.132583,9171.8,579542001.39296,235.4838104248047,1808.300048828125,2.887500047683716,18335.4,6958604.0,,7444752.234901785,11829738730.0,112095333.40649036,,244456.0,,,0.0001
2020-07-19,9208.99,9170.3,9232.27,9101.35,2368199837.8327646,9210.51,692144095.42895,238.48751831054688,1808.300048828125,2.887500047683716,18335.4,6958604.0,,7496329.221202412,11874298788.0,112957605.20192488,,286788.0,,,0.0001
2020-07-20,9160.78,9208.99,9221.52,9131.0,3074273076.1838703,9161.13,664469650.80326,236.1531677246093,1815.9000244140625,2.8984999656677246,18335.4,6958604.0,,8087550.620231855,11949018691.0,121580323.1562703,,289419.0,,,0.0001
2020-07-21,9390.0,9160.78,9437.73,9152.8,4137933801.0518217,9388.01,1671206199.52861,245.0167236328125,1842.4000244140625,2.940999984741211,18335.4,6958604.0,,7259883.226328567,11918384608.0,107783974.42931764,,611810.0,,,0.0001
2020-07-22,9518.16,9390.0,9544.0,9261.0,3740223238.476069,9518.25,1189260919.42176,262.1906433105469,1864.0999755859373,2.908499956130981,18335.4,6964755.0,,8470012.361028945,11955733033.0,124167138.54257391,,491078.0,,,0.0001
2020-07-23,9603.27,9518.16,9664.0,9440.33,4399795243.500788,9604.41,1593882469.43966,274.6890563964844,1889.0999755859373,2.924499988555908,18335.4,6964755.0,,8120741.749354252,12077269700.0,117268964.1790976,,668882.0,,,0.0001
2020-07-24,9537.8,9603.27,9637.0,9463.44,3849820661.214243,9539.7,1279232338.52369,279.2154235839844,1897.300048828125,2.881999969482422,18335.4,6964755.0,,9618441.55269964,12183825803.0,138825759.0649611,,618868.0,,,0.0001
2020-07-25,9700.42,9538.1,9732.9,9513.0,4226632419.915408,9701.49,1284993355.34513,304.0567626953125,1897.300048828125,2.881999969482422,18335.4,6964755.0,,8547364.078904359,12326729637.0,122442594.95170484,,611499.0,,,0.0001
2020-07-26,9931.54,9700.42,10111.0,9650.0,5738107702.16641,9939.69,2598998008.67622,309.64361572265625,1897.300048828125,2.881999969482422,18335.4,6964755.0,,9751448.99029443,12351062268.0,136238943.6786575,,943377.0,,,0.00028479
2020-07-27,11029.96,9931.54,11394.86,9917.21,12145439280.65772,11047.58,7891956950.28577,321.5140991210937,1931.0,2.888000011444092,18335.4,6964755.0,,9729325.47674198,12443593229.0,128082098.07778554,,2438995.0,,,0.0006200633333333
2020-07-28,10906.27,11029.96,11242.23,10565.0,9471583998.95611,10919.94,5481417615.66494,316.6572570800781,1944.699951171875,2.9049999713897705,18335.4,6964755.0,,9930608.47691805,12361914818.0,121437040.3952344,,1858871.0,,,0.00119704
2020-07-29,11100.53,10906.27,11342.82,10812.0,7560637998.823117,11113.03,3965422424.83448,318.1908874511719,1953.5,2.9054999351501465,18335.4,6949032.0,,10263196.110583004,12665993060.0,123949530.88617031,,1247174.0,,,0.0007122833333333
2020-07-30,11099.61,11100.52,11170.0,10831.0,6108630234.625315,11111.96,2540930684.6047,334.5866394042969,1942.300048828125,2.9045000076293945,18335.4,6949032.0,,9338916.10868041,12835058562.0,113062072.09211469,,862242.0,,,0.00067754
2020-07-31,11335.46,11099.79,11444.0,10960.0,6821502189.022629,11343.68,3455848822.1417,345.5546569824219,1962.800048828125,2.858999967575073,18335.4,6949032.0,,10702899.601719016,12923775061.0,128137015.03773022,,999860.0,,,0.0005323933333333
2020-08-01,11801.17,11335.46,11861.0,11220.0,8004628511.764721,11811.42,4493961579.32069,385.19970703125,1962.800048828125,2.858999967575073,18411.2,6949032.0,,9909537.332039569,12974964290.0,114737065.75273862,,1276659.0,,,0.0003589699999999
2020-08-02,11071.35,11801.17,12123.46,10518.5,10075230476.131071,11079.72,5584559651.07942,370.6717224121094,1962.800048828125,2.858999967575073,18411.2,6949032.0,,10031716.874872938,13149553905.0,118087053.07398652,,1602398.0,,,0.0005424966666666
2020-08-03,11219.81,11071.36,11473.0,10936.0,6063189538.447476,11227.07,2689651526.95353,386.295166015625,1966.0,2.907999992370605,18411.2,6949032.0,,11403969.544351662,13286257170.0,135674486.51053798,,824455.0,,,0.0003850333333333
2020-08-04,11191.97,11219.68,11414.98,11000.0,6111890873.244637,11200.05,2245992628.82789,389.87548828125,2001.199951171875,2.88949990272522,18411.2,6949032.0,,10185395.673161602,13340618543.0,121437040.3952344,,760948.0,,,0.00033459
2020-08-05,11744.91,11191.99,11780.93,11093.0,7276140051.897337,11752.5,3037923802.72495,401.590576171875,2031.0999755859373,2.9114999771118164,18411.2,6945237.0,,9219289.189428153,13409099131.0,108037091.11024292,,922677.0,,,0.0001751833333333
2020-08-06,11762.46,11744.91,11900.0,11562.5,7012594256.400821,11770.56,2782205258.01308,394.9619445800781,2051.5,2.9054999351501465,18411.2,6945237.0,,11460379.660225406,13494155334.0,130649505.52866612,,849927.0,,,0.0003788733333333
2020-08-07,11594.23,11762.47,11909.94,11322.0,7167367161.891066,11596.06,3191651680.81522,379.5128479003906,2010.0999755859373,2.790499925613404,18411.2,6945237.0,,11094238.25906448,13582989963.0,127299518.20741823,,1006746.0,,,0.00025614
2020-08-08,11761.41,11594.36,11808.27,11512.0,4855761912.248128,11765.72,1808155550.968,393.98736572265625,2010.0999755859373,2.790499925613404,18411.2,6945237.0,,10365249.98079987,13759279354.0,118924549.9042985,,668174.0,,,0.0001
2020-08-09,11681.68,11761.02,11797.11,11521.97,4839085200.646288,11685.99,1462717950.80531,391.1204528808594,2010.0999755859373,2.790499925613404,18411.2,6945237.0,,11374503.080075618,13907432871.0,130649505.52866612,,579517.0,,,0.0001521333333333
2020-08-10,11892.92,11681.69,12067.35,11450.0,8020597340.613868,11896.89,3447830045.74761,395.8875732421875,2024.4000244140625,2.8585000038146973,18411.2,6945237.0,,10181950.23911984,13991031955.0,114926419.49958968,,1050412.0,,,0.00057372
2020-08-11,11392.08,11892.9,11935.0,11125.0,8317440452.393423,11392.64,3881574730.95979,380.3840637207031,1932.5999755859373,2.871999979019165,18411.2,6945237.0,,11037120.900881715,14020939556.0,129741892.84212302,,1267697.0,,,0.0003197466666666
2020-08-12,11564.33,11392.09,11617.52,11150.0,6776549604.10465,11568.36,2446503849.80986,391.024169921875,1934.9000244140625,2.88700008392334,18411.2,6957277.0,,11213281.012137232,14176850649.0,132269332.31307349,,863230.0,,,0.0001
2020-08-13,11780.0,11564.34,11792.96,11270.36,7411164850.695429,11790.0,2865188930.5497,428.7417907714844,1956.699951171875,2.803999900817871,18411.2,6957277.0,,10587611.50977742,14249517184.0,123844534.076572,,1005584.0,,,0.0001
2020-08-14,11760.54,11779.77,11850.0,11634.03,6406433973.068779,11767.89,1869288349.44223,437.3978271484375,1937.0,2.8559999465942383,18411.2,6957277.0,,12279561.327050122,14387959017.0,140694130.54957497,,675514.0,,,0.0002968966666666
2020-08-15,11852.4,11760.55,11980.0,11680.0,6423974011.460304,11859.04,2639621485.17468,433.35491943359375,1937.0,2.8559999465942383,18411.2,6957277.0,,11562674.479756474,14704135036.0,131426852.48942332,,894650.0,,,0.0002285133333333
2020-08-16,11911.0,11852.4,11931.72,11686.0,5543409548.335956,11921.23,1962706567.39091,433.78662109375,1937.0,2.8559999465942383,18411.2,6957277.0,,11246879.982568145,14690920330.0,128056933.19482274,,714142.0,,,0.0003198033333333
2020-08-17,12281.13,11910.99,12468.0,11769.78,8681848006.080112,12298.06,4026216925.4314,429.53125,1985.0,2.8980000019073486,18411.2,6957277.0,,9394487.71126149,14762828345.0,105309977.95626876,,1303673.0,,,0.00050636
2020-08-18,11945.01,12281.15,12387.77,11817.93,7953591222.154499,11960.79,3529402332.9399,423.6693115234375,1999.4000244140625,2.970999956130981,18411.2,6957277.0,,10585395.593895918,14920456513.0,117947175.31102096,,1103437.0,,,0.0009942233333333
2020-08-19,11754.59,11945.1,12020.08,11561.0,7189165473.046727,11763.87,3688115093.97591,406.4637756347656,1958.699951171875,3.0190000534057617,18411.2,7010637.0,,10187121.56387202,15185083668.0,116262215.6637207,,1165408.0,,,0.0005208933333333
2020-08-20,11853.55,11754.38,11888.0,11668.0,5177463877.124813,11857.92,1544542409.29488,416.4397888183594,1933.800048828125,2.970000028610229,18411.2,7010637.0,,10770628.279599898,15207549637.0,123002054.25292186,,607768.0,,,0.0001802
2020-08-21,11531.34,11853.54,11878.0,11485.81,6997766449.461601,11538.53,2282701561.58203,389.1263427734375,1934.5999755859373,2.9135000705718994,18411.2,7010637.0,,11397433.328783492,15324600530.0,130584372.66577318,,834388.0,,,0.0001
2020-08-22,11662.96,11531.23,11686.0,11376.81,5036854100.403981,11670.47,1462044717.32797,395.8351440429688,1934.5999755859373,2.9135000705718994,18411.2,7010637.0,,9813135.178934162,15456883545.0,114577256.0164204,,597341.0,,,0.0001
2020-08-23,11648.13,11663.51,11718.07,11514.13,3889218047.6502495,11654.0,1111234523.15725,391.3844909667969,1934.5999755859373,2.9135000705718994,18411.2,7010637.0,,11400692.485126149,15562683894.0,132269332.31307349,,500122.0,,,0.0001
2020-08-24,11748.2,11648.12,11824.9,11585.09,4391540342.487873,11753.3,1277174863.89318,408.1441955566406,1927.699951171875,2.922499895095825,18411.2,7010637.0,,10922288.872179652,15624440882.0,128593100.89647324,,551848.0,,,0.0001
2020-08-25,11318.42,11748.19,11767.85,11117.64,6344191673.38855,11327.17,3057706453.16736,384.00103759765625,1911.800048828125,2.930999994277954,18411.2,7010637.0,,9201128.54245541,15655410294.0,111720008.69546545,,1001625.0,,,0.0002086
2020-08-26,11461.43,11318.42,11539.32,11244.0,5443521954.359298,11466.22,1941776559.57683,386.4661254882813,1940.699951171875,2.9595000743865967,18411.2,6990418.0,,10131727.81673576,15685150712.0,123939384.64653216,,691342.0,,,0.0001545133333333
2020-08-27,11330.38,11461.42,11592.2,11125.0,6115274148.314046,11335.53,2880004202.03534,382.6326293945313,1921.5999755859373,2.9649999141693115,18411.2,6990418.0,,9132597.116294136,15711484829.0,112592821.26339878,,973264.0,,,0.0001
2020-08-28,11526.91,11330.38,11542.65,11276.89,4889477024.974408,11526.85,1481017951.74894,395.8746643066406,1964.5999755859373,2.994999885559082,18411.2,6990418.0,,11629601.283876684,15888150674.0,142268448.5731322,,606816.0,,,0.0001
2020-08-29,11465.84,11526.9,11580.02,11417.04,3838665811.103252,11466.66,962840624.05221,399.9214782714844,1964.5999755859373,2.994999885559082,18411.2,6990418.0,,10504136.347174136,15998429901.0,127430634.91826548,,420518.0,,,0.0001
2020-08-30,11711.16,11465.84,11719.0,11458.0,4654064456.64065,11714.14,1316261373.04529,428.3957214355469,1964.5999755859373,2.994999885559082,18411.2,6990418.0,,9202224.521921763,16210161464.0,110847196.12753214,,496802.0,,,0.0001
2020-08-31,11649.51,11711.17,11800.77,11570.0,5365119373.505064,11658.11,1487504145.43018,435.0797424316406,1967.5999755859373,3.04099988937378,18411.2,6990418.0,,10959842.686390046,16249877980.0,130921885.18999884,,563120.0,,,0.0001182033333333
2020-09-01,11921.97,11649.51,12050.85,11515.0,7690208943.900861,11930.18,2514017351.09218,477.0519104003906,1968.199951171875,3.009500026702881,18602.5,6990418.0,,11407082.859001456,15503545349.0,134413135.46173215,,832843.0,,,0.00026607
2020-09-02,11388.54,11921.97,11954.57,11160.1,8598692760.761131,11396.96,3230818459.5786,440.0404968261719,1934.4000244140625,3.003000020980835,18602.5,7017492.0,,10357734.864270762,15681224545.0,125685009.78239882,,1117921.0,,,0.00037669
2020-09-03,10140.85,11388.54,11462.6,9960.8,10770663616.754986,10141.08,5277899021.36762,385.67193603515625,1927.5999755859373,2.9579999446868896,18602.5,7017492.0,,8749011.687851593,15958924698.0,112592821.26339878,,1687610.0,,,0.00020977
2020-09-04,10446.25,10138.29,10627.05,9875.5,8849021819.123268,10448.0,4473051196.63027,388.24114990234375,1923.9000244140625,3.046499967575073,18602.5,7017492.0,,8769575.258550772,16043904271.0,117829696.6709988,,1490120.0,,,0.0001
2020-09-05,10166.69,10446.25,10565.68,9825.0,8776962976.456095,10168.71,4069493999.69946,335.26007080078125,1923.9000244140625,3.046499967575073,18602.5,7017492.0,,9016853.36771324,16219819219.0,123066572.0785988,,1602951.0,,,0.0001
2020-09-06,10256.2,10166.69,10347.14,9994.86,5650464036.548714,10258.13,1939661678.03638,353.3622741699219,1923.9000244140625,3.046499967575073,18602.5,7017492.0,,9573287.395965405,16284167836.0,130921885.18999884,,944246.0,,,0.0001
2020-09-07,10373.44,10255.89,10410.75,9875.0,5417102062.615061,10378.76,2616187381.74451,352.6734924316406,1923.9000244140625,3.046499967575073,18602.5,7017492.0,,11057314.014397496,16338953018.0,151709442.06778005,,1168286.0,,,0.0001
2020-09-08,10126.65,10373.45,10438.0,9850.0,5828157885.183769,10129.02,3206824298.7522,337.60211181640625,1933.0,3.012500047683716,18602.5,7017492.0,,9813984.859429434,16662368965.0,133652505.32879294,,1398140.0,,,0.0001
2020-09-09,10219.2,10126.66,10343.0,9981.01,4048393605.118488,10219.29,1540063640.01559,351.1100158691406,1944.699951171875,3.039999961853028,18602.5,7010614.0,,9466733.03799691,16652549314.0,128478859.9612268,,780555.0,,,0.0001
2020-09-10,10336.87,10219.29,10483.35,10070.83,4907704869.447315,10335.91,1940858757.01846,368.1018981933594,1954.199951171875,2.986999988555908,18602.5,7010614.0,,10207004.076402344,16997307259.0,136239328.01257607,,864506.0,,,0.0001
2020-09-11,10387.89,10336.86,10397.6,10200.0,3947301394.263569,10387.81,1399304758.52121,374.6955871582031,1937.800048828125,3.0339999198913574,18602.5,7010614.0,,8883879.666983783,17095801532.0,118993843.45402215,,677856.0,,,0.0001
2020-09-12,10440.92,10387.89,10477.97,10269.25,3339735140.201132,10438.28,1010752220.53406,387.18310546875,1937.800048828125,3.0339999198913574,18602.5,7010614.0,,11021538.464442505,17190899648.0,146586618.7477084,,560430.0,,,0.0001
2020-09-13,10332.83,10440.67,10580.11,10200.0,4224674768.036042,10327.72,1649859123.30593,365.5700073242188,1937.800048828125,3.0339999198913574,18602.5,7010614.0,,10563411.215749448,17264124875.0,139688424.92428684,,750399.0,,,0.0001
2020-09-14,10671.77,10332.84,10750.0,10212.34,4962471281.3193245,10664.1,2162656994.62463,377.2688598632813,1953.0999755859373,3.066499948501587,18602.5,7010614.0,,11553361.80619938,17593658137.0,151760264.11527455,,945651.0,,,6.956e-05
2020-09-15,10785.31,10671.77,10930.04,10606.48,5005831587.335679,10776.78,2669470467.23613,364.8392028808594,1956.300048828125,3.062999963760376,18602.5,7010614.0,,10496070.30422926,16734196413.0,134514779.55672064,,1025645.0,,,-0.0001007399999999
2020-09-16,10954.01,10785.23,11093.0,10661.22,5105297081.69361,10948.17,2756781832.23194,365.8122863769531,1960.199951171875,3.058000087738037,18602.5,7064475.0,,10592288.45386902,17880872965.0,133652505.32879294,,1103805.0,,,-5.289e-05
2020-09-17,10939.99,10954.01,11045.46,10745.83,4759858852.001436,10935.33,2027994176.27302,389.0192260742188,1940.0,3.066499948501587,18602.5,7064475.0,,12108865.133320091,18133590745.0,153484812.57112998,,881777.0,,,8.306666666666668e-06
2020-09-18,10933.39,10940.0,11038.03,10812.84,4328601416.05552,10926.29,1484796957.63111,384.3645324707031,1952.0999755859373,3.1135001182556152,18602.5,7064475.0,,11261192.473698612,18362757153.0,142275247.6080699,,731098.0,,,6.657e-05
2020-09-19,11080.65,10933.4,11179.79,10887.37,3329733185.2045364,11073.74,1391945357.58867,385.54437255859375,1952.0999755859373,3.1135001182556152,18602.5,7064475.0,,10284399.957875486,18487562250.0,128478859.9612268,,699032.0,,,-9.426333333333334e-05
2020-09-20,10920.28,11080.64,11080.64,10723.0,3477964044.9892483,10914.28,1639131152.37363,371.0528259277344,1952.0999755859373,3.1135001182556152,18602.5,7064475.0,,9710156.841505302,18782992925.0,135654384.57842135,,765793.0,,,-8.099666666666666e-05
2020-09-21,10417.22,10920.28,10988.86,10296.35,5513680536.795792,10414.73,3533611850.80102,341.7860717773437,1901.199951171875,3.0295000076293945,18602.5,7064475.0,,9680870.000265852,18864410103.0,139219832.7594406,,1344367.0,,,-3.192333333333333e-05
2020-09-22,10529.61,10417.22,10572.71,10353.0,4374837264.851798,10523.32,1881975168.57792,344.503173828125,1898.5999755859373,3.059000015258789,18602.5,7064475.0,,8444606.764734885,18926829029.0,123857644.31701958,,885114.0,,,0.0001
2020-09-23,10241.46,10529.61,10537.15,10136.82,4300754067.800056,10237.91,2106120078.85104,321.1163024902344,1859.9000244140625,2.993499994277954,18602.5,7093161.0,,9260753.17684608,18952830992.0,136339422.42648664,,952374.0,,,-1.263e-05
2020-09-24,10736.32,10241.46,10795.24,10190.93,4438024429.775599,10724.92,2535999234.25082,349.3555908203125,1868.300048828125,2.969000101089477,18602.5,7093161.0,,8981603.200609347,19035609990.0,131538738.53823008,,1116407.0,,,3.9966666666666665e-05
2020-09-25,10686.67,10736.33,10760.53,10556.24,4116985910.887576,10683.51,1820637897.43936,352.1832580566406,1857.699951171875,2.9730000495910645,18602.5,7093161.0,,11283254.585409002,19107867033.0,162263115.42307213,,890806.0,,,-3.559e-05
2020-09-26,10728.6,10686.57,10820.94,10644.68,3167967360.3818283,10726.5,1171569532.33158,355.48809814453125,1857.699951171875,2.9730000495910645,18602.5,7093161.0,,10054323.693035046,19131769134.0,144020516.64769718,,717735.0,,,0.0001
2020-09-27,10774.25,10728.59,10799.0,10594.82,2954843523.371183,10768.0,1321161006.11611,357.4385070800781,1857.699951171875,2.9730000495910645,18602.5,7093161.0,,10183225.499596206,19218205520.0,145940790.2029998,,689037.0,,,0.0001
2020-09-28,10696.12,10774.26,10950.0,10626.0,4374161718.410798,10691.45,2031385663.34365,355.159423828125,1872.800048828125,2.989500045776367,18602.5,7093161.0,,8755890.268331245,19266207943.0,123857644.31701958,,865845.0,,,0.0001
2020-09-29,10840.48,10696.11,10867.54,10635.87,4005894319.205907,10836.98,1575829644.66364,359.75738525390625,1894.300048828125,2.9835000038146973,18602.5,7093161.0,,9455625.249416543,19178539437.0,135379285.64883533,,702171.0,,,0.0001
2020-09-30,10776.59,10840.58,10849.34,10665.13,3567682933.479516,10773.0,1425790131.97503,359.9378662109375,1887.5,3.0285000801086426,18602.5,7056129.0,,10481773.483526446,19186166377.0,149781337.31360504,,632223.0,,,0.0001
2020-10-01,10619.13,10776.59,10920.0,10437.0,4855114091.562141,10612.63,2711075914.6154,353.2059020996094,1908.4000244140625,2.8635001182556152,18757.6,7056129.0,,8323935.090457092,19203727536.0,119056960.428763,,925379.0,,,9.137333333333331e-05
2020-10-02,10570.4,10619.13,10664.64,10374.0,4630982978.119052,10565.15,2359977989.11924,346.2389221191406,1900.199951171875,2.97849988937378,18757.6,7056129.0,,8947336.249129921,19351283909.0,130578601.76057877,,886017.0,,,2.695e-05
2020-10-03,10542.06,10570.4,10603.56,10496.46,2671299797.260181,10537.96,804408980.87426,346.5220947265625,1900.199951171875,2.97849988937378,18757.6,7056129.0,,9961459.1769099,19432574560.0,144980653.4253485,,481698.0,,,9.916333333333336e-05
2020-10-04,10666.63,10542.07,10696.87,10517.87,2682869325.9439416,10660.16,964435994.41114,352.5790100097656,1900.199951171875,2.97849988937378,18757.6,7056129.0,,10464496.14838832,19478480243.0,151587945.74942547,,547244.0,,,7.129999999999999e-06
2020-10-05,10792.21,10666.62,10798.0,10615.64,3391999540.304892,10785.0,1397359152.98443,353.956787109375,1912.5,2.9649999141693115,18757.6,7056129.0,,9365075.765149267,19501127105.0,134303836.4311297,,670389.0,,,-6.478666666666667e-05
2020-10-06,10599.66,10792.2,10800.0,10525.0,3932479286.502871,10593.65,1971152604.95732,340.8158569335937,1901.0999755859373,2.9655001163482666,18757.6,7056129.0,,8692342.686271599,19519093196.0,124710705.2574776,,799225.0,,,-5.006666666666667e-06
2020-10-07,10666.39,10599.65,10681.87,10546.17,3053795561.4644146,10658.75,1132125130.95176,341.80865478515625,1883.5999755859373,3.0344998836517334,18757.6,7074649.0,,10021740.665239392,19554444878.0,144856280.72214702,,558917.0,,,4.02e-06
2020-10-08,10925.57,10666.4,10950.0,10530.41,4394492382.06238,10919.45,2236764143.48042,350.7661437988281,1888.5999755859373,3.0420000553131104,18757.6,7074649.0,,10873137.338348351,19573092077.0,155408725.0131643,,860620.0,,,4.9323333333333336e-05
2020-10-09,11050.64,10925.44,11104.64,10829.0,4103642307.767995,11050.47,1697348173.83417,365.5904846191406,1919.5,3.0794999599456787,18757.6,7074649.0,,9740662.17253814,19847065058.0,136222462.66586015,,724755.0,,,8.709333333333334e-05
2020-10-10,11293.22,11050.64,11491.0,11050.51,3958823051.914261,11294.79,2259937270.69761,370.9675903320313,1919.5,3.0794999599456787,18757.6,7074649.0,,10123672.746191312,19930149740.0,137181775.7832253,,858903.0,,,0.0001
2020-10-11,11369.02,11293.22,11445.0,11221.0,2931279617.930275,11369.59,1662984690.97067,375.1420593261719,1919.5,3.0794999599456787,18757.6,7074649.0,,9934252.711817162,19989315225.0,134303836.4311297,,660954.0,,,0.0001
2020-10-12,11528.25,11369.02,11720.01,11172.0,4938104088.017872,11530.36,2913019650.11615,387.7312622070313,1922.5,3.061000108718872,18757.6,7074649.0,,10684898.983756015,20011265273.0,142937654.4874166,,906645.0,,,0.0001
2020-10-13,11420.56,11528.24,11557.0,11300.0,4203831567.828143,11419.36,2276664144.17067,381.1907653808594,1888.5,3.0425000190734863,18757.6,7074649.0,,11883075.397967746,20037440721.0,159245977.48262516,,800140.0,,,0.0001
2020-10-14,11417.89,11420.57,11547.98,11280.0,3933955682.120069,11417.13,2198967087.67917,379.4840393066406,1901.300048828125,3.047499895095825,18757.6,7151426.0,,10627304.867165972,20005951707.0,142937654.4874166,,792241.0,,,0.0001
2020-10-15,11505.12,11417.89,11617.34,11250.83,4419605808.31557,11502.0,2455108608.64026,377.44183349609375,1903.199951171875,3.0829999446868896,18757.6,7151426.0,,10777519.500081005,19992629635.0,144856280.72214702,,871567.0,,,0.0001
2020-10-16,11319.32,11505.13,11541.15,11200.0,4444492057.89453,11318.92,2406176538.70338,366.22900390625,1900.800048828125,3.065000057220459,18757.6,7151426.0,,11026238.98787083,19982154567.0,148693533.19160783,,841292.0,,,0.0001
2020-10-17,11360.2,11319.24,11402.42,11255.0,2632338559.918251,11356.25,1086838512.10945,368.8559265136719,1900.800048828125,3.065000057220459,18757.6,7151426.0,,11134839.833003107,19957812920.0,152593470.69353917,,512056.0,,,0.0001
2020-10-18,11503.14,11360.31,11505.0,11346.22,2322590668.058146,11501.1,1056889045.95337,378.2136840820313,1900.800048828125,3.065000057220459,18757.6,7151426.0,,8572187.708798287,19950577459.0,119288755.69898535,,501424.0,,,0.0001
2020-10-19,11751.47,11503.14,11823.99,11407.96,4442780807.704535,11745.0,2677138464.51185,379.93560791015625,1906.4000244140625,3.0810000896453857,18757.6,7151426.0,,9061869.80911092,19989708762.0,124259120.5197764,,883985.0,,,0.0001
2020-10-20,11909.99,11751.46,12038.38,11677.59,5689547343.236321,11900.03,3710691439.20796,369.1369018554688,1910.4000244140625,3.1435000896453857,18757.6,7151426.0,,10652112.648376716,20122766889.0,143146506.83878234,,1227435.0,,,7.914e-05
2020-10-21,12780.96,11910.0,13217.68,11886.95,9456383402.827808,12796.07,7435850474.64387,392.1899719238281,1924.5999755859373,3.194499969482422,18757.6,7177265.0,,10212803.390337028,20451342126.0,129229485.34056744,,2170603.0,,,6.592666666666666e-05
2020-10-22,12968.52,12780.75,13185.0,12678.08,6712411178.324268,12968.87,4448237306.19638,413.7729797363281,1901.0999755859373,3.150000095367432,18757.6,7177265.0,,11076470.042071149,20543272392.0,136187996.0896749,,1417231.0,,,0.0001
2020-10-23,12923.07,12968.84,13027.69,12720.08,4669793188.405327,12925.82,3059965867.59326,409.7666931152344,1902.0,3.125499963760376,18757.6,7177265.0,,10581743.607032675,20647854987.0,130223558.30472566,,1056889.0,,,0.0001
2020-10-24,13111.73,12923.06,13166.73,12870.0,3764828739.0740185,13110.88,2296046388.61355,412.4576110839844,1902.0,3.125499963760376,18757.6,7177265.0,,12367902.811151212,20628018270.0,151099090.55204803,,888113.0,,,0.0001
2020-10-25,13028.83,13111.73,13350.0,12888.0,4004341230.362737,13023.81,2690867875.55715,406.2177734375,1902.0,3.125499963760376,18757.6,7177265.0,,9569745.682952853,20664207765.0,116306536.80651072,,1008987.0,,,0.0001
2020-10-26,13052.19,13029.64,13238.81,12765.0,5285510787.456208,13047.24,4121218762.83565,393.8883056640625,1902.699951171875,3.088500022888184,18757.6,7177265.0,,8978900.372148845,20699873088.0,109348026.05740324,,1273814.0,,,0.0001
2020-10-27,13636.17,13052.15,13789.29,13019.87,7047545287.872761,13629.38,5533418976.94019,403.9970397949219,1908.800048828125,3.0899999141693115,18757.6,7177265.0,,8294456.682909957,20781123316.0,98413223.45166296,,1500435.0,,,8.467e-05
2020-10-28,13266.4,13636.16,13859.48,12888.0,7619473733.066397,13256.17,6377260018.41431,388.6507568359375,1876.199951171875,3.056999921798706,18757.6,7146306.0,,8370216.988787894,20812915068.0,99407296.41582118,,1826286.0,,,7.908333333333334e-05
2020-10-29,13455.7,13266.4,13642.91,12920.77,5704169237.630641,13446.65,4735209655.61303,386.7301025390625,1865.5999755859373,3.052000045776367,18757.6,7146306.0,,8999633.073664876,20960807445.0,107359880.12908688,,1504547.0,,,-0.0001241566666666
2020-10-30,13560.1,13455.69,13669.98,13115.0,6223622705.781553,13549.12,4684549159.29936,382.8199768066406,1877.4000244140625,3.0434999465942383,18757.6,7146306.0,,9325012.37034113,20997338701.0,110342099.02156147,,1498280.0,,,-9.883333333333331e-05
2020-10-31,13791.0,13560.1,14100.0,13411.5,6073470183.65394,13783.73,4923864620.90212,386.59033203125,1877.4000244140625,3.0434999465942383,18757.6,7146306.0,,9705637.23110075,21147803214.0,112330244.9498779,,1578410.0,,,-0.00010785
2020-11-01,13761.5,13791.0,13895.0,13603.0,3956823183.598528,13752.86,2727415103.81043,396.3581848144531,1877.4000244140625,3.0434999465942383,18997.0,7146306.0,,10753122.81308889,21191896817.0,124259120.5197764,,1010058.0,,,-5.175e-05
2020-11-02,13549.37,13761.49,13830.0,13195.05,5396539880.467911,13540.54,4433952125.46344,383.15673828125,1890.4000244140625,3.073499917984009,18997.0,7146306.0,,8052516.152726918,21208425984.0,94436931.59503014,,1428793.0,,,4.441e-05
2020-11-03,14023.53,13549.63,14066.11,13284.99,5694492061.951847,14016.55,4748953992.22126,387.6021728515625,1908.5,3.086999893188477,18997.0,7146306.0,,11891452.371299105,21194195144.0,123534519.48211516,,1505321.0,,,-8.704e-05
2020-11-04,14144.01,14023.53,14259.0,13525.0,7203221707.166616,14134.31,6269163703.99695,402.1419982910156,1894.5999755859373,3.1010000705718994,18997.0,7157479.0,,13814071.144412344,21326677218.0,132689483.09191573,,1957329.0,,,-0.0001141833333333
2020-11-05,15590.02,14144.01,15750.0,14093.56,11261199855.096514,15598.75,10661964053.31626,414.0673522949219,1945.300048828125,3.1045000553131104,18997.0,7157479.0,,13669162.5371732,21282786603.0,122675182.48120517,,2828873.0,,,0.0001
2020-11-06,15579.92,15590.02,15960.0,15166.0,10115846909.566547,15590.96,8719764932.89141,454.7192993164063,1950.300048828125,3.1489999294281006,18997.0,7157479.0,,14884971.172122149,21568963624.0,127682332.7865603,,2424107.0,,,0.00022535
2020-11-07,14818.3,15579.93,15753.52,14344.22,9769111287.566095,14824.34,6921481478.48889,435.713134765625,1950.300048828125,3.1489999294281006,18997.0,7157479.0,,13819890.358933777,21680645173.0,121840657.43031262,,2124864.0,,,0.0003291733333333
2020-11-08,15475.1,14818.3,15650.0,14703.88,5810014170.4155445,15473.2,4428801810.67248,453.5547790527344,1950.300048828125,3.1489999294281006,18997.0,7157479.0,,13129661.707063723,21714827976.0,115164457.02317227,,1402241.0,,,0.0001
2020-11-09,15328.41,15475.1,15840.0,14805.54,8694421825.781681,15328.72,7271506165.70421,444.1630554199219,1853.199951171875,3.15149998664856,18997.0,7157479.0,,17743253.75319454,21700757871.0,154387134.41512182,,2185246.0,,,0.0001
2020-11-10,15297.21,15328.41,15460.0,15072.46,6400308783.958073,15294.68,3732294398.38728,449.67962646484375,1875.4000244140625,3.150500059127808,18997.0,7157479.0,,14068271.50383096,21641731983.0,122675182.48120517,,1328851.0,,,0.0001
2020-11-11,15684.24,15297.21,15965.0,15272.68,6664020505.83651,15690.24,5177231131.45298,462.9605407714844,1860.699951171875,3.128999948501587,18997.0,7175417.0,,14370165.248316009,21810946261.0,122675182.48120517,,1636926.0,,,0.0001
2020-11-12,16291.86,15684.25,16340.7,15440.64,8632368391.5663,16289.02,7523910248.8996,461.0052795410156,1872.5999755859373,3.1429998874664307,18997.0,7175417.0,,15955797.70997972,22009146195.0,133524008.14280824,,2288595.0,,,0.0001
2020-11-13,16320.7,16291.85,16480.0,15952.35,6655175659.765568,16320.54,4984405298.81905,474.6264343261719,1885.699951171875,3.17549991607666,18997.0,7175417.0,,14126773.24637876,22180642995.0,115998982.3411126,,1650391.0,,,0.0001
2020-11-14,16070.45,16320.04,16326.99,15670.0,5134817783.630989,16064.51,4251500067.66192,460.14984130859375,1885.699951171875,3.17549991607666,18997.0,7175417.0,,14210762.488395406,22210238474.0,118502557.09321824,,1474149.0,,,8.092333333333333e-05
2020-11-15,15957.0,16069.56,16180.0,15774.72,4367927456.615503,15952.27,3359401680.11398,447.55908203125,1885.699951171875,3.17549991607666,18997.0,7175417.0,,14997737.1226157,22253342316.0,125178757.6338828,,1340850.0,,,0.0001
2020-11-16,16713.57,15957.0,16880.0,15864.0,7163207804.970825,16707.07,5627638531.07377,459.9403076171875,1887.300048828125,3.220000028610229,18997.0,7175417.0,,16401958.952369122,22256154913.0,135735925.23468184,,1733550.0,,,0.0001
2020-11-17,17659.38,16713.08,17858.82,16538.0,9803866867.098778,17670.01,9050160241.00472,480.3600769042969,1884.5,3.196500062942505,18997.0,7175417.0,,16976791.256626118,22391815606.0,137334451.1504863,,2446649.0,,,0.0001
2020-11-18,17776.12,17659.38,18476.93,17214.45,13953879658.964588,17788.32,13108477651.19909,479.4840698242188,1873.5,3.197999954223633,18997.0,7243080.0,,18858995.6569516,22336138621.0,147831351.5740522,,3477041.0,,,0.0003339866666666
2020-11-19,17802.82,17777.75,18179.8,17335.65,8644247385.225153,17811.68,7243709977.39353,471.6304321289063,1861.0999755859373,3.2035000324249268,18997.0,7243080.0,,15244143.630821964,22347205897.0,119839616.50472264,,2093900.0,,,0.00029074
2020-11-20,18655.67,17802.81,18815.22,17740.04,8983022350.152523,18664.31,7497709362.56215,509.74456787109375,1872.5999755859373,3.2934999465942383,18997.0,7243080.0,,19263892.80598291,22526777409.0,146956610.2686377,,2139976.0,,,0.0003830466666666
2020-11-21,18703.8,18655.66,18965.9,18308.58,9201520317.615364,18721.99,6408035133.45486,549.4866333007812,1872.5999755859373,3.2934999465942383,18997.0,7243080.0,,19750421.33147363,22927258882.0,147831351.5740522,,1824356.0,,,0.0002647933333333
2020-11-22,18414.43,18703.8,18750.0,17610.86,9431363415.979233,18435.2,6856294687.86623,558.068115234375,1872.5999755859373,3.2934999465942383,18997.0,7243080.0,,19897975.509044595,22981182667.0,152205060.20050347,,2032196.0,,,0.0007796166666666
2020-11-23,18368.0,18413.88,18766.0,18000.0,10079618543.572598,18382.07,6718716197.90407,608.4540405273438,1837.800048828125,3.259500026702881,18997.0,7243080.0,,16903100.00752869,23045275749.0,128587033.61766668,,1976340.0,,,0.0009524966666666
2020-11-24,19160.01,18368.01,19418.97,18018.0,15351686951.36657,19179.64,9042446485.58226,603.8977661132812,1804.800048828125,3.299999952316284,18997.0,7243080.0,,16015467.23916214,23205264813.0,118964874.63947392,,2494330.0,,,0.0006411433333333
2020-11-25,18719.11,19160.0,19484.21,18500.27,11328736114.226547,18741.67,8117262497.74923,570.6866455078125,1805.699951171875,3.312000036239624,18997.0,7216480.0,,18404021.382240165,23428524330.0,135584967.55994713,,2277469.0,,,0.0006586866666666
2020-11-26,17149.47,18718.83,18915.03,16188.0,18423563045.90917,17155.34,14698559977.07114,518.8011474609375,1805.699951171875,3.312000036239624,18997.0,7216480.0,,16243314.964910883,23436187834.0,131211259.21341324,,4612553.0,,,0.0002578
2020-11-27,17139.52,17149.47,17457.62,16438.08,9726457295.952974,17144.1,6748491428.31569,517.4937133789062,1781.9000244140625,3.399499893188477,18997.0,7216480.0,,16341758.584907206,23416251815.0,134710225.69469845,,2117462.0,,,0.0001025766666666
2020-11-28,17719.85,17139.53,17880.49,16865.56,7152666504.842997,17717.74,4666900540.00932,538.2297973632812,1781.9000244140625,3.399499893188477,18997.0,7216480.0,,16685639.808273476,23404238749.0,134710225.69469845,,1409118.0,,,0.0001
2020-11-29,18184.99,17719.84,18360.05,17517.0,6033839630.129845,18181.09,4609730542.10836,575.758056640625,1781.9000244140625,3.399499893188477,18997.0,7216480.0,,16847607.77511746,23549781451.0,135787629.27682322,,1390495.0,,,0.0001
2020-11-30,19695.87,18185.0,19863.16,18184.99,11527066243.467312,19720.0,9568806966.58092,614.842529296875,1775.699951171875,3.4205000400543213,18997.0,7216480.0,,13492242.65856053,23567548424.0,107610727.91731204,,2648864.0,,,0.0001649366666666
2020-12-01,18764.96,19695.87,19888.0,18001.12,13619745061.12237,18772.7,10601482195.21762,587.3241577148438,1814.0999755859373,3.4679999351501465,19115.7,7216480.0,,18158451.550978605,24000906685.0,144750713.6586849,,3285854.0,,,0.0003358733333333
2020-12-02,19204.09,18764.96,19342.0,18330.0,7887516124.786011,19207.01,6352815848.9335,598.3523559570312,1825.699951171875,3.4749999046325684,19115.7,7222414.0,,15450881.801296018,24193039647.0,124752259.7979457,,2071008.0,,,0.0001
2020-12-03,19421.9,19204.08,19598.0,18867.2,6593228977.769911,19434.3,4724323628.54077,616.708740234375,1836.800048828125,3.4790000915527344,19115.7,7222414.0,,18934159.543131605,24250652609.0,149512250.29219425,,1582195.0,,,0.0001515166666666
2020-12-04,18650.52,19422.34,19527.0,18565.31,7394894640.845151,18664.2,5260370304.1658,569.3541870117188,1835.9000244140625,3.513999938964844,19115.7,7222414.0,,17156074.834698454,24351898246.0,137132255.04506996,,1720091.0,,,0.00010901
2020-12-05,19147.66,18650.51,19177.0,18500.0,4691431289.747183,19147.62,3145507861.15582,596.595458984375,1835.9000244140625,3.513999938964844,19115.7,7222414.0,,17044470.643508006,24559167602.0,137132255.04506996,,1212462.0,,,0.0001
2020-12-06,19359.4,19147.66,19420.0,18857.0,709558933.5829058,19375.02,3370639869.06208,601.9089965820312,1835.9000244140625,3.513999938964844,19115.7,7222414.0,,16279316.214092346,24588802799.0,129513796.43145505,,,,,0.0001
2020-12-07,19166.9,19358.67,19420.91,18902.88,5125570034.600425,19172.88,3249551714.47632,591.8433837890625,1861.800048828125,3.508500099182129,19115.7,7222414.0,,18001752.370899726,24636169869.0,142846099.0052812,,1158526.0,,,0.0001
2020-12-08,18324.11,19166.9,19294.84,18200.0,7562279721.357048,18319.32,5279747287.14345,554.8277587890625,1870.800048828125,3.49399995803833,19115.7,7222414.0,,16971157.52797993,24567178065.0,137132255.04506996,,1705946.0,,,0.0001
2020-12-09,18541.28,18324.11,18639.57,17650.0,8903612824.4122,18537.98,6424799134.15169,573.4791259765625,1834.5999755859373,3.507999897003174,19115.7,7242658.0,,15799249.016681723,24560382372.0,132370718.71629883,,2122492.0,,,0.0001
2020-12-10,18254.63,18541.29,18557.32,17911.12,6738397103.867103,18253.51,4271592591.3338,559.6785278320312,1833.5999755859373,3.570499897003174,19115.7,7242658.0,,14846681.140846215,24558004215.0,123799952.47124384,,1538416.0,,,0.0001
2020-12-11,18036.53,18254.81,18292.73,17572.33,7602781916.224775,18031.47,5689740183.80654,545.79736328125,1839.800048828125,3.5239999294281006,19115.7,7242658.0,,15462079.428074116,24712197997.0,131418411.08485878,,1958197.0,,,0.0001
2020-12-12,18808.69,18036.53,18948.66,18020.7,5890853393.1415615,18800.0,3641762062.74761,568.5673217773438,1839.800048828125,3.5239999294281006,19115.7,7242658.0,,15284788.896132069,24758094496.0,125704567.12464756,,1337802.0,,,4.059666666666666e-05
2020-12-13,19174.99,18808.69,19411.0,18711.12,7099021771.399303,19175.07,4594353525.456,589.6632080078125,1839.800048828125,3.5239999294281006,19115.7,7242658.0,,18641078.368176736,24880984894.0,148342069.0427936,,1540591.0,,,0.0001
2020-12-14,19273.14,19174.99,19349.0,19000.0,5668673164.868276,19270.7,3480597165.14886,586.0111694335938,1828.699951171875,3.5220000743865967,19115.7,7242658.0,,17358550.778110918,24933732312.0,134574370.80097473,,1294467.0,,,0.0001
2020-12-15,19426.43,19273.69,19570.0,19050.0,7464971188.32793,19424.91,4809598929.89016,589.3555908203125,1852.300048828125,3.5380001068115234,19115.7,7242658.0,,16919469.149157435,25001189257.0,129933875.82961448,,1671468.0,,,0.0001
2020-12-16,21335.52,19426.43,21560.0,19278.6,15452798977.592283,21346.8,9357131523.97121,636.1818237304688,1856.0999755859373,3.553999900817871,19115.7,7362592.0,,18288078.057142563,25229672808.0,132718173.76280424,,2937580.0,,,0.00022018
2020-12-17,22797.16,21335.52,23800.0,21230.0,24102823704.05764,22816.99,18707295908.07286,642.8689575195312,1887.199951171875,3.5969998836517334,19115.7,7362592.0,,18316085.849230167,25363461485.0,119724785.58585908,,5447689.0,,,0.0002865766666666
2020-12-18,23107.39,22797.15,23285.18,22350.0,12776377492.998384,23124.35,7000308998.92912,654.8119506835938,1885.699951171875,3.628499984741211,19115.7,7362592.0,,22432173.9072768,25389305921.0,145711560.75178188,,2370625.0,,,0.0004237066666666
2020-12-19,23821.61,23107.39,24171.47,22750.0,11580454366.965263,23847.28,7938307873.86828,659.2979125976562,1885.699951171875,3.628499984741211,19115.7,7362592.0,,23141406.76764828,25647401638.0,146639659.56785923,,2494763.0,,,0.0003952533333333
2020-12-20,23455.52,23821.6,24295.0,23060.0,11454687789.811922,23472.96,7612660738.46881,638.2908325195312,1885.699951171875,3.628499984741211,19115.7,7362592.0,,22277652.87920387,25789476016.0,140142965.92487437,,2521170.0,,,0.0005153666666666
2020-12-21,22719.71,23455.54,24102.77,21815.0,14434952573.165676,22730.1,11000495257.06996,609.81787109375,1879.199951171875,3.572999954223633,19115.7,7362592.0,,19571655.432373907,25783064077.0,126221478.78335664,,3499501.0,,,0.0003192833333333
2020-12-22,23810.79,22719.88,23837.1,22353.4,12268820873.425514,23826.99,7526843284.05874,634.8541870117188,1866.5999755859373,3.5179998874664307,19115.7,7362592.0,,20568365.664557885,25909947265.0,132718173.76280424,,2575133.0,,,0.0001331866666666
2020-12-23,23232.76,23810.79,24100.0,22600.0,16212188908.35007,23238.27,9276578416.54451,583.714599609375,1874.699951171875,3.552000045776367,19115.7,7404039.0,,22558309.74581527,25889629307.0,142927263.4125759,,3214134.0,,,0.00010508
2020-12-24,23729.2,23232.39,23794.43,22703.42,11683259174.77737,23737.44,5517917922.31023,611.607177734375,1879.9000244140625,3.559999942779541,19115.7,7404039.0,,18263178.563364413,26139188438.0,116940488.24665304,,2065037.0,,,0.0001573866666666
2020-12-25,24712.47,23728.99,24789.86,23433.6,12423424089.65847,24730.0,6874550222.92909,626.4107055664062,1879.9000244140625,3.559999942779541,19115.7,7404039.0,,21746299.77422621,26442765191.0,133646272.28188916,,2424362.0,,,0.0002114433333333
2020-12-26,26493.39,24712.47,26867.03,24500.0,13842622997.693035,26508.83,9382122680.48018,635.8358154296875,1879.9000244140625,3.559999942779541,19115.7,7404039.0,,21953160.122736577,26477526742.0,127149578.49040844,,3015011.0,,,0.0001232166666666
2020-12-27,26281.66,26493.4,28422.0,25700.0,20939003712.82,26305.64,14678578951.91622,682.642333984375,1879.9000244140625,3.559999942779541,19115.7,7404039.0,,25060888.187536065,26501399265.0,137344635.42361856,,4599613.0,,,0.0003885733333333
2020-12-28,27079.41,26281.54,27500.0,26101.0,14817187282.520864,27102.66,7224208281.73227,730.3973388671875,1877.199951171875,3.569999933242798,19115.7,7404039.0,,26911609.503383588,26534254117.0,147934525.66917643,,2685754.0,,,0.0005029133333333
2020-12-29,27385.0,27079.42,27410.0,25880.0,13366007674.048204,27402.83,6956813209.79086,731.5201416015625,1879.699951171875,3.552999973297119,19115.7,7404039.0,,25334546.41207576,26781820265.0,140537799.38571763,,2535980.0,,,0.00042179
2020-12-30,28875.54,27385.0,28996.0,27320.0,16142697733.210323,28906.99,10558400366.54597,751.6189575195312,1891.0,3.5429999828338623,19115.7,7363351.0,,30245696.315346915,26836978455.0,159029615.0943647,,3330130.0,,,0.0006289833333333
2020-12-31,28923.63,28875.55,29300.0,27850.0,14871089076.927485,28951.68,9030623930.44815,737.8034057617188,1893.0999755859373,3.513999938964844,19115.7,7363351.0,,29876333.489241354,27021165308.0,153482070.67763954,,3109936.0,,,0.00050127
2021-01-01,29331.69,28923.63,29600.0,28624.57,12607271954.942194,29337.16,6157505024.08511,730.3675537109375,1893.0999755859373,3.513999938964844,19379.0,7363351.0,,27215063.01063632,27366778181.0,137764026.73355144,,2102490.0,,,0.0002784866666666
2021-01-02,32178.33,29331.7,33300.0,28946.53,23800964375.49817,32199.91,17122938614.7061,774.5349731445312,1893.0999755859373,3.513999938964844,19379.0,7363351.0,,29616853.884820133,28221116049.0,139613208.60028526,,5371146.0,,,0.0004854066666666
2021-01-03,33000.05,32176.45,34778.11,31962.99,26793784500.918022,33054.53,16389111411.5276,975.5076904296876,1893.0999755859373,3.513999938964844,19379.0,7363351.0,,33100541.398610268,29152627074.0,146085344.09831175,,4886220.0,,,0.0013126933333333
2021-01-04,31988.71,33000.05,33600.0,28130.0,30643089960.13596,32031.07,15879195836.25302,1040.2330322265625,1944.699951171875,3.552999973297119,19379.0,7363351.0,,33998632.94274004,29427097955.0,159954206.02773148,,5257292.0,,,0.0015224833333333
2021-01-05,33949.53,31989.75,34360.0,29900.0,24980298372.12037,33999.52,13959353458.55198,1100.006103515625,1952.699951171875,3.640500068664551,19379.0,7363351.0,,31505134.85255038,29411365672.0,145160753.60874835,,4577738.0,,,0.00066136
2021-01-06,36769.36,33949.53,36939.21,33288.0,27802696891.467445,36823.68,15515216052.16546,1207.1121826171875,1906.9000244140625,3.650000095367432,19379.0,7334809.0,,38628539.258872055,30024050889.0,163652569.02152643,,4901572.0,,,0.0016215133333333
2021-01-07,39432.28,36769.36,40365.0,36300.0,32641638153.05129,39498.92,19955559504.79166,1225.6781005859375,1912.300048828125,3.695499897003174,19379.0,7334809.0,,40193241.97597647,30932320993.0,155331252.39643875,,5819007.0,,,0.0011430033333333
2021-01-08,40582.81,39432.48,41950.0,36500.0,31976136689.21948,40637.23,20667265854.49486,1224.1971435546875,1834.0999755859373,3.673500061035156,19379.0,7334809.0,,36848721.409781225,31161078319.0,136839436.2439882,,6491305.0,,,0.0014581766666666
2021-01-09,40088.22,40586.96,41380.0,38720.0,19602790631.92425,40136.04,10520523013.40685,1281.0772705078125,1834.0999755859373,3.673500061035156,19379.0,7334809.0,,35033429.68476544,31990585047.0,134307072.19635198,,3679574.0,,,0.0009227133333333
2021-01-10,38150.02,40088.22,41350.0,35111.11,27409923363.56261,38221.67,17027093434.55105,1262.2467041015625,1834.0999755859373,3.673500061035156,19379.0,7334809.0,,38708739.48207519,32225427812.0,162879650.92477036,,5522210.0,,,0.00106408
2021-01-11,35404.47,38150.02,38264.74,30420.0,44810906822.77139,35408.46,30742156595.35393,1090.1453857421875,1849.5999755859373,3.563999891281128,19379.0,7334809.0,,32678964.88363181,32203453610.0,157757649.32336253,,11439945.0,,,0.0007382766666666
2021-01-12,34051.24,35410.37,36628.0,32531.0,26999078740.005974,34056.9,15590695938.85224,1043.4345703125,1842.9000244140625,3.6050000190734863,19379.0,7334809.0,,32022299.9128644,32046774595.0,151611247.72948113,,6109749.0,,,0.0004644199999999
2021-01-13,37371.38,34049.15,37850.0,32380.0,23703531868.769382,37421.07,13803091615.05157,1130.7393798828125,1853.5999755859373,3.617000102996826,19379.0,7333968.0,,32766237.986081805,32483946192.0,155708849.33841553,,5377599.0,,,0.0003596266666666
2021-01-14,39144.5,37371.38,40100.0,36701.23,22545604470.94741,39163.31,13663753723.40309,1218.4530029296875,1850.300048828125,3.6679999828338623,19379.0,7333968.0,,35353741.46098698,32540453027.0,150586847.08139154,,4952624.0,,,0.0007315366666666
2021-01-15,36742.22,39145.21,39747.76,34408.0,25938610267.9129,36755.24,16148530126.35195,1171.8345947265625,1829.300048828125,3.6029999256134033,19379.0,7333968.0,,35718961.87647008,32664197550.0,158782049.8075481,,6116961.0,,,0.0007943199999999
2021-01-16,35994.98,36737.43,37950.0,35357.8,20668236173.78241,36025.66,11103654689.8084,1233.53759765625,1829.300048828125,3.6029999256134033,19379.0,7333968.0,,33880223.192685895,32763488318.0,150586846.5896793,,4611346.0,,,0.00037023
2021-01-17,35828.61,35994.98,36852.5,33850.0,17835663874.8151,35869.83,10206002445.01776,1230.1722412109375,1829.300048828125,3.6029999256134033,19379.0,7333968.0,,29432919.82761004,32963089324.0,136245242.43354535,,4577646.0,,,0.0002446166666666
2021-01-18,36631.27,35824.99,37469.83,34800.0,17272632121.532032,36686.86,9167208119.70183,1257.279541015625,1829.300048828125,3.6029999256134033,19379.0,7333968.0,,32663978.040809058,33058402075.0,148538046.4408284,,4032453.0,,,0.0006941533333333
2021-01-19,35891.49,36622.46,37850.0,35844.06,19900300301.401764,35891.03,9530202433.37249,1377.2958984375,1839.5,3.635999917984009,19379.0,7333968.0,,34324487.99021362,33542439669.0,152635647.7219547,,4245840.0,,,0.0012007566666666
2021-01-20,35468.23,35901.94,36415.31,33400.0,21439054376.9804,35500.0,11521126165.52288,1382.2740478515625,1865.9000244140625,3.6475000381469727,19379.0,7414942.0,,30793663.90150851,33685864903.0,144440445.15970212,,4496516.0,,,0.0004087566666666
2021-01-21,30850.13,35468.23,35600.0,30071.0,27480471408.567425,30879.97,17863845664.01804,1121.5709228515625,1865.300048828125,3.6554999351501465,19379.0,7414942.0,,26113400.18038261,33809063225.0,132147640.82461096,,6697369.0,,,0.0003900799999999
2021-01-22,32945.17,30851.99,33826.53,28850.0,24356009314.043224,32986.34,14265924156.72767,1236.51220703125,1855.699951171875,3.635499954223633,19379.0,7414942.0,,27505155.66986512,33798205518.0,144440445.15970212,,5653133.0,,,0.0001
2021-01-23,32078.0,32950.0,33456.0,31390.16,13955231961.914503,32086.48,8300485557.20308,1230.9906005859375,1855.699951171875,3.635499954223633,19379.0,7414942.0,,31566205.660199936,34051352229.0,160859266.69140872,,3540988.0,,,0.0001072733333333
2021-01-24,32259.9,32078.0,33071.0,30900.0,12564345544.361294,32275.63,6824806447.15319,1391.609375,1855.699951171875,3.635499954223633,19379.0,7414942.0,,27917722.757443503,34160376819.0,143884925.71895775,,3167075.0,,,0.0002191866666666
2021-01-25,32254.2,32259.45,34875.0,31910.0,19042574017.3686,32253.68,10588161978.70822,1324.414794921875,1854.9000244140625,3.640500068664551,19379.0,7414942.0,,29142332.99768575,34285106328.0,144920068.40457904,,4196816.0,,,0.00034889
2021-01-26,32467.77,32254.19,32921.88,30837.37,17760195987.52916,32474.14,11060562208.1513,1357.05810546875,1850.699951171875,3.628000020980835,19379.0,7414942.0,,32163452.278453592,34208049043.0,166658079.04619855,,4544793.0,,,0.0001116866666666
2021-01-27,30366.15,32464.01,32557.29,29241.72,20064627000.90609,30381.04,13269633440.99824,1253.1871337890625,1844.9000244140625,3.571500062942505,19379.0,7404926.0,,27369856.808106925,34652923148.0,146990355.43205088,,5893061.0,,,0.0001
2021-01-28,33364.86,30362.19,33783.98,29842.1,18892312241.046646,33399.75,9909261735.25709,1332.4921875,1837.9000244140625,3.5829999446868896,19379.0,7404926.0,,28692062.47166119,35354831410.0,150095785.47638997,,4652430.0,,,0.0001408733333333
2021-01-29,34252.2,33368.18,38531.9,31915.4,42647572843.86205,34269.35,25293550971.74301,1382.5228271484375,1847.300048828125,3.573499917984009,19379.0,7404926.0,,33461769.458348963,36132155024.0,157341788.91318125,,9260709.0,,,0.0008053066666666
2021-01-30,34262.88,34246.28,34933.0,32825.0,20485475613.949097,34289.85,9109013883.23461,1376.115478515625,1847.300048828125,3.573499917984009,19379.0,7404926.0,,28864823.05272026,36707647191.0,140779494.68088105,,4145552.0,,,0.00041612
2021-01-31,33092.98,34262.89,34342.69,32171.67,16024393720.437618,33126.21,7052326918.52193,1314.9862060546875,1847.300048828125,3.573499917984009,19379.0,7404926.0,,30027003.35046957,36761939313.0,149060642.12827694,,3365988.0,,,0.0004843166666666
2021-02-01,33526.37,33092.97,34717.27,32296.16,20157040906.07466,33546.09,8121385637.13714,1369.04052734375,1860.800048828125,3.562000036239624,19641.8,7404926.0,,25001576.391278666,37161741180.0,123182058.42545108,,3859712.0,,,0.00039447
2021-02-02,35466.24,33517.09,35984.33,33418.0,19194854516.632904,35504.06,8364687573.37923,1515.1937255859375,1830.5,3.5390000343322754,19641.8,7404926.0,,33215693.968083806,37172967025.0,158376932.26129428,,3765297.0,,,0.0006774866666666
2021-02-03,37618.87,35472.71,37662.63,35362.38,20124898915.14138,37652.51,8788925454.96376,1660.9095458984375,1832.199951171875,3.5785000324249268,19641.8,7410598.0,,34156192.06670484,35645799937.0,155271502.21695518,,3391962.0,,,0.0007779633333333
2021-02-04,36936.66,37620.26,38708.27,36161.95,23899871188.105804,36976.93,11507154016.35826,1594.7626953125,1788.9000244140625,3.565999984741211,19641.8,7410598.0,,37483994.86945286,38244543425.0,165622935.5324627,,4322227.0,,,0.00055095
2021-02-05,38290.24,36936.65,38310.12,36570.0,19469073015.87192,38362.65,7395595524.77548,1718.65087890625,1810.9000244140625,3.638999938964844,19641.8,7410598.0,,39652517.12556126,38779284454.0,174939225.66548,,3180447.0,,,0.0007687566666666
2021-02-06,39186.94,38289.32,40955.51,38215.94,24753070265.91945,39249.54,12369698321.04784,1677.8468017578125,1810.9000244140625,3.638999938964844,19641.8,7410598.0,,39299765.657090575,39911078315.0,169173097.28623727,,4944443.0,,,0.0006899333333333
2021-02-07,38795.69,39181.01,39700.0,37351.0,20944835602.06332,38849.25,11466152232.53475,1614.227783203125,1810.9000244140625,3.638999938964844,19641.8,7410598.0,,37583329.39718832,40099151437.0,166219497.49211165,,4127333.0,,,0.0010895766666666
2021-02-08,46374.87,38795.69,46794.45,37988.89,34953569934.71651,46451.32,18769855154.62719,1746.6168212890625,1831.9000244140625,3.678999900817871,19641.8,7410598.0,,43104792.217934445,41569033541.0,172612555.61907768,,6384974.0,,,0.00122049
2021-02-09,46420.42,46374.86,48142.19,44961.09,34035721463.260983,46492.54,17820342806.81088,1768.0350341796875,1835.300048828125,3.733500003814697,19641.8,7410598.0,,41616225.63329446,41724810376.0,152367873.85185272,,5784953.0,,,0.00159619
2021-02-10,44807.58,46420.42,47310.0,43727.0,29387691509.409344,44850.0,15286260787.69888,1744.243408203125,1840.5999755859373,3.785500049591065,19641.8,7442225.0,,40823172.997166194,43198373724.0,152367873.85185272,,4842210.0,,,0.0013735333333333
2021-02-11,47969.51,44807.58,48678.9,43994.02,27670462354.049828,48060.21,15468624715.76271,1783.7979736328125,1824.9000244140625,3.787499904632568,19641.8,7442225.0,,37377863.44741335,43499689759.0,137450738.2222654,,4882873.0,,,0.0011130733333333
2021-02-12,47287.6,47968.66,48985.8,46125.0,25498066571.937523,47361.03,12341281000.02568,1843.5325927734373,1821.5999755859373,3.802000045776367,19641.8,7442225.0,,42222073.93053449,43752082974.0,151302363.39685816,,4294765.0,,,0.0011997833333333
2021-02-13,47153.69,47298.15,48150.0,46202.53,20885814011.791573,47221.62,9438075938.38798,1814.10986328125,1821.5999755859373,3.802000045776367,19641.8,7442225.0,,46297586.755155176,44909525632.0,167285007.94710624,,3343154.0,,,0.0011918466666666
2021-02-14,48577.79,47156.78,49707.43,47014.17,22616064704.256542,48655.21,11797051402.90574,1805.0841064453125,1821.5999755859373,3.802000045776367,19641.8,7442225.0,,44928365.13751376,45330355925.0,157695421.52382416,,3864116.0,,,0.0012690733333333
2021-02-15,47911.1,48580.47,49010.92,45570.79,24719295878.3858,47981.58,11872149326.83184,1779.791015625,1821.5999755859373,3.802000045776367,19641.8,7442225.0,,45178473.75648689,45481177254.0,161957460.27513483,,4056399.0,,,0.0007553666666666
2021-02-16,49133.45,47911.1,50689.18,47003.62,25725966588.850456,49197.94,16865499630.28187,1781.0675048828125,1797.199951171875,3.848000049591065,19641.8,7442225.0,,36959602.83301176,45789183843.0,128926662.25397788,,5169542.0,,,0.0012165466666666
2021-02-17,52119.71,49133.45,52618.74,48947.0,26594984680.997807,52194.62,15897490858.65766,1848.458251953125,1771.0999755859375,3.8359999656677246,19641.8,7557402.0,,43765671.95756216,46631174107.0,147040324.64554748,,4799616.0,,,0.0011487133333333
2021-02-18,51552.6,52117.67,52530.0,50901.9,22199276962.696297,51619.7,9627115933.97444,1937.44921875,1773.4000244140625,3.9165000915527344,19641.8,7557402.0,,44376973.14413058,46817762416.0,145974815.72488672,,3138163.0,,,0.0013746466666666
2021-02-19,55906.0,51552.61,56368.0,50710.2,29400278319.88656,56004.1,13784775685.92855,1960.164794921875,1775.800048828125,4.090000152587891,19641.8,7557402.0,,51297241.72076855,47459236272.0,163253417.20803392,,4138047.0,,,0.00101524
2021-02-20,55841.19,55906.0,57700.46,53863.93,31962536193.007343,55917.41,13529409884.87238,1919.5340576171875,1775.800048828125,4.090000152587891,19641.8,7557402.0,,51375541.44380764,48828596060.0,157667240.26214835,,4133096.0,,,0.0013177266666666
2021-02-21,57408.57,55841.19,58352.8,55477.59,22451643893.355427,57487.43,11254047090.53712,1935.60107421875,1775.800048828125,4.090000152587891,19641.8,7557402.0,,50261457.28441178,49299758747.0,152267677.5909614,,3268278.0,,,0.0010839966666666
2021-02-22,54087.67,57412.35,57508.47,47622.0,42156738794.48708,54121.1,25951996709.77277,1781.992919921875,1806.699951171875,4.152500152587891,19641.8,7557402.0,,44964827.963063344,49395631236.0,143628376.07300296,,7371815.0,,,0.00095565
2021-02-23,48891.0,54087.67,54183.59,44892.56,48104880484.70564,48930.0,36297078764.52196,1570.2039794921875,1804.4000244140625,4.1875,19641.8,7557402.0,,38577777.30682519,49732124195.0,137148899.93453413,,11543531.0,,,0.00022616
2021-02-24,49676.2,48891.0,51374.99,46988.69,29377663499.53874,49702.03,16590055728.58514,1626.57568359375,1796.4000244140625,4.301000118255615,19641.8,7590111.0,,49406432.30189723,49772167032.0,171706104.4512937,,5358333.0,,,0.0003302666666666
2021-02-25,47073.73,49676.21,52041.73,46674.34,25788690892.46016,47089.37,17447887799.89135,1475.7037353515625,1774.4000244140625,4.265999794006348,19641.8,7590111.0,,48473013.67640134,50131473525.0,168466365.60452223,,5581102.0,,,0.0002333533333333
2021-02-26,46276.87,47073.73,48424.11,44106.78,31949494962.612404,46313.13,20499678357.29738,1446.03369140625,1728.0999755859375,4.0945000648498535,19641.8,7590111.0,,40459373.956115566,50317586252.0,150107852.21147177,,6843527.0,,,0.0001
2021-02-27,46106.43,46276.88,48394.0,45000.0,22800489011.71052,46102.63,12038528819.38199,1459.97314453125,1728.0999755859375,4.0945000648498535,19641.8,7590111.0,,46108942.93712077,50696716732.0,169546279.0718041,,4131104.0,,,0.0002825733333333
2021-02-28,45135.66,46103.67,46638.46,43000.0,25925140218.347065,45163.36,16549302262.98406,1416.0489501953125,1728.0999755859375,4.0945000648498535,19641.8,7590111.0,,36697621.12930534,50826974836.0,141468550.69351333,,5832284.0,,,0.0001923533333333
2021-03-01,49587.03,45134.11,49790.0,44950.53,27526029384.16905,49592.7,15061638936.4441,1564.7076416015625,1722.5,4.119500160217285,19873.2,7590111.0,,38671317.71683767,51755828167.0,140388638.7813056,,4998282.0,,,0.00012307
2021-03-02,48440.65,49595.76,50200.0,47047.6,22782519904.36113,48450.57,13251422043.06818,1492.6087646484375,1733.0999755859375,4.231500148773193,19873.2,7590111.0,,43447968.44627046,52187897717.0,154427502.970451,,4208942.0,,,0.0001
2021-03-03,50349.37,48436.61,52640.0,48100.71,25977506292.973648,50373.75,17795826816.36179,1575.8531494140625,1715.300048828125,4.152999877929688,19873.2,7557524.0,,48072638.59503085,53624974809.0,164146716.40061715,,5249652.0,,,0.0002169266666666
2021-03-04,48374.09,50349.37,51773.88,47500.0,25838987119.09733,48385.77,19138827120.97486,1541.914306640625,1700.199951171875,3.990999937057495,19873.2,7557524.0,,39573299.80922826,53530685204.0,138228813.401816,,5893404.0,,,0.0001
2021-03-05,48751.71,48374.09,49448.93,46300.0,24168616217.73819,48770.57,16912469978.52838,1533.2750244140625,1698.0,4.086999893188477,19873.2,7557524.0,,44518862.9623331,53659482714.0,160906977.55384567,,5365646.0,,,0.0001
2021-03-06,48882.2,48746.81,49200.0,47070.0,16709607206.741468,48908.21,10381734354.30114,1654.7415771484375,1698.0,4.086999893188477,19873.2,7557524.0,,45908353.72364783,54057270266.0,162185767.0079194,,3484333.0,,,0.0001
2021-03-07,50971.75,48882.2,51450.03,48882.2,18963734139.178524,50995.27,12500440245.10043,1723.15380859375,1698.0,4.086999893188477,19873.2,7557524.0,,45913620.42628375,54297902557.0,155665152.0772381,,3922531.0,,,0.0001253533333333
2021-03-08,52375.17,50959.11,52402.78,49274.67,23358831927.37464,52429.43,15655716338.59208,1834.7279052734373,1677.699951171875,4.103499889373779,19873.2,7557524.0,,49151367.07737477,54218555660.0,165260949.11257932,,4603467.0,,,0.00014919
2021-03-09,54884.5,52375.18,54895.0,51789.41,27287572108.62165,54917.78,15409273884.4457,1868.048828125,1716.5999755859375,4.019499778747559,19873.2,7557524.0,,47012018.03010465,54045531893.0,149267953.54190147,,4549674.0,,,0.0005714433333333
2021-03-10,55851.59,54874.67,57387.69,53005.0,32150766657.08956,55947.98,22279865576.81882,1799.166259765625,1721.5,4.041999816894531,19873.2,7579901.0,,51591015.518881954,55330300830.0,158863750.57724267,,6231243.0,,,0.0004328166666666
2021-03-11,57773.16,55851.59,58150.0,54272.82,31364294021.40383,57844.52,20569039537.4537,1826.1949462890625,1722.300048828125,4.14300012588501,19873.2,7579901.0,,46440645.53231792,55871397574.0,140738357.0301135,,6117361.0,,,0.0009355833333333
2021-03-12,57221.72,57773.15,58081.51,54962.84,30341419326.379864,57291.03,19043301948.5384,1772.1024169921875,1719.5,4.145500183105469,19873.2,7579901.0,,53212557.2583656,55957814044.0,159929951.1007959,,5667354.0,,,0.0007344933333333
2021-03-13,61188.39,57221.72,61844.0,56078.23,32765216353.59708,61267.41,18993462517.01946,1924.6854248046875,1719.5,4.145500183105469,19873.2,7579901.0,,52797482.38517768,56325568577.0,152466553.57723355,,5432416.0,,,0.0005517166666666
2021-03-14,58968.31,61188.38,61724.79,58966.78,23579950912.185314,59037.12,14012489135.14827,1854.5643310546875,1719.5,4.145500183105469,19873.2,7579901.0,,59226550.24714134,56363766360.0,167393348.6243582,,3937775.0,,,0.0009383
2021-03-15,55605.2,58976.08,60633.43,54600.0,35631776763.98647,55646.61,25683051451.71488,1791.7022705078125,1728.9000244140625,4.146500110626221,19873.2,7579901.0,,52891228.81453089,57457844146.0,157797551.589017,,7056818.0,,,0.0006766533333333
2021-03-16,56900.75,55605.2,56938.29,53271.34,30627169583.612534,56954.19,18756792660.06864,1806.9718017578125,1730.5999755859375,4.078999996185303,19873.2,7579901.0,,51348410.22791255,58126765439.0,158863750.57724267,,5635045.0,,,0.00033036
2021-03-17,58912.97,56900.74,58974.73,54123.69,32480908750.54223,58959.0,19076274044.57065,1823.4493408203125,1726.800048828125,4.127999782562256,19873.2,7693506.0,,47797057.94740751,58201549198.0,145003154.51834372,,5517205.0,,,0.00026392
2021-03-18,57648.16,58912.97,60129.97,57023.0,34205029192.73229,57700.01,17876750420.56641,1782.8551025390625,1732.199951171875,4.117000102996826,19873.2,7693506.0,,55612124.04954266,58442220479.0,162062350.61257476,,4896550.0,,,0.0003069033333333
2021-03-19,58030.01,57641.0,59468.0,56270.74,27868506435.23793,58089.11,15107378224.02806,1817.6241455078125,1741.4000244140625,4.123499870300293,19873.2,7693506.0,,53876244.03360327,58741266943.0,158461331.28345832,,4319305.0,,,0.00026051
2021-03-20,58102.28,58030.01,59880.0,57820.17,29978176594.3954,58145.61,12000524068.54844,1812.6346435546875,1741.4000244140625,4.123499870300293,19873.2,7693506.0,,56717933.70452092,58995178742.0,167389188.3483424,,3605618.0,,,0.00047556
2021-03-21,57351.56,58100.02,58589.1,55450.11,29245366865.19117,57415.18,13576194106.98524,1788.217041015625,1741.4000244140625,4.123499870300293,19873.2,7693506.0,,55828412.618011415,60122705759.0,169563074.09425303,,4110462.0,,,0.0002791366666666
2021-03-22,54083.25,57351.56,58430.73,53650.0,32239609559.525,54129.56,16556509289.78695,1691.333984375,1737.800048828125,4.14900016784668,19873.2,7693506.0,,53195405.06455403,60285081859.0,164128360.5120752,,5073275.0,,,0.0004881933333333
2021-03-23,54340.89,54083.25,55830.9,53000.0,30444131191.16382,54400.0,15088688822.77058,1678.650146484375,1724.699951171875,4.0879998207092285,19873.2,7693506.0,,54966819.63956852,60620006956.0,174997789.2416285,,4549663.0,,,0.0003102466666666
2021-03-24,52303.65,54342.8,57200.0,51700.0,38858282682.41423,52311.54,21637316948.63563,1593.4134521484375,1732.9000244140625,4.071499824523926,19873.2,7719622.0,,51967998.999162816,60636512514.0,165215304.16762933,,5967061.0,,,0.0003214766666666
2021-03-25,51293.78,52303.66,53287.0,50427.56,37535653381.81869,51325.21,21627711387.30238,1595.3592529296875,1724.9000244140625,3.984999895095825,19873.2,7719622.0,,50085975.04881871,60715096952.0,167389188.3483424,,6124234.0,,,0.0001060933333333
2021-03-26,55025.59,51293.78,55073.46,51214.6,29528550934.724915,55030.0,14483003307.72439,1702.842041015625,1732.199951171875,4.078499794006348,19873.2,7719622.0,,45219063.737437576,60927457831.0,147824218.20034403,,4129419.0,,,0.00012
2021-03-27,55817.14,55025.59,56700.36,53950.0,24660164510.97766,55828.0,12939134315.65276,1716.49462890625,1732.199951171875,4.078499794006348,19873.2,7719622.0,,54827831.02878782,62188409611.0,172823903.49571785,,3525397.0,,,0.0001
2021-03-28,55777.63,55817.14,56559.75,54691.84,26976696893.16056,55805.08,11188756872.79973,1691.35595703125,1732.199951171875,4.078499794006348,19873.2,7719622.0,,55407931.56239989,62435862361.0,172823903.49571785,,3131093.0,,,0.0001
2021-03-29,57635.47,55777.65,58405.82,54800.01,32700121588.843018,57677.64,15858571872.53349,1819.6849365234373,1712.0999755859375,4.043000221252441,19873.2,7719622.0,,53811671.97897974,62632540517.0,164128360.5120752,,4264130.0,,,0.0001272366666666
2021-03-30,58746.57,57635.46,59368.0,57071.35,30436036525.581184,58794.16,13629362092.38509,1846.03369140625,1683.9000244140625,3.983000040054321,19873.2,7719622.0,,53225099.63395665,62465279399.0,158693646.92989737,,3537891.0,,,0.00047595
2021-03-31,58740.55,58746.57,59800.0,56769.0,36524986499.63301,58807.24,19776038991.85102,1918.362060546875,1713.800048828125,4.002999782562256,19873.2,7688988.0,,57535344.02955961,62743091911.0,170650017.74980718,,4827769.0,,,0.00070019
2021-04-01,58720.44,58739.46,59490.0,57935.45,34328075212.655853,58794.01,11561694922.60452,1977.27685546875,1726.5,4.003499984741211,20176.9,7688988.0,,53347316.28378874,63840675715.0,157606703.2743432,,3048865.0,,,0.0008548533333333
2021-04-02,58950.01,58720.45,60200.0,58428.57,32992527846.224167,59031.36,11251166314.77901,2143.2255859375,1726.5,4.003499984741211,20176.9,7688988.0,,51912407.01735546,63972104367.0,160833893.90764642,,3069996.0,,,0.00093083
2021-04-03,57051.94,58950.01,59791.72,56880.0,32836600693.028225,57134.65,11672141257.5295,2028.4224853515625,1726.5,4.003499984741211,20176.9,7688988.0,,48140427.44029684,66486739285.0,150672055.36305547,,3221742.0,,,0.0009080766666666
2021-04-04,58202.01,57051.95,58492.85,56388.0,28151800236.25232,58234.61,8785593781.4487,2093.122802734375,1726.5,4.003499984741211,20176.9,7688988.0,,52544431.6000178,66844556598.0,167924581.38053048,,2542962.0,,,0.0004236866666666
2021-04-05,59129.99,58202.01,59272.0,56777.77,34590327856.55565,59243.39,10144751892.15272,2107.88720703125,1727.0,4.14900016784668,20176.9,7688988.0,,56702820.79972344,67160552624.0,179426264.28801888,,2955626.0,,,0.0004002999999999
2021-04-06,57991.15,59129.99,59495.24,57413.02,34495221665.707886,58059.99,9681501016.80336,2118.37890625,1741.5,4.126500129699707,20176.9,7688988.0,,52683694.51185716,68426282737.0,165624244.46778432,,2861738.0,,,0.00079567
2021-04-07,55953.45,57990.03,58655.0,55473.0,40523008567.44173,56018.18,15106714000.51917,1971.0772705078125,1740.0999755859375,4.064000129699707,20176.9,7708882.0,,56140211.34988696,68437472937.0,180576433.5725132,,4286575.0,,,0.00055006
2021-04-08,58077.52,55953.44,58153.31,55700.0,28479463108.74445,58122.26,9238696877.00206,2088.57373046875,1756.800048828125,4.103499889373779,20176.9,7708882.0,,47747483.29336003,69101190338.0,154122561.56029594,,2666421.0,,,0.0003065066666666
2021-04-09,58142.54,58077.52,58894.9,57654.0,25376242180.561737,58176.03,8260112160.68546,2072.10888671875,1743.300048828125,4.05049991607666,20176.9,7708882.0,,55332462.22459634,69578799977.0,174825592.118769,,2324647.0,,,0.0002256566666666
2021-04-10,59769.13,58142.55,61500.0,57900.01,33689448169.23309,59832.43,14476191585.21529,2135.942138671875,1743.300048828125,4.05049991607666,20176.9,7708882.0,,58553375.98199142,69965814396.0,180576433.5725132,,3792611.0,,,0.0009374499999999
2021-04-11,60002.43,59769.13,60699.0,59232.52,26196954229.57893,60090.2,8896497492.08689,2157.656982421875,1743.300048828125,4.05049991607666,20176.9,7708882.0,,54216231.229048,70112333984.0,166774412.09603617,,2545721.0,,,0.0009738666666666
2021-04-12,59860.0,59998.8,61300.0,59350.59,29176071233.02185,59911.18,11824507197.55324,2139.353271484375,1731.199951171875,4.03000020980835,20176.9,7708882.0,,54177738.39989223,71092997826.0,165624244.46778432,,3171976.0,,,0.0009816466666666
2021-04-13,63575.0,59860.01,63777.77,59805.15,39589520317.54341,63649.71,17408986053.32569,2299.187744140625,1746.199951171875,4.043000221252441,20176.9,7708882.0,,54896498.35420527,71088257095.0,163323907.55503815,,4194040.0,,,0.0009889
2021-04-14,62959.53,63575.01,64854.0,61301.0,44296370774.56197,63019.1,20512671253.01205,2435.10498046875,1734.9000244140625,4.139999866485596,20176.9,7793104.0,,53489274.387122445,73626541832.0,155272729.1885478,,5147504.0,,,0.00101287
2021-04-15,63159.98,62959.53,63800.0,62020.0,34928009300.39481,63232.55,11249310339.67892,2519.1162109375,1765.4000244140625,4.230500221252441,20176.9,7793104.0,,67718816.99775617,74031042727.0,198624496.4285958,,2990257.0,,,0.0008958033333333
2021-04-16,61334.8,63158.74,63520.61,60000.0,44533722774.36534,61424.67,15740427372.09463,2431.946533203125,1779.0,4.179999828338623,20176.9,7793104.0,,39734363.859426014,74706967515.0,120743465.93956694,,4232045.0,,,0.0011506266666666
2021-04-17,60006.66,61334.81,62506.05,59580.91,36254825878.68938,60090.14,11862499746.34749,2344.89501953125,1779.0,4.179999828338623,20176.9,7793104.0,,34869145.214331456,76868364078.0,106676264.94260553,,3246159.0,,,0.00065495
2021-04-18,56150.01,60006.67,60499.0,50931.3,50037296534.62752,56140.05,29025717493.56943,2237.136962890625,1779.0,4.179999828338623,20176.9,7793104.0,,43308652.229435004,77372381771.0,145361065.15215343,,9042328.0,,,0.00050024
2021-04-19,55633.14,56150.01,57526.81,54221.58,37308105030.82344,55634.39,15980367367.83548,2166.188720703125,1769.4000244140625,4.25,20176.9,7793104.0,,34183682.26703412,80410533502.0,113709865.44108623,,4532266.0,,,0.0001
2021-04-20,56425.0,55633.14,57076.24,53329.96,37185521811.12167,56410.56,17936263515.6146,2330.2109375,1777.300048828125,4.223999977111816,20176.9,7793104.0,,44249023.2008085,80701005271.0,150050132.1511406,,5140773.0,,,0.0001
2021-04-21,53787.63,56425.0,56757.91,53536.02,32464307740.53263,53800.0,13965417339.88797,2364.751708984375,1792.300048828125,4.286499977111816,20176.9,7820948.0,,34982003.87199415,81430503117.0,118398932.44007336,,4040260.0,,,0.0001
2021-04-22,51690.96,53787.62,55521.48,50500.0,41164709598.77724,51714.61,24205456559.06127,2403.53515625,1781.199951171875,4.2804999351501465,20176.9,7820948.0,,47850895.21602159,81928589763.0,167634132.55331036,,6900729.0,,,0.0001
2021-04-23,51125.14,51690.95,52131.85,47500.0,42685992391.34066,51122.62,27531602634.09058,2363.586181640625,1777.0,4.3429999351501465,20176.9,7820948.0,,41987714.10137295,81987926766.0,158255998.5553361,,8242497.0,,,0.0002253933333333
2021-04-24,50047.84,51110.56,51166.22,48657.14,26586632961.429283,50092.4,14965045326.88724,2211.625732421875,1777.0,4.3429999351501465,20176.9,7820948.0,,45304748.16747165,82148206489.0,169978664.36473995,,4475120.0,,,0.00018144
2021-04-25,49066.77,50047.84,50567.91,46930.0,25304108053.1808,49063.94,15286993330.1604,2316.0595703125,1777.0,4.3429999351501465,20176.9,7820948.0,,43567056.56775669,82426537359.0,165289599.0538168,,4594819.0,,,0.0002341933333333
2021-04-26,54001.39,49066.76,54356.62,48753.44,33805432122.477165,53984.33,20594394185.15647,2534.481689453125,1779.199951171875,4.447999954223633,20176.9,7820948.0,,37641388.30415779,82675654241.0,133638399.34274958,,5628603.0,,,0.0001
2021-04-27,55011.97,54001.38,55460.0,53222.0,28276520158.23317,55006.25,12306057432.26168,2662.865234375,1778.0,4.743000030517578,20176.9,7820948.0,,48460149.37854307,83157825385.0,166461864.9595316,,3438244.0,,,0.0001
2021-04-28,54846.22,55011.97,56428.0,53813.16,28216328038.03972,54861.77,14420430887.67137,2746.380126953125,1773.199951171875,4.537000179290772,20176.9,7780962.0,,48692211.25646517,83474034912.0,166461864.9595316,,3980863.0,,,0.0001
2021-04-29,53555.0,54846.23,55195.84,52330.94,28765327816.82408,53558.8,13822718178.83627,2756.876953125,1768.0999755859375,4.493000030517578,20176.9,7780962.0,,41110858.37132618,83956724076.0,143016531.6526599,,3697995.0,,,0.0001
2021-04-30,57694.27,53555.0,57963.0,53013.01,31130325047.36933,57684.16,16384605220.97516,2773.20703125,1767.300048828125,4.479000091552734,20176.9,7780962.0,,50392339.976528615,83521000736.0,169978664.36473995,,4136980.0,,,0.0001
2021-05-01,57800.37,57697.25,58458.07,56956.14,26156930293.99466,57836.34,12008585817.99517,2945.892822265625,1767.300048828125,4.479000091552734,20460.4,7780962.0,,50120720.22609525,84862111431.0,158215613.46069756,,2988280.0,,,0.0001790166666666
2021-05-02,56578.21,57797.35,57911.02,56035.25,23487932770.1998,56630.33,11572672993.01727,2952.05615234375,1767.300048828125,4.479000091552734,20460.4,7780962.0,,65657203.09627599,85406430061.0,189527186.1724504,,2958729.0,,,0.0003546233333333
2021-05-03,57169.39,56578.21,58981.44,56435.0,31030225178.1356,57214.83,15734811253.15819,3431.086181640625,1791.4000244140625,4.543000221252441,20460.4,7780962.0,,64117122.40220954,86676665429.0,181331416.76498824,,3894609.0,,,0.00047936
2021-05-04,53200.01,57169.39,57200.0,53046.69,40253022201.09722,53263.32,21460954657.1204,3253.62939453125,1775.800048828125,4.535999774932861,20460.4,7780962.0,,62383402.9732181,86720574446.0,185429300.7311,,5613631.0,,,0.0004319033333333
2021-05-05,57436.11,53205.05,58069.82,52900.0,39259432163.73072,57497.77,17803582010.46668,3522.783203125,1784.0999755859375,4.539000034332275,20460.4,7810486.0,,54774504.74969417,89139614551.0,160841991.0334749,,4379082.0,,,0.0003296433333333
2021-05-06,56393.68,57436.11,58360.0,55200.0,42014404851.48416,56435.35,15686629190.12539,3490.88037109375,1815.5,4.61899995803833,20460.4,7810486.0,,60475320.0449283,89754149257.0,174160117.98024437,,4058579.0,,,0.0007653633333333
2021-05-07,57314.75,56393.68,58650.0,55241.63,39075857769.523056,57350.88,14595837163.97394,3484.72900390625,1831.0999755859373,4.765999794006348,20460.4,7810486.0,,60962574.32408944,90258453394.0,176209059.22568092,,3907300.0,,,0.0003836733333333
2021-05-08,58862.05,57315.49,59500.0,56900.0,38922612985.41944,58924.98,15519326694.29709,3902.647705078125,1831.0999755859373,4.765999794006348,20460.4,7810486.0,,62607840.426441744,90237389049.0,175184588.60296264,,4077864.0,,,0.0005069166666666
2021-05-09,58240.84,58866.53,59300.0,56235.66,36775649957.20715,58292.53,14240035980.97883,3928.8447265625,1831.0999755859373,4.765999794006348,20460.4,7810486.0,,67456264.23437478,90770109435.0,190551658.2704073,,3684680.0,,,0.00052217
2021-05-10,55816.14,58240.83,59500.0,53400.0,45356312577.58277,55869.67,22695249844.91265,3952.2939453125,1837.5,4.733500003814697,20460.4,7810486.0,,64692131.867247045,92137228182.0,184404830.1083817,,5898993.0,,,0.0007414733333333
2021-05-11,56670.02,55816.14,56862.43,54370.0,32506201847.80425,56710.43,14894271373.24978,4168.701171875,1835.9000244140625,4.778500080108643,20460.4,7810486.0,,60035002.03098628,93402307948.0,176209059.22568092,,4116043.0,,,0.0003868533333333
2021-05-12,49631.32,56670.02,58000.01,48600.0,51612257324.17128,49595.76,25827757899.75109,3785.8486328125,1822.5999755859373,4.752500057220459,20460.4,7830663.0,,58964148.126791686,94493166387.0,176209059.22568092,,6914176.0,,,0.00030052
2021-05-13,49670.97,49537.15,51367.19,46000.0,51957789813.57577,49707.9,32261339754.84351,3715.1484375,1823.800048828125,4.70550012588501,20460.4,7830663.0,,49792639.90986861,94682079187.0,186999513.86234707,,10274813.0,,,0.0001483366666666
2021-05-14,49841.45,49671.92,51483.0,48799.75,27025218697.204,49873.27,16003223041.87315,4079.057373046875,1837.9000244140625,4.664000034332275,20460.4,7830663.0,,41940617.41113652,94524082426.0,166839066.08152363,,4415040.0,,,0.0003010933333333
2021-05-15,46762.99,49844.16,50700.0,46555.0,31889029139.9098,46793.41,21481317002.84265,3638.1220703125,1837.9000244140625,4.664000034332275,20460.4,7830663.0,,37441360.56405559,94970590321.0,153143321.7171525,,6036357.0,,,0.0001342533333333
2021-05-16,46431.5,46762.99,49795.89,43825.39,34556941997.04288,46429.28,28364127431.87493,3587.506103515625,1837.9000244140625,4.664000034332275,20460.4,7830663.0,,38857462.22600736,95159416823.0,164348930.5795564,,8061539.0,,,0.00031042
2021-05-17,43538.04,46426.83,46686.0,42001.0,39426649814.11244,43566.18,35658317191.93991,3282.397705078125,1867.5,4.721499919891357,20460.4,7830663.0,,33366529.713213548,95214709057.0,150653186.21518525,,10792942.0,,,0.0004442766666666
2021-05-18,42849.78,43538.02,45799.29,42250.02,28640983157.19871,42882.53,25938880316.66994,3380.070068359375,1867.800048828125,4.735499858856201,20460.4,7830663.0,,27516499.13829725,96578367566.0,124506764.34097786,,7738944.0,,,0.0003039166666666
2021-05-19,36690.09,42849.78,43584.9,30000.0,66875103516.480194,36689.14,52959873009.79825,2460.67919921875,1881.300048828125,4.589499950408936,20460.4,7922883.0,,29885157.13217606,96646525153.0,155633457.21911976,,19848407.0,,,-0.00014628
2021-05-20,40526.64,36671.23,42451.67,34850.0,45259698027.30154,40500.3,30672617975.08359,2784.294189453125,1881.800048828125,4.581999778747559,20460.4,7922883.0,,27394655.48685316,95942357180.0,139447577.35278136,,12629067.0,,,0.0001
2021-05-21,37252.01,40525.39,42200.0,33488.0,44523576543.88571,37211.02,35509680104.40348,2430.621337890625,1876.699951171875,4.495999813079834,20460.4,7922883.0,,26399257.96520401,97004119589.0,136957441.8508141,,14323449.0,,,5.5150000000000006e-05
2021-05-22,37449.73,37263.35,38829.0,35200.62,30657920094.707577,37432.58,21993863634.95327,2295.70556640625,1876.699951171875,4.495999813079834,20460.4,7922883.0,,27101973.22785608,99328659199.0,144427848.35671583,,9059210.0,,,-1.482666666666666e-05
2021-05-23,34655.25,37458.51,38270.64,31111.01,43504901940.34834,34651.6,34118866979.40657,2109.579833984375,1876.699951171875,4.495999813079834,20460.4,7922883.0,,25622813.08074625,99825826110.0,148163050.713218,,15230757.0,,,-4.58e-06
2021-05-24,38796.29,34681.44,39920.0,34031.0,39135166351.81031,38779.66,26315302276.99865,2643.591064453125,1884.5999755859373,4.541500091552734,20460.4,7922883.0,,29201496.293696824,100994160731.0,156878524.07365465,,9482257.0,,,-5.45e-05
2021-05-25,38324.72,38810.99,39791.77,36419.62,34231111319.87104,38326.84,22712004628.95159,2706.62890625,1898.0999755859373,4.521999835968018,20460.4,7922883.0,,29253308.23389413,101457098173.0,153143321.7171525,,8153110.0,,,0.0001
2021-05-26,39241.91,38324.72,40841.0,37800.44,35267679186.6968,39224.2,22649858073.55562,2888.69873046875,1901.300048828125,4.5329999923706055,20460.4,7903541.0,,29933009.000671543,101841411915.0,151898253.06972015,,7380346.0,,,0.0001
2021-05-27,38529.98,39241.92,40411.14,37134.27,28247694847.018013,38527.38,21083767719.11829,2736.488525390625,1895.699951171875,4.666500091552734,20460.4,7903541.0,,28338737.224183585,102928960167.0,145672915.21125075,,6985454.0,,,0.0001
2021-05-28,35663.49,38529.99,38877.83,34684.0,36589865780.97276,35670.99,30299787311.85723,2419.90625,1902.5,4.682499885559082,20460.4,7903541.0,,27171274.392276514,104104946930.0,148163050.713218,,10106917.0,,,0.0001
2021-05-29,34605.15,35661.79,37338.58,33632.76,29112833398.11358,34611.94,25787790806.9165,2279.51416015625,1902.5,4.682499885559082,20460.4,7903541.0,,25455255.11592342,104542314722.0,144427848.35671583,,9278665.0,,,0.00010125
2021-05-30,35641.27,34605.15,36488.0,33379.0,19879815145.43894,35651.81,18116421636.30937,2390.305419921875,1902.5,4.682499885559082,20460.4,7903541.0,,31854808.86945674,104483949124.0,150864303.39569443,,6332370.0,,,0.0001
2021-05-31,37253.81,35641.26,37499.0,34153.84,24098823927.15271,37243.38,22929964892.0569,2714.9453125,1902.5,4.682499885559082,20460.4,7903541.0,,31739556.959850784,102494888689.0,147526659.5228379,,7332286.0,,,0.0001
2021-06-01,36693.09,37253.82,37894.81,35666.0,20885095478.87476,36693.41,21609364827.08958,2633.518310546875,1902.9000244140625,4.662000179290772,20477.8,7903541.0,,32521252.97720609,105800929331.0,148572947.21506172,,7147606.0,,,0.0001
2021-06-02,37568.68,36694.85,38225.0,35920.0,21885843805.37143,37569.99,16479965808.26946,2706.125,1907.5,4.599999904632568,20477.8,7935703.0,,38627230.65013223,106118435648.0,173683868.40164092,,5560507.0,,,0.0001
2021-06-03,39246.79,37568.68,39476.0,37170.0,25158887964.385857,39247.4,19590443294.67527,2855.12646484375,1871.199951171875,4.471499919891357,20477.8,7935703.0,,35460184.90845854,106405515666.0,153804388.68949127,,6053194.0,,,0.0001
2021-06-04,36829.0,39246.78,39289.07,35555.15,28363104859.45549,36828.03,25922946606.60956,2688.195068359375,1889.800048828125,4.537499904632568,20477.8,7935703.0,,30320398.72276765,106831131568.0,137063775.06732357,,7825809.0,,,0.00013522
2021-06-05,35513.2,36829.15,37925.0,34800.0,26559795387.62616,35498.62,22946553087.06278,2630.576904296875,1889.800048828125,4.537499904632568,20477.8,7935703.0,,29906779.7096714,107133072579.0,137063775.06732357,,7187439.0,,,0.0001
2021-06-06,35796.31,35516.07,36480.0,35222.0,20452022251.898647,35801.71,15937978040.90477,2715.0927734375,1889.800048828125,4.537499904632568,20477.8,7935703.0,,33734838.92069688,107351022972.0,156943254.7794732,,4924897.0,,,0.0001
2021-06-07,33552.79,35796.31,36900.0,33300.0,26465484388.83639,33550.96,22666564580.47221,2590.26318359375,1896.800048828125,4.534999847412109,20477.8,7935703.0,,29673718.40510317,107659908988.0,139156351.95842645,,6912075.0,,,0.0001
2021-06-08,33380.81,33556.96,34068.01,31000.0,36055344284.824615,33372.58,31912200461.05386,2517.438720703125,1892.199951171875,4.563000202178955,20477.8,7935703.0,,30561390.886409,107558482275.0,155896965.58059415,,10169593.0,,,7.005000000000001e-05
2021-06-09,37388.05,33380.8,37534.79,32396.82,38831979725.26428,37368.45,36050659489.10996,2608.26708984375,1893.199951171875,4.536499977111816,20477.8,7952327.0,,27452280.13870041,107886626990.0,131832333.59289402,,10853624.0,,,-3.4129999999999993e-05
2021-06-10,36675.72,37388.05,38491.0,35782.0,31714883040.76055,36669.66,29775084407.93657,2471.5185546875,1894.199951171875,4.489999771118164,20477.8,7952327.0,,27288829.22851797,108179303469.0,123462026.02848256,,8755179.0,,,-2.55333333333333e-06
2021-06-11,37331.98,36677.83,37680.4,35936.77,27953038632.06227,37300.42,21668792470.73891,2353.768798828125,1877.4000244140625,4.541500091552734,20477.8,7952327.0,,24281589.038589224,107780455282.0,109860278.49629676,,7114371.0,,,5.796e-05
2021-06-12,35546.11,37331.98,37463.63,34600.36,28868343556.892387,35537.05,22229082760.92563,2372.484375,1877.4000244140625,4.541500091552734,20477.8,7952327.0,,29478069.84550353,107763288747.0,138110064.26620263,,7220250.0,,,4.68666666666667e-06
2021-06-13,39020.57,35546.12,39380.0,34757.0,27986585357.69302,38993.65,23729185499.53586,2508.3916015625,1877.4000244140625,4.541500091552734,20477.8,7952327.0,,30118122.87717708,107862341749.0,136447345.8977942,,7645494.0,,,1.9776666666666663e-05
2021-06-14,40516.29,39020.56,41064.05,38730.0,35847846015.50491,40489.1,28043323953.58158,2537.89111328125,1864.0,4.5320000648498535,20477.8,7952327.0,,33501938.305286817,108056222864.0,133766696.21889952,,8556869.0,,,5.618666666666667e-05
2021-06-15,40144.04,40516.28,41330.0,39506.4,33672068409.14224,40132.86,25426404028.57427,2610.936767578125,1854.5,4.340000152587891,20477.8,7952327.0,,32954354.33022959,108062767318.0,129803238.23607774,,7433471.0,,,9.334e-05
2021-06-16,38349.01,40143.8,40527.14,38116.01,30897508616.0794,38344.97,26431149487.44754,2367.66357421875,1859.5,4.392499923706055,20477.8,8064257.0,,30225959.928362247,108164343290.0,121876323.69727892,,8078012.0,,,0.0001
2021-06-17,38092.97,38349.0,39559.88,37365.0,29865743938.621147,38060.71,23274089670.0265,2372.001953125,1773.800048828125,4.184500217437744,20477.8,8064257.0,,31362745.94397556,107914992967.0,128812374.45379467,,6916167.0,,,0.0001
2021-06-18,35819.84,38092.97,38202.84,35129.29,32701879348.277145,35811.41,29108720481.11914,2231.733154296875,1767.9000244140625,4.162499904632568,20477.8,8064257.0,,28579611.737482715,107715214757.0,122867187.479562,,8552035.0,,,5.229e-05
2021-06-19,35483.72,35820.48,36457.0,34803.52,27835261261.229744,35483.0,22933053073.80613,2178.4990234375,1767.9000244140625,4.162499904632568,20477.8,8064257.0,,23028014.37653589,108139154106.0,102059035.21001476,,6994284.0,,,-2.390333333333333e-05
2021-06-20,35600.16,35483.72,36137.72,33336.0,32602529088.27533,35588.64,28839255734.67477,2246.364501953125,1767.9000244140625,4.162499904632568,20477.8,8064257.0,,22952726.06044321,108322212493.0,104040764.20142566,,8695326.0,,,5.210000000000004e-06
2021-06-21,31608.93,35600.17,35750.0,31251.23,40444189779.24302,31606.0,45999742162.57469,1888.447509765625,1781.800048828125,4.1875,20477.8,8064257.0,,21621205.1965046,108627301976.0,104040764.20142566,,14805785.0,,,-3.8236666666666666e-05
2021-06-22,32509.56,31614.12,33298.78,28805.0,47692260775.0618,32496.0,48118035155.63216,1874.9500732421875,1776.300048828125,4.234499931335449,20477.8,8064257.0,,18019264.420038976,108903341048.0,90168661.2615494,,16006721.0,,,-4.9530000000000015e-05
2021-06-23,33678.07,32509.56,34881.0,31683.0,35449336073.98444,33649.0,32385728391.32214,1989.736328125,1782.300048828125,4.330999851226807,20477.8,8101945.0,,21228192.469585907,109065344072.0,100077306.21860388,,10204990.0,,,-0.0001117366666666
2021-06-24,34663.09,33675.07,35298.0,32286.57,25676983048.026783,34644.64,26142284529.30551,1988.456298828125,1775.5999755859375,4.311500072479248,20477.8,8101945.0,,22087165.7152049,109329217573.0,104040764.20142566,,8178827.0,,,-5.549333333333333e-05
2021-06-25,31584.45,34663.08,35500.0,31275.0,27284052125.73832,31568.07,36220815800.34415,1813.21728515625,1776.5999755859375,4.298999786376953,20477.8,8101945.0,,22834449.614976343,109680379446.0,108995085.96653052,,11017984.0,,,7.457333333333334e-05
2021-06-26,32283.65,31576.09,32730.0,30151.0,23093988078.804024,32255.56,34169368151.21496,1829.2392578125,1776.5999755859375,4.298999786376953,20477.8,8101945.0,,17462640.566983286,109763792991.0,88186933.69698328,,11337869.0,,,-0.00011507
2021-06-27,34700.34,32283.65,34749.0,31973.45,22444168928.334827,34687.71,29675701648.44259,1978.8946533203125,1776.5999755859375,4.298999786376953,20477.8,8101945.0,,11992418.578039505,109907137429.0,57470136.4703816,,9293144.0,,,-0.00034195
2021-06-28,34494.89,34702.49,35297.71,33862.72,27549262377.80588,34487.22,24347802821.64672,2079.657470703125,1779.5999755859375,4.277999877929688,20477.8,8101945.0,,18971093.205232613,110148385180.0,87196068.48785548,,7819513.0,,,3.4660000000000004e-05
2021-06-29,35911.73,34494.89,36600.0,34225.43,30770521015.54843,35911.26,28651151982.42255,2160.768310546875,1762.800048828125,4.276500225067139,20477.8,8101945.0,,19952943.417820632,109582783989.0,89177797.47926635,,8524272.0,,,7.409666666666667e-05
2021-06-30,35045.0,35911.72,36100.0,34017.55,26602980352.845062,35031.39,25089717253.91246,2274.547607421875,1770.800048828125,4.296500205993652,20477.8,8078544.0,,19213164.392227583,109585773317.0,87196068.48785548,,7507591.0,,,0.0001
2021-07-01,33504.69,35045.0,35057.57,32711.0,31128488569.74704,33489.96,25510026886.15879,2113.60546875,1775.9000244140625,4.242000102996826,20633.3,8078544.0,,20164890.961783253,109646352253.0,95122984.45349903,,7571512.0,,,0.0001
2021-07-02,33786.55,33502.33,33977.04,32699.0,20577640426.885696,33760.94,22117194903.82862,2150.040283203125,1782.5999755859375,4.2820000648498535,20633.3,8078544.0,,18726648.98479134,109979215556.0,89177797.47926635,,7045965.0,,,2.0390000000000003e-05
2021-07-03,34669.13,33786.54,34945.61,33316.73,20837703068.621803,34652.94,17523073397.64332,2226.1142578125,1782.5999755859375,4.2820000648498535,20633.3,8078544.0,,27237326.758329343,110577364968.0,97321703.03432868,,5205187.0,,,-4.962e-05
2021-07-04,35286.51,34669.12,35967.85,34357.15,20113267790.82772,35280.16,15913944818.06252,2321.72412109375,1782.5999755859375,4.2820000648498535,20633.3,8078544.0,,25385979.54710448,110665626199.0,82108835.9632785,,4545759.0,,,-2.5356666666666664e-05
2021-07-05,33690.14,35288.13,35293.78,33125.55,25160821555.14557,33672.72,25080538853.9889,2198.58251953125,1782.5999755859375,4.2820000648498535,20633.3,8078544.0,,28123541.42075644,110748456760.0,94246664.3621258,,6742680.0,,,3.186666666666667e-05
2021-07-06,34220.01,33690.15,35118.88,33532.0,22163244560.45511,34206.01,22007603921.1366,2324.679443359375,1793.5,4.257999897003174,20633.3,8078544.0,,30380452.837262686,110871523787.0,101386562.69452158,,6711963.0,,,-6.678e-05
2021-07-07,33862.12,34220.02,35059.09,33777.77,18931070661.01023,33845.64,15756590092.29847,2315.161865234375,1801.5,4.328999996185303,20633.3,8097773.0,,26547295.06141017,111278252078.0,87820755.45171146,,5169442.0,,,2.2126666666666663e-05
2021-07-08,32875.71,33862.11,33929.64,32077.0,21778702838.79877,32852.04,21360817082.62111,2120.0263671875,1799.5999755859375,4.271500110626221,20633.3,8097773.0,,28559509.856668912,111397041755.0,99244593.40043192,,6802340.0,,,-0.0001103366666666
2021-07-09,33815.81,32875.71,34100.0,32261.07,18709972906.69319,33805.01,16088319381.03029,2146.6923828125,1810.0,4.352499961853027,20633.3,8097773.0,,27073388.123651367,111558644915.0,93532673.91199896,,5309633.0,,,-0.00015698
2021-07-10,33502.87,33815.81,34262.0,33004.78,16547452215.43002,33497.98,13822726226.60229,2111.403564453125,1810.0,4.352499961853027,20633.3,8097773.0,,33931692.58808299,111570655597.0,114952370.96547714,,4469934.0,,,2.612666666666667e-05
2021-07-11,34258.99,33502.87,34666.0,33306.47,15726102376.360546,34253.81,11640701255.89198,2139.664794921875,1810.0,4.352499961853027,20633.3,8097773.0,,26415280.518247865,111590743412.0,89248735.3238197,,3850979.0,,,4.804e-05
2021-07-12,33086.63,34259.0,34678.43,32658.34,20542249060.5586,33070.87,16891641370.32395,2036.7210693359373,1805.5,4.322999954223633,20633.3,8097773.0,,26569752.775085628,111635819729.0,89962724.74580109,,5198266.0,,,7.438e-05
2021-07-13,32729.77,33086.94,33340.0,32202.25,17079518447.924892,32709.09,15294563607.10545,1940.083984375,1809.4000244140625,4.314499855041504,20633.3,8097773.0,,27936508.61857629,111815882159.0,97102623.07819688,,4784106.0,,,6.684e-05
2021-07-14,32820.02,32729.12,33114.03,31550.0,16540362691.579489,32803.01,16871855472.03737,1994.331298828125,1824.300048828125,4.276999950408936,20633.3,8201651.0,,34498983.85261103,111589763500.0,121378279.87589152,,5242765.0,,,-1.4533333333333308e-06
2021-07-15,31880.0,32820.03,33185.25,31133.0,16436228147.990322,31866.43,17249306209.93983,1911.1756591796875,1828.4000244140625,4.333000183105469,20633.3,8201651.0,,25639890.423259243,111627877384.0,91390704.61790933,,5338248.0,,,2.2310000000000005e-05
2021-07-16,31383.87,31874.49,32249.18,31020.0,15331797127.19581,31382.95,16377889184.44778,1880.3829345703125,1814.5,4.332499980926514,20633.3,8201651.0,,29732423.095774096,112320596742.0,107098482.18295452,,5132866.0,,,-1.4503333333333332e-05
2021-07-17,31520.07,31383.86,31955.92,31164.31,10499446224.45518,31496.65,13327067038.85016,1898.8251953125,1814.5,4.332499980926514,20633.3,8201651.0,,28239595.44814417,111996216300.0,101825980.89464508,,4250802.0,,,2.674e-05
2021-07-18,31778.56,31520.07,32435.0,31108.97,9955567456.938068,31767.0,13084053080.66186,1895.5521240234373,1814.5,4.332499980926514,20633.3,8201651.0,,28602385.178873915,112181540218.0,97872242.08868936,,4113502.0,,,5.188666666666667e-05
2021-07-19,30839.65,31778.57,31899.0,30407.44,11480592312.987995,30823.62,15114690213.58257,1817.296630859375,1808.699951171875,4.2104997634887695,20633.3,8201651.0,,33188860.73845909,112309574396.0,115543619.56746826,,4851130.0,,,-1.8523333333333333e-05
2021-07-20,29790.35,30839.65,31063.07,29278.0,12730684734.84287,29775.9,17961608394.43468,1787.5107421875,1810.9000244140625,4.273499965667725,20633.3,8201651.0,,22787593.220186524,112239489404.0,82919538.21875685,,5670320.0,,,-0.0001573166666666
2021-07-21,32144.51,29790.34,32858.0,29482.61,15220146246.499271,32120.0,24708991011.44716,1990.9708251953125,1802.9000244140625,4.28249979019165,20633.3,8240530.0,,28366892.60595797,112252263194.0,98551910.00153977,,7405000.0,,,-0.0003144066666666
2021-07-22,32287.83,32144.51,32591.35,31708.0,10640214271.655785,32268.11,12754500028.76495,2025.2027587890625,1805.0,4.3480000495910645,20633.3,8240530.0,,30731271.910856944,112510719529.0,103989257.21923248,,4511132.0,,,-4.508333333333333e-05
2021-07-23,33634.09,32287.58,33650.0,31924.32,13344810638.675673,33634.46,13173247545.9248,2124.776611328125,1801.4000244140625,4.406499862670898,20633.3,8240530.0,,27505292.699856494,112688937077.0,91755226.95814627,,4535327.0,,,-5.877e-05
2021-07-24,34258.14,33634.1,34500.0,33401.14,12839633572.076857,34230.0,12732082908.68063,2189.21875,1801.4000244140625,4.406499862670898,20633.3,8240530.0,,32657531.59741652,112939722340.0,104668925.13208283,,4302835.0,,,-0.0001040933333333
2021-07-25,35381.02,34261.51,35398.0,33851.12,11711417075.832426,35370.66,13893942170.58207,2191.373779296875,1801.4000244140625,4.406499862670898,20633.3,8240530.0,,32923941.87594864,113164295552.0,103989257.21923248,,4603688.0,,,-0.0001753033333333
2021-07-26,37237.6,35381.02,40550.0,35205.78,33133580149.595417,37218.09,44475672628.66526,2233.36669921875,1798.699951171875,4.589000225067139,20633.3,8240530.0,,35868969.21154597,113448856664.0,101950252.50195892,,12835412.0,,,-0.0001161366666666
2021-07-27,39457.87,37241.33,39542.61,36383.0,20809999746.893463,39442.33,25492243891.00927,2298.33349609375,1799.5,4.546000003814697,20633.3,8240530.0,,40212168.34805709,113517746355.0,115543619.56746826,,8304970.0,,,5.917333333333334e-05
2021-07-28,40019.56,39456.61,40900.0,38772.0,24133237083.842545,40003.08,29337785847.17598,2296.54541015625,1799.5,4.479000091552734,20633.3,8221473.0,,39129554.90753663,113854604710.0,106707930.82807882,,9709597.0,,,5.987666666666667e-05
2021-07-29,40016.48,40019.57,40640.0,39200.0,19944483589.643394,40012.9,18494873369.9317,2380.956787109375,1831.199951171875,4.519999980926514,20633.3,8221473.0,,39893978.51995312,113985850669.0,108746935.54535235,,6319522.0,,,6.589666666666666e-05
2021-07-30,42206.37,40018.49,42316.71,38313.23,20602734300.02412,42203.25,22382077430.50685,2466.96142578125,1812.5999755859373,4.480500221252441,20633.3,8221473.0,,41389541.68518333,113923048498.0,112824945.95862192,,7298843.0,,,5.874333333333334e-05
2021-07-31,41461.83,42206.36,42448.0,41000.15,15945418758.07601,41448.11,15885174209.01891,2536.2099609375,1812.5999755859373,4.480500221252441,20633.3,8221473.0,,41137627.969505794,114206887020.0,112670630.57380444,,5273613.0,,,0.0001
2021-08-01,39845.44,41461.84,42599.0,39422.01,16265181268.193846,39846.78,20123271133.84008,2561.85205078125,1812.5999755859373,4.480500221252441,20840.9,8221473.0,,39828868.18769885,114130941965.0,110975800.32998534,,6494436.0,,,0.0001
2021-08-02,39147.82,39850.27,40480.01,38690.0,15320889256.512148,39147.48,17868768676.14336,2610.1533203125,1818.0999755859373,4.432000160217285,20840.9,8221473.0,,35437726.612102576,114015647586.0,103048958.33872564,,6006209.0,,,0.0001
2021-08-03,38207.05,39146.86,39780.0,37642.03,15343401008.665815,38203.26,19870811472.42814,2502.349609375,1810.0999755859373,4.382999897003174,20840.9,8221473.0,,40695375.41369647,114158412071.0,121785131.92177844,,6707466.0,,,0.0001
2021-08-04,39723.18,38207.04,39969.66,37508.56,14395629274.011148,39731.31,18566815767.50786,2724.619873046875,1810.5,4.329999923706055,20840.9,8235073.0,,32870871.71654716,114165105909.0,98004602.83491194,,5925588.0,,,7.090666666666667e-05
2021-08-05,40862.46,39723.17,41350.0,37332.7,21074642410.312576,40882.4,29293280083.50881,2827.328857421875,1805.0999755859373,4.3454999923706055,20840.9,8235073.0,,39276510.335953936,113123558004.0,115299533.17424172,,8939984.0,,,0.0001
2021-08-06,42836.87,40862.46,43392.43,39853.86,22269665603.435905,42825.43,27084444322.36515,2890.941650390625,1760.0,4.3454999923706055,20840.9,8235073.0,,41124143.51519797,113275670568.0,114578911.55238023,,8511604.0,,,0.0001
2021-08-07,44572.54,42836.87,44700.0,42446.41,22477956561.410755,44601.11,25434912724.49232,3157.23876953125,1760.0,4.3454999923706055,20840.9,8235073.0,,45498579.11557561,113527858195.0,120343887.64035964,,8285935.0,,,0.0001
2021-08-08,43794.37,44572.54,45310.0,43261.0,21800026346.05975,43787.71,24546996022.15984,3013.732666015625,1760.0,4.3454999923706055,20840.9,8235073.0,,43735165.13098129,114752216870.0,113858288.89282292,,8090081.0,,,0.0001
2021-08-09,46253.4,43794.36,46454.15,42779.0,22861071410.08375,46259.7,28215980001.728,3167.856201171875,1723.4000244140625,4.287000179290772,20840.9,8235073.0,,42710934.845032535,114855850147.0,109534557.08626236,,8787127.0,,,0.0001
2021-08-10,45584.99,46248.87,46700.0,44589.46,19676552134.21601,45589.99,20993395642.65772,3141.691162109375,1728.800048828125,4.351500034332275,20840.9,8235073.0,,47037985.30540032,114669741771.0,118902643.35894084,,6636666.0,,,0.0001
2021-08-11,45511.0,45585.0,46743.47,45341.14,20059010683.562927,45522.12,18016171890.37027,3164.2451171875,1750.4000244140625,4.363999843597412,20840.9,8257159.0,,42364565.3343397,114552467749.0,105931445.86386745,,5551690.0,,,0.0001
2021-08-12,44399.0,45510.67,46218.12,43770.0,19709317439.62876,44385.09,21002449071.36338,3043.414306640625,1749.0,4.355999946594238,20840.9,8257159.0,,42398581.72054456,114533597307.0,108813934.42670503,,6584193.0,,,0.0001
2021-08-13,47800.0,44400.06,47886.0,44217.39,18853512801.510406,47792.52,20268188738.82734,3322.211669921875,1775.199951171875,4.38700008392334,20840.9,8257159.0,,41066535.50756652,114684551435.0,108438697.15589663,,6001921.0,,,0.0001
2021-08-14,47068.51,47799.99,48144.0,45971.03,18933344286.559338,47083.74,17592436753.37547,3265.443359375,1775.199951171875,4.38700008392334,20840.9,8257159.0,,48269810.152832605,114595012041.0,126820808.67061576,,5297858.0,,,0.0001
2021-08-15,46973.82,47068.5,47372.27,45500.0,18409346903.316147,47006.02,17184325858.98103,3310.504150390625,1775.199951171875,4.38700008392334,20840.9,8257159.0,,52687779.217675455,115647535009.0,140740165.7062498,,5339069.0,,,0.0001
2021-08-16,45901.29,46973.82,48053.83,45660.0,20637294047.89579,45926.23,19341043030.76062,3156.509521484375,1786.9000244140625,4.322000026702881,20840.9,8257159.0,,47253232.49204066,115770476650.0,124500916.20252626,,5662676.0,,,0.00011308
2021-08-17,44695.95,45901.3,47160.0,44376.0,21254424215.044147,44704.84,21777823959.04203,3014.845947265625,1785.0,4.199999809265137,20840.9,8257159.0,,49287929.63151563,115689127490.0,133007188.95670392,,6615774.0,,,0.0001
2021-08-18,44705.29,44695.95,46000.0,44203.28,19038919378.79615,44714.09,17865646754.68377,3020.08984375,1781.5999755859375,4.116000175476074,20840.9,8342598.0,,38064647.50004928,115643766361.0,104395177.76725549,,5819674.0,,,0.0001
2021-08-19,46760.62,44699.37,47033.0,43927.7,21361031301.65037,46772.0,19883402232.55334,3182.7021484375,1780.199951171875,4.03849983215332,20840.9,8342598.0,,43493656.00958551,115695230288.0,119087831.92106985,,6226105.0,,,0.0001
2021-08-20,49322.47,46760.62,49382.99,46622.99,21176416226.75179,49332.74,19242378733.46022,3286.935302734375,1781.0,4.134500026702881,20840.9,8342598.0,,47751093.50728189,115641700685.0,123727617.9707974,,5618350.0,,,0.0001192033333333
2021-08-21,48821.87,49322.47,49757.04,48222.0,25157937219.77045,48848.29,17049427213.4425,3226.083984375,1781.0,4.134500026702881,20840.9,8342598.0,,52100120.25112521,116495458994.0,131460594.72034328,,4872935.0,,,0.00015569
2021-08-22,49239.22,48821.88,49500.0,48050.0,15195747182.332457,49273.28,14395479952.62928,3242.115478515625,1781.0,4.134500026702881,20840.9,8342598.0,,50118900.391008645,116626171626.0,126820808.67061576,,4258137.0,,,0.0001160433333333
2021-08-23,49488.85,49239.22,50500.0,49029.0,21301325087.47256,49523.91,17745733776.00453,3319.25732421875,1803.199951171875,4.234499931335449,20840.9,8342598.0,,61413821.49566569,117772687543.0,152339630.2737944,,4899309.0,,,0.0002438766666666
2021-08-24,47674.01,49488.85,49860.0,47600.0,22066446832.18234,47719.36,19450210328.35084,3172.456298828125,1805.5999755859373,4.255000114440918,20840.9,8342598.0,,46983924.01414642,115782669411.0,119087831.92106985,,5377211.0,,,0.0002688266666666
2021-08-25,48973.32,47674.01,49264.3,47126.28,19394287472.17753,48992.65,18737744219.73293,3224.915283203125,1788.199951171875,4.264999866485596,20840.9,8332743.0,,48257665.484393805,117678801501.0,131199199.26766804,,5171533.0,,,0.0001318933333333
2021-08-26,46843.87,48973.32,49352.84,46250.0,20322239118.11161,46853.06,22473235582.72602,3100.325439453125,1792.199951171875,4.245999813079834,20840.9,8332743.0,,43185662.09784387,117617046724.0,127844614.26004224,,6284616.0,,,0.00013955
2021-08-27,49069.9,46843.86,49149.93,46348.0,20400138593.91427,49083.98,19245054649.6343,3270.600830078125,1816.5999755859373,4.316500186920166,20840.9,8332743.0,,43481505.89255281,117771964862.0,127844614.26004224,,5376217.0,,,0.0001
2021-08-28,48895.35,49069.9,49299.0,48346.88,16726511556.834711,48931.99,10891802522.97636,3244.4033203125,1816.5999755859373,4.316500186920166,20840.9,8332743.0,,43112805.13355802,117953287180.0,123466374.33066264,,3372874.0,,,0.0002179233333333
2021-08-29,48767.83,48895.35,49632.27,47762.54,14681583172.99675,48795.41,15338512478.0667,3227.002685546875,1816.5999755859373,4.316500186920166,20840.9,8332743.0,,47499095.89795674,117968539012.0,136601094.11880136,,4333830.0,,,0.0001
2021-08-30,46982.91,48767.84,48888.61,46853.0,19261528352.39937,47024.7,16883434689.08808,3224.374267578125,1809.0,4.361000061035156,20840.9,8332743.0,,40538793.77342184,118026154459.0,118212485.65884729,,4884305.0,,,0.0001418333333333
2021-08-31,47100.89,46982.91,48246.11,46700.0,20649317604.82411,47150.32,17331998427.24321,3433.732666015625,1815.0,4.360000133514404,20840.9,8332743.0,,42652375.26763276,118152129195.0,126093318.03610376,,4990226.0,,,0.0002910366666666
2021-09-01,48810.52,47100.89,49156.0,46512.0,22959475728.99456,48842.94,16740393336.66525,3834.828125,1813.0999755859373,4.263000011444092,20981.0,8349173.0,,40873131.61314036,118259166688.0,119963781.88278574,,4903914.0,,,0.0003528033333333
2021-09-02,49246.64,48810.51,50450.13,48584.06,23601759922.46625,49299.14,17997935761.14562,3790.989990234375,1808.699951171875,4.289999961853027,20981.0,8349173.0,,46280712.056797504,118478780877.0,130471557.96548332,,5085742.0,,,0.0004887166666666
2021-09-03,49999.14,49246.63,51000.0,48316.84,23486085360.76656,50027.08,21513177165.61612,3940.61474609375,1830.9000244140625,4.325500011444092,20981.0,8349173.0,,46172998.884586334,119749270064.0,129595910.48398069,,5944189.0,,,0.00035202
2021-09-04,49915.64,49998.0,50535.69,49370.0,20120714643.919685,49940.74,13759937547.8914,3887.828369140625,1830.9000244140625,4.325500011444092,20981.0,8349173.0,,48506085.56417375,119880189507.0,135725446.63729873,,3948068.0,,,0.00024982
2021-09-05,51756.88,49917.54,51900.0,49450.0,18745583545.79234,51799.57,14588935796.41607,3952.133544921875,1830.9000244140625,4.325500011444092,20981.0,8349173.0,,51617021.04114883,120094427382.0,143606279.0145552,,4292691.0,,,0.0001
2021-09-06,52663.9,51756.88,52780.0,50969.33,22851700604.42169,52683.97,15423250787.26498,3928.37939453125,1830.9000244140625,4.325500011444092,20981.0,8349173.0,,55669842.115169846,120998775663.0,150611462.64937586,,4279743.0,,,0.0001559433333333
2021-09-07,46863.73,52666.2,52920.0,42843.05,38178640332.81275,46864.39,37281067593.00847,3426.394287109375,1795.9000244140625,4.277500152587891,20981.0,8349173.0,,46549131.08394753,123064058117.0,134093473.52179764,,10732310.0,,,0.0001432566666666
2021-09-08,46048.31,46868.57,47340.99,44412.02,26767283206.25745,46062.29,20085515480.72311,3497.315185546875,1790.699951171875,4.23199987411499,20981.0,8357314.0,,40971544.007159375,123415558815.0,129989982.27183735,,7021405.0,,,0.0001
2021-09-09,46395.14,46048.31,47399.97,45513.08,22985240773.62936,46413.88,14346157049.46551,3427.340087890625,1797.4000244140625,4.2835001945495605,20981.0,8357314.0,,39718773.11933193,123769821117.0,125412870.50778995,,4930258.0,,,0.0001
2021-09-10,44850.91,46395.14,47033.0,44132.29,21536915664.10352,44860.83,15708080883.28685,3211.505859375,1789.5999755859375,4.447999954223633,20981.0,8357314.0,,39007577.29628072,124004053095.0,124497447.36405551,,5382210.0,,,0.0001037166666666
2021-09-11,45173.69,44842.2,45987.93,44722.22,18505294823.6115,45193.78,8807681962.10374,3270.278076171875,1789.5999755859375,4.447999954223633,20981.0,8357314.0,,41945918.50216404,123599837398.0,135482517.1796192,,3373298.0,,,0.0001
2021-09-12,46025.24,45173.68,46460.0,44742.06,15511579272.862017,46046.73,10201271595.70855,3410.134521484375,1789.5999755859375,4.447999954223633,20981.0,8357314.0,,41901207.27784547,123766068369.0,134567094.03588477,,3513148.0,,,0.0001
2021-09-13,44940.73,46025.23,46880.0,43370.0,22248833515.613884,44975.96,20131171676.0145,3285.51171875,1792.0,4.363500118255615,20981.0,8357314.0,,44668850.72043357,123773916637.0,145552163.85144845,,6828900.0,,,0.0001
2021-09-14,47111.52,44940.72,47250.0,44594.44,23189954954.254627,47087.18,12831694974.04345,3429.169677734375,1804.699951171875,4.317999839782715,20981.0,8357314.0,,48463772.69287432,123657278990.0,153790965.55401707,,4444874.0,,,0.0001
2021-09-15,48121.41,47103.28,48500.0,46682.32,17697318436.32402,48106.12,11624351579.75172,3615.28271484375,1792.4000244140625,4.403500080108643,20981.0,8448770.0,,42265257.92153248,123953854025.0,129989982.27183735,,3931496.0,,,0.0001
2021-09-16,47737.82,48121.4,48557.0,47021.1,17976147494.89835,47745.55,12433719043.28008,3571.294921875,1754.5999755859375,4.278500080108643,20981.0,8448770.0,,40700034.1122495,124064648148.0,124497447.36405551,,4105005.0,,,0.0001
2021-09-17,47299.98,47737.81,48150.0,46699.56,16641811673.097956,47303.11,10742174762.67011,3398.538818359375,1749.4000244140625,4.245500087738037,20981.0,8448770.0,,43718526.44759895,124222627749.0,134567094.03588477,,3704532.0,,,0.0001
2021-09-18,48292.74,47299.98,48843.2,47035.56,16303573331.24767,48285.15,10031215317.91942,3432.018310546875,1749.4000244140625,4.245500087738037,20981.0,8448770.0,,46731565.47052632,124556494184.0,141890473.9129272,,3324657.0,,,0.0001
2021-09-19,47241.75,48292.75,48372.83,46829.18,14505478566.042118,47256.91,10122579342.97277,3329.447998046875,1749.4000244140625,4.245500087738037,20981.0,8448770.0,,47700721.45615305,124531954595.0,146467585.6769746,,3348975.0,,,0.0001
2021-09-20,43015.62,47241.75,47347.25,42500.0,23836939105.72312,43026.6,26601166549.81395,2958.993408203125,1761.800048828125,4.117000102996826,20981.0,8448770.0,,45468431.83037983,124653533797.0,150129275.61549583,,8418065.0,,,0.0001
2021-09-21,40734.38,43016.64,43639.0,39600.0,26657226814.07769,40726.1,28674205460.24377,2764.43115234375,1776.0,4.127999782562256,20981.0,8448770.0,,32400725.09357989,124333604173.0,114073685.15409195,,9657055.0,,,0.0001
2021-09-22,43543.61,40734.09,44000.55,40565.39,20943214380.094025,43520.0,17055828172.61599,3077.867919921875,1776.699951171875,4.252500057220459,20981.0,8489824.0,,35570690.56825505,124649566456.0,126546634.44445217,,6306437.0,,,0.0001
2021-09-23,44865.26,43546.37,44978.0,43069.09,19766881341.881275,44828.29,14552188970.80982,3155.523681640625,1747.699951171875,4.230999946594238,20981.0,8489824.0,,45498817.87146435,125097617535.0,155822347.18556657,,5120236.0,,,7.526333333333333e-05
2021-09-24,42810.57,44865.26,45200.0,40675.0,23848556378.650547,42798.49,25937929795.8751,2931.669189453125,1749.699951171875,4.287499904632568,20981.0,8489824.0,,39738313.33272936,125545098880.0,139767924.24494308,,8669309.0,,,-4.1379999999999993e-05
2021-09-25,42670.64,42810.58,42966.84,41646.28,17823537072.01739,42651.58,11773712808.98387,2925.565673828125,1749.699951171875,4.287499904632568,20981.0,8489824.0,,38314127.81178241,126441614703.0,135990412.4848302,,4222999.0,,,8.543e-05
2021-09-26,43160.9,42670.63,43950.0,40750.0,16094194587.373966,43150.0,15063801544.28196,3062.265380859375,1749.699951171875,4.287499904632568,20981.0,8489824.0,,36959047.69886701,126838565530.0,131268523.46464118,,5207498.0,,,3.590333333333334e-05
2021-09-27,42147.35,43160.9,44350.0,42098.0,16890718852.168558,42122.69,12386098075.29085,2934.138916015625,1750.0,4.293499946594238,20981.0,8489824.0,,42117413.87083902,127221326222.0,146378569.1451885,,4572145.0,,,0.0001
2021-09-28,41026.54,42147.35,42787.38,40888.0,16258282437.589483,41006.32,15049002596.37617,2807.296630859375,1735.800048828125,4.244999885559082,20981.0,8489824.0,,39777854.45772741,126900183633.0,143545436.00505593,,5393849.0,,,5.207666666666666e-05
2021-09-29,41524.28,41025.01,42590.0,40753.88,16818900519.337973,41499.71,12246762409.51776,2853.143310546875,1721.5,4.199999809265137,20981.0,8447981.0,,34011979.88570781,126740064808.0,122769122.68433928,,4574233.0,,,4.622e-05
2021-09-30,43824.1,41524.29,44141.37,41410.17,16189992204.040976,43796.57,16818655330.04175,3001.678955078125,1755.300048828125,4.090000152587891,20981.0,8447981.0,,46220112.68888103,126932049973.0,161488614.82573587,,5725757.0,,,9.745e-05
2021-10-01,48141.61,43820.01,48495.0,43283.03,23875596129.65322,48123.94,20816747005.41754,3307.51611328125,1757.0,4.19350004196167,21160.6,8447981.0,,40345135.27602608,126776758716.0,132212900.72471732,,6697454.0,,,3.1696666666666664e-05
2021-10-02,47634.9,48141.6,48336.59,47430.18,16831174055.8602,47626.61,8730132627.52512,3391.6943359375,1757.0,4.19350004196167,21160.6,8447981.0,,56230237.89864862,126954502624.0,177543039.12626347,,3237440.0,,,4.911333333333333e-05
2021-10-03,48200.01,47634.89,49228.08,47088.0,15096983868.92569,48187.3,10220431021.74645,3418.358642578125,1757.0,4.19350004196167,21160.6,8447981.0,,45062275.137345605,127118160277.0,141656680.1249995,,3844736.0,,,0.0001
2021-10-04,49224.94,48200.01,49536.12,46891.0,15549638605.382046,49198.22,15638433546.81931,3380.089111328125,1766.199951171875,4.246500015258789,21160.6,8447981.0,,46904771.86250851,127405957223.0,147634521.78479335,,5597551.0,,,0.0001
2021-10-05,51471.99,49224.93,51886.3,49022.4,17573992709.969315,51455.12,15777204363.85077,3518.5185546875,1759.5999755859375,4.202000141143799,21160.6,8447981.0,,51347587.4580045,127458094254.0,162177735.98974445,,5319898.0,,,2.578e-05
2021-10-06,55315.0,51471.99,55750.0,50382.41,25293356380.81,55321.6,22242398945.29027,3580.56201171875,1760.5,4.1570000648498535,21160.6,8464032.0,,43274850.94287872,127657655010.0,129544410.62214965,,7273136.0,,,0.0001
2021-10-07,53785.22,55315.0,55332.31,53357.0,20502569634.397484,53814.99,14289443599.2762,3587.974853515625,1757.9000244140625,4.250999927520752,21160.6,8464032.0,,47902837.28924786,128175881113.0,139433297.74445093,,5414849.0,,,0.0002394966666666
2021-10-08,53951.43,53785.22,56100.0,53617.61,21159459045.3922,53975.0,13956986828.05278,3563.75927734375,1756.300048828125,4.2829999923706055,21160.6,8464032.0,,40936117.79928652,128279605379.0,118666635.49961804,,4993147.0,,,0.0002338366666666
2021-10-09,54949.72,53955.67,55489.0,53661.67,18459287559.80328,54960.77,9179243466.66163,3575.716796875,1756.300048828125,4.2829999923706055,21160.6,8464032.0,,51357359.06324948,128539290713.0,148333295.4425223,,3489343.0,,,0.0001190566666666
2021-10-10,54659.0,54949.72,56561.31,54080.0,21823958335.36943,54700.0,15966267341.69028,3425.852783203125,1756.300048828125,4.2829999923706055,21160.6,8464032.0,,54905556.77381884,128693216225.0,157233293.14059362,,5268609.0,,,0.0001363533333333
2021-10-11,57471.35,54659.01,57839.04,54415.06,26536963625.1465,57500.01,17849826167.23144,3545.35400390625,1754.5999755859375,4.374499797821045,21160.6,8464032.0,,51771358.97848451,128882653567.0,144377740.59360176,,5634045.0,,,0.0001
2021-10-12,55996.93,57471.35,57680.0,53879.0,23137329286.64276,56011.84,19709191747.56351,3492.5732421875,1758.300048828125,4.328999996185303,21160.6,8464032.0,,47374776.054589495,129025042100.0,132511077.47083984,,6304859.0,,,0.0001
2021-10-13,57367.0,55996.91,57777.0,54167.19,25643041467.127136,57393.65,18304667791.64031,3606.20166015625,1793.699951171875,4.520500183105469,21160.6,8480942.0,,59035422.51531637,128949343721.0,167122178.8388953,,5963604.0,,,0.0001
2021-10-14,57347.94,57370.83,58532.54,56818.05,23193629019.73935,57378.19,14692446487.46952,3786.01416015625,1796.699951171875,4.631499767303467,21160.6,8480942.0,,49370512.1411834,128896541481.0,135477742.8955304,,5116064.0,,,0.00016693
2021-10-15,61672.42,57347.94,62933.0,56850.0,32419385514.154182,61702.33,29726367096.88279,3862.634765625,1767.199951171875,4.734000205993652,21160.6,8480942.0,,52898120.66804597,129400989691.0,139433297.74445093,,8870781.0,,,0.00018895
2021-10-16,60875.57,61672.42,62378.42,60150.0,25189235832.3201,60925.56,13067491173.4585,3830.382080078125,1767.199951171875,4.734000205993652,21160.6,8480942.0,,50945778.79843785,129399689471.0,131522188.0466099,,4665449.0,,,0.0003975433333333
2021-10-17,61528.33,60875.57,61718.39,58963.0,20057240154.568497,61571.45,14569391373.15171,3847.1044921875,1767.199951171875,4.734000205993652,21160.6,8480942.0,,60776635.38745081,129429140105.0,158222181.14082393,,5162244.0,,,0.00038554
2021-10-18,62009.84,61528.32,62695.78,59844.45,25390688026.81164,62037.92,20556521574.84721,3748.76025390625,1764.800048828125,4.730500221252441,21160.6,8480942.0,,57076466.70483783,129271969367.0,146581499.01401103,,6597431.0,,,0.0002354733333333
2021-10-19,64280.59,62005.6,64486.0,61322.22,26000050039.343506,64316.7,23836964137.71631,3877.65087890625,1769.699951171875,4.714000225067139,21160.6,8480942.0,,60724489.3546005,129405021226.0,154737198.88886136,,6970319.0,,,0.00011658
2021-10-20,66001.41,64280.59,67000.0,63481.4,27172296172.79712,66064.24,21256679160.97886,4155.9921875,1784.0999755859375,4.75600004196167,21160.6,8564943.0,,60667847.94751404,129112155101.0,148747371.3620959,,6188106.0,,,0.0002774566666666
2021-10-21,62193.15,66001.4,66639.74,62000.0,29182988372.55779,62260.33,30800550148.00219,4054.32275390625,1781.199951171875,4.58650016784668,21160.6,8564943.0,,59689045.43037106,129741713990.0,147749067.49308088,,8934628.0,,,0.0006274466666666
2021-10-22,60688.22,62193.15,63732.39,60000.0,26206943572.54431,60734.27,21694368337.15083,3970.181884765625,1795.5,4.526000022888184,21160.6,8564943.0,,61222967.38785421,129539670384.0,157732111.93346488,,6428225.0,,,0.00030406
2021-10-23,61286.75,60688.23,61747.64,59562.15,17271062853.526794,61325.11,13592218440.15612,4171.66357421875,1795.5,4.526000022888184,21160.6,8564943.0,,55348491.75015093,129634623349.0,144754153.0109189,,4204294.0,,,0.0001947566666666
2021-10-24,60852.22,61286.75,61500.0,59510.63,16069023007.928116,60902.82,14885043274.31098,4087.903076171875,1795.5,4.526000022888184,21160.6,8564943.0,,57949060.6648574,129729340730.0,152740589.71327287,,4439944.0,,,0.0003347833333333
2021-10-25,63078.78,60852.22,63710.63,60650.0,18097811861.692684,63127.04,14692569106.66627,4217.876953125,1806.0,4.551499843597412,21160.6,8564943.0,,71297125.47813644,129734095466.0,181691420.6029684,,4451811.0,,,0.0002888866666666
2021-10-26,60328.81,63078.78,63293.48,59817.55,21758757185.213547,60358.75,15638312967.08455,4131.10205078125,1792.699951171875,4.486499786376953,21160.6,8564943.0,,58269483.17864835,129879655751.0,149745676.66866937,,4836711.0,,,0.0005254166666666
2021-10-27,58413.44,60328.81,61496.0,58000.0,25127865257.59276,58449.36,19537339454.97683,3930.25732421875,1797.9000244140625,4.38700008392334,21160.6,8556181.0,,58343245.91018463,129831315648.0,156733808.06444988,,6026753.0,,,0.0002883366666666
2021-10-28,60575.89,58413.44,62499.0,57820.0,26601782659.44464,60622.03,20097525760.43563,4287.31884765625,1801.5999755859373,4.4375,21160.6,8556181.0,,57579145.40126503,130498992459.0,152740589.71327287,,6267000.0,,,0.0001311866666666
2021-10-29,62253.71,60575.9,62980.0,60174.81,22514580267.03143,62308.22,13443682100.82851,4414.74658203125,1783.0,4.375500202178955,21160.6,8556181.0,,65663410.55136178,130806210315.0,170710070.85601085,,4608138.0,,,0.0002186999999999
2021-10-30,61859.19,62253.7,62359.25,60673.0,19384573594.85215,61895.19,9612679322.81911,4325.650390625,1783.0,4.375500202178955,21160.6,8556181.0,,59715512.86878604,131288667303.0,154737198.88886136,,3422379.0,,,0.00026212
2021-10-31,61299.8,61859.19,62405.3,59945.36,19185924156.227737,61348.61,11207623543.6644,4288.07421875,1783.0,4.375500202178955,21160.6,8556181.0,,53064276.7126381,131590391603.0,140567236.29171762,,3792608.0,,,0.0003729233333333
2021-11-01,60911.11,61299.81,62437.74,59405.0,23008700792.43605,60942.87,15074399515.22613,4324.626953125,1795.0999755859375,4.401999950408936,21335.5,8556181.0,,56608930.74499298,131741570147.0,159350397.3506241,,5007209.0,,,0.0004026766666666
2021-11-02,63219.99,60911.12,64270.0,60624.68,23277385858.31035,63266.69,13660618219.95169,4584.798828125,1788.699951171875,4.374000072479248,21335.5,8556181.0,,61799011.58573279,133065673549.0,170117315.37816852,,4904627.0,,,0.00032179
2021-11-03,62896.48,63220.57,63500.0,60382.76,24057740559.661373,62946.45,13219637045.22856,4607.19384765625,1763.5999755859375,4.326000213623047,21335.5,8574871.0,,63241488.8117078,133783415837.0,173347392.02678087,,4827038.0,,,0.00052478
2021-11-04,61395.01,62896.49,63086.31,60677.01,19955119253.742413,61431.86,11399249536.47138,4537.32421875,1793.0,4.326000213623047,21335.5,8574871.0,,55285855.60097671,134033855924.0,153966938.33685192,,4302839.0,,,0.0004770166666666
2021-11-05,60937.12,61395.01,62595.72,60721.0,19409881276.0518,61006.0,9697454173.43093,4486.2431640625,1816.4000244140625,4.348999977111816,21335.5,8574871.0,,59713198.71211777,134939483977.0,166887240.27999246,,3786936.0,,,0.0002603566666666
2021-11-06,61470.61,60940.18,61560.49,60050.0,17992908274.938736,61511.3,9432009426.66797,4521.5810546875,1816.4000244140625,4.348999977111816,21335.5,8574871.0,,58743847.61102751,136516127786.0,165810547.54697624,,3166713.0,,,0.0004538933333333
2021-11-07,63273.59,61470.62,63286.35,61322.78,15521711670.083015,63316.4,8884101795.93602,4620.5546875,1816.4000244140625,4.348999977111816,21335.5,8574871.0,,59417725.43017322,136338656612.0,164733856.36439633,,3030111.0,,,0.0003031966666666
2021-11-08,67525.83,63273.58,67789.0,63273.58,26562785981.09861,67606.96,18088392666.76962,4812.08740234375,1827.4000244140625,4.40500020980835,21335.5,8574871.0,,55531583.45773725,137599769445.0,145353402.67446733,,5496041.0,,,0.0004131633333333
2021-11-09,66947.66,67525.82,68524.25,66222.4,26334317097.197407,67009.98,15654216547.79626,4735.06884765625,1830.199951171875,4.380000114440918,21335.5,8574871.0,,64162666.75305915,136969549205.0,163657165.1818164,,5074026.0,,,0.00048591
2021-11-10,64882.43,66947.67,69000.0,62822.9,30418839055.685875,64920.13,23147498978.96334,4636.17431640625,1847.5999755859373,4.328000068664551,21335.5,8663117.0,,61966982.8621849,139384877821.0,160427088.53320405,,7367120.0,,,0.0005447533333333
2021-11-11,64774.26,64882.42,65600.07,64100.0,22867445260.984592,64831.3,11575850111.67905,4730.38427734375,1863.199951171875,4.4045000076293945,21335.5,8663117.0,,64189068.01932302,139090048129.0,170117315.37816852,,4191078.0,,,0.00018341
2021-11-12,64122.23,64774.25,65450.7,62278.0,24400696186.07213,64156.08,16915954847.28551,4667.115234375,1867.9000244140625,4.45550012588501,21335.5,8663117.0,,56892404.54749093,139317821157.0,152890245.60383567,,5572894.0,,,0.0003013933333333
2021-11-13,64380.0,64122.22,65000.0,63360.22,21095074313.926155,64427.0,7984348166.02606,4651.46044921875,1867.9000244140625,4.45550012588501,21335.5,8663117.0,,61229964.5271536,139769010600.0,164733856.36439633,,2676381.0,,,0.0002300533333333
2021-11-14,65519.1,64380.01,65550.51,63576.27,16237305689.335163,65568.39,9450438558.31633,4626.35888671875,1867.9000244140625,4.45550012588501,21335.5,8663117.0,,63321686.37598962,140392814236.0,175346393.03899404,,3221012.0,,,0.0001234033333333
2021-11-15,63606.74,65519.11,66401.82,63400.0,22012011812.360462,63654.49,13656636971.01954,4557.50390625,1866.0999755859373,4.4070000648498535,21335.5,8663117.0,,61326554.16824261,141039768619.0,170197841.1880367,,4235200.0,,,0.0002595333333333
2021-11-16,60058.87,63606.73,63617.31,58574.07,30194636651.08413,60106.03,28862014876.13343,4216.365234375,1853.5999755859373,4.358500003814697,21335.5,8663117.0,,57080853.92978226,141673701757.0,169070703.88709787,,8349898.0,,,0.0001866599999999
2021-11-17,60344.87,60058.87,60840.23,58373.0,26207265515.475937,60366.96,17181720172.69431,4287.59375,1869.699951171875,4.2729997634887695,21335.5,8674970.0,,55791699.23698628,142647379709.0,167943564.96308032,,6171051.0,,,0.0001105166666666
2021-11-18,56891.62,60344.86,60976.0,56474.26,26975795789.7518,56921.05,24129304002.96715,4000.65087890625,1861.0,4.309999942779541,21335.5,8674970.0,,52904658.24919932,143346403708.0,162307875.21222878,,8309983.0,,,0.0001041166666666
2021-11-19,58052.24,56891.62,58320.0,55600.0,26259172472.93311,58069.51,14001797579.95711,4298.306640625,1851.199951171875,4.4085001945495605,21335.5,8674970.0,,48848462.43094792,143797748421.0,154417909.23642084,,5571576.0,,,0.0001
2021-11-20,59707.51,58057.1,59845.0,57353.0,19059983483.79041,59716.29,10188245162.44803,4409.93115234375,1851.199951171875,4.4085001945495605,21335.5,8674970.0,,53137420.78422692,145006259169.0,163435012.5131676,,3802612.0,,,0.0001
2021-11-21,58622.02,59707.52,60029.76,58486.65,16717487410.124117,58661.39,8509909811.76275,4269.73291015625,1851.199951171875,4.4085001945495605,21335.5,8674970.0,,48836025.36213864,145755308606.0,148782219.4855693,,3742097.0,,,0.0001
2021-11-22,56247.18,58617.7,59444.0,55610.0,22075079957.88376,56268.31,18717910073.27998,4088.457763671875,1806.0,4.395500183105469,21335.5,8674970.0,,50643371.94742093,146046701783.0,158926461.6863336,,7137481.0,,,0.0001
2021-11-23,57541.27,56243.83,58009.99,55317.0,23428144181.041416,57574.23,15216816647.77958,4340.763671875,1783.5,4.423500061035156,21335.5,8674970.0,,46829445.67782232,146100523676.0,148782219.4855693,,6277264.0,,,0.0001096566666666
2021-11-24,57138.29,57541.26,57735.0,55837.0,22346976916.222343,57165.08,11043276126.5089,4239.9814453125,1784.0999755859375,4.458000183105469,21335.5,8681771.0,,55705941.634305686,146350923029.0,176960669.86290583,,4457367.0,,,0.0001067
2021-11-25,58960.36,57138.29,59398.9,57000.0,22397852280.385365,58988.21,11190941838.07731,4274.7431640625,1784.0999755859375,4.458000183105469,21335.5,8681771.0,,47328579.33568285,146834205959.0,146527943.26061293,,4160008.0,,,0.00014404
2021-11-26,53726.53,58960.37,59150.0,53500.0,26434494298.25829,53755.65,20945137179.71787,4030.908935546875,1785.300048828125,4.281499862670898,21335.5,8681771.0,,45832429.099979736,148057168550.0,148782219.4855693,,7510491.0,,,0.0001920133333333
2021-11-27,54721.03,53723.72,55280.0,53610.0,18833233541.16511,54738.77,8478100940.1226,4096.912109375,1785.300048828125,4.281499862670898,21335.5,8681771.0,,48866989.67433851,148461730915.0,161180737.91128996,,3470928.0,,,0.0001027466666666
2021-11-28,57274.88,54716.47,57445.05,53256.64,15863287242.389236,57315.73,11739217936.70817,4294.45361328125,1785.300048828125,4.281499862670898,21335.5,8681771.0,,47673089.77346881,148745925726.0,155140985.08780915,,4295073.0,,,0.0001
2021-11-29,57776.25,57274.89,58865.97,56666.67,18954194584.59023,57827.98,12407120858.33198,4445.10498046875,1782.300048828125,4.336999893188477,21335.5,8681771.0,,51531569.32228203,148984933816.0,158774565.89045352,,4342569.0,,,0.0001359133333333
2021-11-30,56950.56,57776.25,59176.99,55875.55,20671281156.841267,56975.0,19388577718.16696,4631.47900390625,1773.5999755859375,4.277999877929688,21335.5,8681771.0,,48091045.93754645,148468302961.0,148781761.08892423,,6991160.0,,,0.0001593666666666
2021-12-01,57184.07,56950.56,59053.55,56458.01,30826720737.48216,57209.29,15768296334.55757,4586.990234375,1781.5999755859375,4.247499942779541,21498.5,8650402.0,,49233151.29533251,149290506273.0,152112695.48981774,,5339163.0,,,0.0001727833333333
2021-12-02,56480.34,57184.07,57375.47,55777.77,23945751886.519463,56513.57,14156805566.29961,4511.30224609375,1760.699951171875,4.298999786376953,21498.5,8650402.0,,54935259.8073098,149714028309.0,172098305.0928763,,4799741.0,,,0.0001198366666666
2021-12-03,53601.05,56484.26,57600.0,51680.0,26093448817.03969,53612.0,20620928587.23005,4220.7060546875,1782.0,4.266499996185303,21498.5,8650402.0,,58355632.861650296,149982702843.0,186532356.8281628,,6919542.0,,,0.0001629466666666
2021-12-04,49152.47,53601.05,53859.1,42000.3,33014720506.655624,49135.66,28876836071.52302,4119.58740234375,1782.0,4.266499996185303,21498.5,8650402.0,,47195250.482231095,151325855851.0,172098305.0928763,,11598957.0,,,6.392666666666667e-05
2021-12-05,49396.33,49152.46,49699.05,47727.21,22544672605.02993,49376.6,14016018237.14839,4198.32275390625,1782.0,4.266499996185303,21498.5,8650402.0,,50938228.45532431,152601319756.0,184311733.36128417,,5975238.0,,,9.091e-05
2021-12-06,50441.92,49396.32,50891.11,47100.0,23331402747.95016,50424.72,17416560141.64795,4358.7373046875,1777.5,4.336999893188477,21498.5,8650402.0,,52430896.82641196,153320693652.0,190973602.1630712,,7414221.0,,,0.0001
2021-12-07,50588.95,50441.91,51936.33,50039.74,22743107179.27671,50577.2,11455372238.68916,4315.0615234375,1782.5999755859375,4.3379998207092285,21498.5,8650402.0,,49082442.26432728,154163421871.0,170987992.5600126,,4796601.0,,,7.992333333333333e-05
2021-12-08,50471.19,50588.95,51200.0,48600.0,18007380624.067142,50455.61,11927549317.95012,4439.35791015625,1783.4000244140625,4.390999794006348,21498.5,8664524.0,,52743113.51850056,154769596002.0,186532356.8281628,,4782519.0,,,0.0001
2021-12-09,47545.59,50471.19,50797.76,47320.0,20042095140.869576,47539.76,13331462595.9486,4119.81591796875,1774.5999755859375,4.329999923706055,21498.5,8664524.0,,50006873.57690737,153083903115.0,180980797.36154187,,5649325.0,,,0.0001
2021-12-10,47140.54,47535.9,50125.0,46852.0,21361172036.381653,47136.35,14624324088.15633,3908.49609375,1782.9000244140625,4.2829999923706055,21498.5,8664524.0,,47055319.31461302,155754939909.0,173208616.0268912,,6544883.0,,,0.0001
2021-12-11,49389.99,47140.54,49485.71,46751.0,13279469662.861572,49381.15,10208756470.20068,4084.452392578125,1782.9000244140625,4.2829999923706055,21498.5,8664524.0,,45711646.38541405,156121121045.0,176623989.86056373,,4896093.0,,,0.0001
2021-12-12,50053.9,49389.99,50777.0,48638.0,12362910114.048153,50057.01,9106252724.30474,4134.453125,1782.9000244140625,4.2829999923706055,21498.5,8664524.0,,43435416.04688916,156349668105.0,168385593.15527847,,4229061.0,,,0.0001
2021-12-13,46702.75,50053.9,50189.97,45672.75,20742539272.89013,46679.93,16649825351.91293,3784.226806640625,1786.300048828125,4.28000020980835,21498.5,8664524.0,,42270370.41166418,156467886893.0,169588348.35705444,,7451910.0,,,0.0001
2021-12-14,48343.28,46702.76,48700.41,46290.0,20625275460.10135,48324.04,12568719899.92738,3745.4404296875,1770.4000244140625,4.254000186920166,21498.5,8664524.0,,43704045.30359898,156566731622.0,178007627.84162176,,5948030.0,,,6.115000000000001e-05
2021-12-15,48864.98,48336.95,49500.0,46547.0,23535791736.20323,48870.48,16608174001.39206,4018.388671875,1762.5999755859375,4.179500102996826,21498.5,8756666.0,,42485909.55434155,157836980646.0,169588348.35705444,,7353729.0,,,0.0001
2021-12-16,47632.38,48864.98,49436.43,47511.0,16822039425.043386,47624.5,10475553466.87223,3962.4697265625,1796.5999755859375,4.30049991607666,21498.5,8756666.0,,34928704.12880045,158170265679.0,138316737.35840493,,4840746.0,,,0.0001
2021-12-17,46131.2,47632.38,47995.96,45456.0,22001661378.257896,46125.33,15254949355.93811,3879.486572265625,1803.800048828125,4.290999889373779,21498.5,8756666.0,,43613581.06650519,158095978708.0,179210381.31143162,,7072042.0,,,8.226e-05
2021-12-18,46834.48,46133.83,47392.37,45500.0,16710927370.12106,46815.99,8888783519.25989,3960.860107421875,1803.800048828125,4.290999889373779,21498.5,8756666.0,,37259414.71315511,158666249444.0,153952542.85772967,,4814722.0,,,8.913999999999999e-05
2021-12-19,46681.23,46834.47,48300.01,46406.91,16435869586.19862,46668.63,11424734107.71985,3922.592529296875,1803.800048828125,4.290999889373779,21498.5,8756666.0,,44018750.20310174,159046953677.0,179210381.31143162,,5145611.0,,,9.026666666666667e-05
2021-12-20,46914.16,46681.24,47537.57,45558.85,21054369124.160946,46898.14,12694248816.63036,3933.844482421875,1793.699951171875,4.288000106811523,21498.5,8756666.0,,41842418.15153904,159042740263.0,173196610.49845013,,5914816.0,,,0.0001
2021-12-21,48889.88,46914.17,49328.96,46630.0,18368460348.96982,48875.15,12591846630.47555,4020.260009765625,1787.9000244140625,4.3379998207092285,21498.5,8756666.0,,48705906.34082583,159776494551.0,193643433.34094653,,5605497.0,,,9.728e-05
2021-12-22,48588.16,48887.59,49576.13,48421.87,15501711485.909126,48569.69,10204294033.10858,3982.099609375,1801.5999755859373,4.389500141143799,21498.5,8790495.0,,45361485.27869878,160361372901.0,178007627.84162176,,4322427.0,,,0.0001
2021-12-23,50838.81,48588.17,51375.0,47920.42,17055971928.537868,50817.92,12639718706.13498,4108.015625,1811.199951171875,4.38700008392334,21498.5,8790495.0,,46797223.64769776,159083198090.0,182818645.1847934,,4906561.0,,,7.912666666666667e-05
2021-12-24,50820.0,50838.82,51810.0,50384.43,14866314174.242727,50808.55,11239397651.05684,4047.98291015625,1811.199951171875,4.38700008392334,21498.5,8790495.0,,48195528.84618374,159425704836.0,181615889.98301744,,4181844.0,,,0.0001
2021-12-25,50399.66,50819.99,51156.23,50142.32,11957040859.68006,50403.64,7493948259.92037,4093.281005859375,1811.199951171875,4.38700008392334,21498.5,8790495.0,,46722033.48223421,159854294095.0,177168715.84969085,,2894916.0,,,0.0001
2021-12-26,50775.49,50399.67,51280.0,49412.0,14283766657.438335,50765.73,9267956168.27748,4067.328125,1811.199951171875,4.38700008392334,21498.5,8790495.0,,42075476.51075475,160053158380.0,161682279.2989218,,3534181.0,,,0.0001
2021-12-27,50701.44,50775.48,52088.0,50449.0,16378249505.302034,50707.72,11061080417.43167,4037.547607421875,1808.0999755859373,4.465000152587891,21498.5,8790495.0,,47270599.06432493,161215153110.0,178574457.26635152,,4037604.0,,,0.0001
2021-12-28,47543.74,50701.44,50704.05,47313.01,20518753438.17194,47522.03,16407080716.16083,3800.89306640625,1810.199951171875,4.420000076293945,21498.5,8790495.0,,40941956.27718418,161354738703.0,161682279.2989218,,6061215.0,,,0.0001
2021-12-29,46464.66,47543.74,48139.08,46096.99,18379442494.85405,46436.54,13014511681.30992,3628.53173828125,1805.0999755859373,4.401999950408936,21498.5,8757460.0,,43047366.30593997,161377857191.0,174954703.60370144,,4853897.0,,,0.0001
2021-12-30,47120.87,46464.66,47900.0,45900.0,16532781841.366816,47095.02,10818483277.72078,3713.85205078125,1812.699951171875,4.384500026702881,21498.5,8757460.0,,35017672.84442858,160824266475.0,143583516.198115,,3761829.0,,,0.0001
2021-12-31,46216.93,47120.88,48548.26,45678.0,17785760028.950157,46210.56,13567843473.42067,3682.6328125,1827.5,4.454999923706055,21498.5,8757460.0,,43980813.9637806,162208566543.0,179781040.6622474,,4699890.0,,,5.632666666666666e-05
2022-01-01,47722.65,46216.93,47954.63,46208.37,13601659051.581,47704.35,8461832661.65729,3769.697021484375,1827.5,4.454999923706055,21650.1,8757460.0,,50724245.52901717,162042380455.0,207532476.14266497,,3008968.0,,,0.0001
2022-01-02,47286.18,47722.66,47990.0,46654.0,12517523276.690796,47280.0,8730148323.6079,3829.56494140625,1827.5,4.454999923706055,21650.1,8757460.0,,46671556.78376396,166121430731.0,190640298.17523527,,3006372.0,,,0.0001
2022-01-03,46446.1,47286.18,47570.0,45696.0,15412203393.296804,46445.81,11434725784.02273,3761.38037109375,1799.4000244140625,4.414500236511231,21650.1,8757460.0,,40900449.78889528,165973464519.0,168921783.14925957,,3968423.0,,,0.0001
2022-01-04,45832.01,46446.1,47557.54,45500.0,17747809269.548607,45833.42,13573606756.16807,3794.056640625,1814.0,4.466000080108643,21650.1,8757460.0,,42671712.18900838,166142842329.0,177367872.13297442,,4610556.0,,,0.0001
2022-01-05,43451.13,45832.01,47070.0,42500.0,19334842504.76184,43421.69,21959888820.89765,3550.386962890625,1824.5999755859373,4.4045000076293945,21650.1,8765721.0,,42672609.69175001,166441986936.0,180987625.7956245,,7308065.0,,,0.0001
2022-01-06,43082.31,43451.14,43816.0,42430.58,15700647522.121058,43080.01,12890924257.87606,3418.408203125,1788.699951171875,4.3480000495910645,21650.1,8765721.0,,39324833.83428961,166875026490.0,176161288.73707852,,4868392.0,,,0.0001
2022-01-07,41566.48,43082.3,43145.83,40610.0,21353098792.55005,41553.86,19783906992.59905,3193.21044921875,1797.0,4.402999877929688,21650.1,8765721.0,,36644160.08881906,166938040121.0,168921783.14925957,,7517217.0,,,0.0001
2022-01-08,41679.74,41566.48,42300.0,40501.0,13840309456.50626,41688.05,11779922567.4038,3091.97265625,1797.0,4.402999877929688,21650.1,8765721.0,,37518090.50797128,166596197215.0,174267690.69443852,,4794501.0,,,0.0001
2022-01-09,41864.62,41679.74,42786.7,41200.02,10106685420.455477,41851.22,9347759287.48888,3157.75146484375,1797.0,4.402999877929688,21650.1,8765721.0,,36958214.38307889,166664363385.0,170826077.22420472,,3799373.0,,,0.0001
2022-01-10,41822.49,41864.62,42248.5,39650.0,16133585142.865637,41801.55,18676770270.33546,3083.097900390625,1798.4000244140625,4.3445000648498535,21650.1,8765721.0,,36729453.16869054,166286090180.0,172037608.9072826,,7130982.0,,,8.174e-05
2022-01-11,42729.29,41822.49,43100.0,41268.93,13407092352.940817,42700.68,13657150777.60344,3238.111572265625,1818.5999755859373,4.420499801635742,21650.1,8765721.0,,41720235.94920208,167326579269.0,191422128.04877573,,5269553.0,,,9.131333333333336e-05
2022-01-12,43902.66,42729.29,44322.0,42450.0,13121821926.040226,43880.72,12189347664.02133,3372.25830078125,1827.199951171875,4.564000129699707,21650.1,8788278.0,,37561893.24153884,167696371905.0,168403012.11344224,,4333699.0,,,-1.6300000000000007e-06
2022-01-13,42560.11,43902.65,44500.0,42311.22,15789312909.912552,42534.32,12536916955.57177,3248.28857421875,1821.199951171875,4.533999919891357,21650.1,8788278.0,,48486782.17383508,168465844922.0,216864310.8394785,,4383891.0,,,-1.1956666666666669e-05
2022-01-14,43059.96,42558.35,43448.78,41725.95,11959482127.576942,43042.4,11620761638.67808,3310.00146484375,1816.5,4.411499977111816,21650.1,8788278.0,,42536938.09572399,168842849128.0,192633661.4764604,,4386016.0,,,-5.077666666666666e-05
2022-01-15,43084.29,43059.96,43800.0,42555.0,8581233757.228701,43070.51,7962625061.63067,3330.53076171875,1816.5,4.411499977111816,21650.1,8788278.0,,44810842.14686367,169076388683.0,201114388.49182567,,3299074.0,,,4.9810000000000006e-05
2022-01-16,43071.66,43084.29,43475.0,42581.79,8440280615.602133,43060.66,7638792723.4354,3350.921875,1816.5,4.411499977111816,21650.1,8788278.0,,47171778.15437737,169307248399.0,212018180.61795348,,3054238.0,,,3.453333333333333e-05
2022-01-17,42201.62,43071.66,43176.18,41540.42,10981047183.8606,42176.34,9870740739.62078,3212.304931640625,1816.5,4.411499977111816,21650.1,8788278.0,,42765867.85229623,169660540721.0,195056726.58722284,,4049650.0,,,6.132666666666667e-05
2022-01-18,42352.12,42201.63,42691.0,41250.0,11900399418.616756,42337.58,11189671439.34784,3164.025146484375,1812.300048828125,4.375999927520752,21650.1,8788278.0,,35636570.345158584,169895901761.0,164768413.57499513,,4188766.0,,,9.999333333333336e-05
2022-01-19,41660.01,42352.12,42559.13,41138.56,12639700580.165203,41657.89,13989826398.11288,3095.825927734375,1843.0999755859373,4.462500095367432,21650.1,8867834.0,,45261869.61708697,169799197216.0,209595115.507191,,4981864.0,,,8.324333333333332e-05
2022-01-20,40680.91,41660.0,43505.0,40553.31,13560697786.978071,40661.69,16867468374.30662,3001.1201171875,1842.5,4.576499938964844,21650.1,8867834.0,,44631179.05911443,170574171166.0,204748985.28566605,,5663232.0,,,0.0001
2022-01-21,36445.31,40680.92,41100.0,35440.45,23398697358.3015,36425.98,30302616543.91132,2557.931640625,1831.800048828125,4.512499809265137,21650.1,8867834.0,,32162108.290883057,171093625928.0,176007153.4708342,,11569960.0,,,7.583e-05
2022-01-22,35071.42,36445.31,36835.22,34008.0,21482654659.088364,35043.73,23906967843.02501,2405.18115234375,1831.800048828125,4.512499809265137,21650.1,8867834.0,,29634485.902129225,170229522234.0,177474950.51551133,,10183013.0,,,4.357e-05
2022-01-23,36244.55,35071.42,36499.0,34601.01,14757253259.86385,36230.01,13097400243.75661,2535.0390625,1831.800048828125,4.512499809265137,21650.1,8867834.0,,31242628.887772683,171857146410.0,186746029.7638628,,5623886.0,,,2.390333333333333e-05
2022-01-24,36660.35,36244.55,37550.0,32917.17,21704892175.27278,36648.31,28523818659.37716,2440.352294921875,1841.699951171875,4.402999877929688,21650.1,8867834.0,,32828064.749107134,171484012969.0,198665989.0699137,,11986579.0,,,4.698e-05
2022-01-25,36958.32,36660.35,37545.14,35701.0,19453052163.15736,36934.26,14967474932.81879,2455.93505859375,1852.699951171875,4.442999839782715,21650.1,8867834.0,,34769663.10502323,172405630028.0,201314869.1276132,,6940325.0,,,2.706e-05
2022-01-26,36809.34,36958.32,38919.98,36234.63,15978491928.069828,36787.43,20858872853.19313,2468.0302734375,1829.9000244140625,4.504499912261963,21650.1,8860485.0,,30521372.70217433,172542347215.0,172177190.40011233,,8978826.0,,,-1.7863333333333332e-05
2022-01-27,37160.1,36807.24,37234.47,35507.01,13047717504.331434,37131.0,15328505621.72229,2423.001220703125,1793.300048828125,4.413000106811523,21650.1,8860485.0,,29764277.22058061,173764652658.0,173501629.47536534,,6965539.0,,,-7.536333333333334e-05
2022-01-28,37716.56,37160.11,38000.0,36155.01,11457974285.310867,37696.21,13594591900.12492,2547.092041015625,1784.9000244140625,4.302999973297119,21650.1,8860485.0,,35652724.888271816,173463951968.0,203963747.2781192,,6052068.0,,,3.184e-05
2022-01-29,38166.84,37716.57,38720.74,37268.44,8527829235.561596,38150.01,9034176250.23326,2597.084716796875,1784.9000244140625,4.302999973297119,21650.1,8860485.0,,35281228.27198761,172662431921.0,197341548.08746725,,4071450.0,,,3.723333333333333e-06
2022-01-30,37881.76,38166.83,38359.26,37351.63,7342914098.517027,37870.01,7393111440.65068,2603.466552734375,1784.9000244140625,4.302999973297119,21650.1,8860485.0,,34658246.49587691,173160906993.0,193368228.9545148,,3344677.0,,,8.392000000000001e-05
2022-01-31,38466.9,37881.75,38744.0,36632.61,10807051432.186264,38439.04,11976940218.20276,2688.27880859375,1795.0,4.317999839782715,21650.1,8860485.0,,33613145.53856798,173027480319.0,189394909.8215623,,5060824.0,,,-1.363333333333333e-05
2022-02-01,38694.59,38466.9,39265.2,38000.0,10719806419.998796,38680.51,13632595784.2999,2792.1171875,1800.300048828125,4.428999900817871,21725.2,8860485.0,,37142253.16345446,173448615490.0,203963747.2781192,,5592300.0,,,-1.3809999999999998e-05
2022-02-02,36896.36,38694.59,38855.92,36586.95,10399748882.91793,36892.03,12748099870.64242,2682.85400390625,1809.199951171875,4.491000175476074,21725.2,8873211.0,,36257765.27288114,174041146035.0,202639308.20286623,,4997704.0,,,3.216e-05
2022-02-03,37311.61,36896.37,37387.0,36250.0,10033508416.653473,37289.86,11697089175.17526,2679.16259765625,1803.0,4.46649980545044,21725.2,8873211.0,,33801955.938617855,174582338171.0,194692668.0297677,,4682071.0,,,-2.693666666666667e-05
2022-02-04,41574.25,37311.98,41772.33,37026.73,14526747102.52636,41550.0,20278655698.32346,2983.5869140625,1806.5999755859373,4.483500003814697,21725.2,8873211.0,,31459633.38733004,175471825786.0,172457231.3989618,,7462129.0,,,9.636666666666669e-06
2022-02-05,41382.59,41571.7,41913.69,40843.01,10177037214.140032,41374.69,10047968021.9499,3014.648193359375,1806.5999755859373,4.483500003814697,21725.2,8873211.0,,30887543.62377597,176069563604.0,157888392.03489855,,4010306.0,,,9.152333333333336e-05
2022-02-06,42380.87,41382.6,42656.0,41116.56,7597225865.845821,42361.35,8973046762.87637,3057.47607421875,1806.5999755859373,4.483500003814697,21725.2,8873211.0,,40635966.9347001,176218345846.0,206979739.9037057,,3340225.0,,,0.0001
2022-02-07,43839.99,42380.87,44500.5,41645.85,14817445874.01176,43829.99,18066735189.2121,3142.470703125,1820.5999755859373,4.46150016784668,21725.2,8873211.0,,36697042.25684227,176465867639.0,180443875.51955137,,6353382.0,,,-9.586666666666667e-06
2022-02-08,44042.99,43839.99,45492.0,42666.0,17545979314.520134,44021.57,20510408716.12763,3122.608642578125,1826.5999755859373,4.459499835968018,21725.2,8873211.0,,42272864.9855049,176852428745.0,204326153.2742321,,7551615.0,,,0.0001
2022-02-09,44372.72,44043.0,44799.0,43117.92,12263799436.840006,44358.08,13182555302.94626,3239.45703125,1835.199951171875,4.600500106811523,21725.2,8878009.0,,38446590.7425019,177463094477.0,185751048.77849868,,5346715.0,,,6.387333333333332e-05
2022-02-10,43495.44,44372.71,45821.0,43174.01,16838736012.079746,43471.29,25056911387.52332,3077.482177734375,1836.199951171875,4.65749979019165,21725.2,8878009.0,,40837067.916192114,178043786808.0,195038601.0263654,,8745898.0,,,6.067000000000001e-05
2022-02-11,42373.73,43495.44,43920.0,41938.51,14822212773.777847,42366.0,17859967569.9422,2927.383544921875,1840.800048828125,4.505000114440918,21725.2,8878009.0,,38243045.704521485,178915958722.0,188404635.4079724,,7480738.0,,,-2.9953333333333337e-05
2022-02-12,42217.87,42373.73,43079.49,41688.88,9399027152.513762,42199.87,10831014104.34159,2917.36279296875,1840.800048828125,4.505000114440918,21725.2,8878009.0,,49460995.58191222,179584409670.0,248110329.79467425,,4640201.0,,,0.0001
2022-02-13,42053.66,42217.87,42760.0,41870.0,7167640983.5120735,42041.13,8127109308.94153,2883.46337890625,1840.800048828125,4.505000114440918,21725.2,8878009.0,,41829597.39554726,179516754267.0,209633326.53317943,,3400828.0,,,7.599333333333332e-05
2022-02-14,42535.94,42053.65,42842.4,41550.56,10711149828.8147,42525.14,12843945742.38583,2933.47900390625,1868.0,4.507500171661377,21725.2,8878009.0,,40406789.18246508,179840867283.0,202999360.9147864,,4930253.0,,,6.343e-05
2022-02-15,44544.86,42535.94,44751.4,42427.03,11770405048.886528,44529.6,12150999143.33453,3179.877197265625,1854.800048828125,4.531499862670898,21725.2,8878009.0,,48028660.12335871,179717221918.0,232188811.9284145,,4550622.0,,,2.567333333333333e-05
2022-02-16,43873.56,44544.85,44549.97,43307.0,9906528206.039877,43860.7,11231548897.34829,3127.830078125,1870.199951171875,4.540500164031982,21725.2,8911033.0,,42921498.122000426,180450919542.0,206979739.9037057,,4092820.0,,,0.0001
2022-02-17,40515.7,43873.56,44164.71,40073.21,13752849468.291668,40491.7,18306714686.34452,2881.48193359375,1900.699951171875,4.525000095367432,21725.2,8911033.0,,41627643.107020006,180356647956.0,213573837.40352312,,6608016.0,,,0.0001
2022-02-18,39974.44,40515.71,40959.88,39450.0,11751827038.586512,39966.8,15188089909.73473,2785.7275390625,1898.5999755859373,4.519499778747559,21725.2,8911033.0,,33826136.587117255,180622828383.0,186294129.7732412,,5712379.0,,,-1.4323333333333334e-05
2022-02-19,40079.17,39974.45,40444.32,39639.03,6457823968.816407,40052.6,7424908673.12969,2763.701171875,1898.5999755859373,4.519499778747559,21725.2,8911033.0,,37341900.45369909,180941560579.0,207147948.8360009,,2966112.0,,,6.223666666666667e-05
2022-02-20,38386.89,40079.17,40125.44,38000.0,9129235380.944206,38368.1,12741245042.82211,2628.6484375,1898.5999755859373,4.519499778747559,21725.2,8911033.0,,34869009.051257215,181595737249.0,200196675.81508097,,4650224.0,,,6.956666666666665e-06
2022-02-21,37008.16,38386.89,39494.35,36800.0,14927153598.401417,36986.4,24685541251.61848,2573.816162109375,1898.5999755859373,4.519499778747559,21725.2,8911033.0,,29452861.09608047,181486762447.0,171001327.92603725,,8630995.0,,,-4.903333333333335e-06
2022-02-22,38230.33,37008.16,38429.0,36350.0,13049994626.68885,38212.0,17408326520.91108,2639.29931640625,1906.0999755859373,4.510000228881836,21725.2,8911033.0,,35592036.79253249,181699276634.0,211318714.25012624,,7085059.0,,,-1.9883333333333333e-05
2022-02-23,37250.01,38230.33,39249.93,37036.79,11121430492.938747,37227.8,15594144071.8888,2590.359619140625,1909.199951171875,4.481500148773193,21725.2,8928129.0,,35801963.928894445,182191457368.0,208538204.64136493,,5740632.0,,,-6.186000000000001e-05
2022-02-24,38327.21,37250.02,39843.0,34322.28,22796271976.86761,38315.1,33179251056.85041,2598.067138671875,1925.0999755859373,4.453999996185303,21725.2,8928129.0,,29782189.49297108,182386289373.0,183513620.1644798,,13232956.0,,,-6.26e-05
2022-02-25,39219.17,38328.68,39683.53,38014.37,13160523971.44329,39205.4,16181393771.15972,2764.53564453125,1886.5,4.4720001220703125,21725.2,8928129.0,,32557763.71314409,182906694291.0,186294129.7732412,,6831643.0,,,5.739333333333333e-05
2022-02-26,39116.72,39219.16,40348.45,38573.18,8221375893.107066,39099.3,9879223598.44196,2781.11181640625,1886.5,4.4720001220703125,21725.2,8928129.0,,30681688.22019747,182271390633.0,173781837.53479856,,4200236.0,,,8.982e-05
2022-02-27,37699.07,39116.73,39855.7,37000.0,11515196051.831585,37672.0,16317550913.22295,2621.8017578125,1886.5,4.4720001220703125,21725.2,8928129.0,,32784123.63185599,182870040081.0,189074637.38003567,,6491763.0,,,2.2496666666666664e-05
2022-02-28,43160.0,37699.08,44225.84,37450.17,16921690143.022322,43155.0,24659800737.31436,2919.201171875,1899.4000244140625,4.444499969482422,21725.2,8928129.0,,38216884.68978086,183571870429.0,214099221.8569208,,9262676.0,,,-0.0001184633333333
2022-03-01,44421.2,43160.0,44949.0,42809.98,16394805313.412115,44394.1,19622069856.81384,2972.485107421875,1942.4000244140625,4.58650016784668,21787.2,8928129.0,,44298049.36843437,183331961230.0,225221260.29196608,,7311341.0,,,8.123e-05
2022-03-02,43892.98,44421.2,45400.0,43334.09,14691091736.75554,43885.7,17988671380.99431,2950.118408203125,1920.9000244140625,4.6554999351501465,21787.2,8904455.0,,37464014.84621776,183466381130.0,189074637.38003567,,6802731.0,,,6.497666666666666e-05
2022-03-03,42454.0,43892.99,44101.12,41832.28,12772730422.339071,42449.5,15701873990.90735,2834.468994140625,1934.4000244140625,4.771500110626221,21787.2,8904455.0,,39844849.61897596,183677691592.0,204804563.21490383,,5989322.0,,,0.0001
2022-03-04,39148.66,42454.0,42527.3,38550.0,15591876782.505877,39127.7,19124060705.42543,2617.156005859375,1965.0999755859373,4.928999900817871,21787.2,8904455.0,,35470199.64367081,183460074467.0,190365287.083752,,7672822.0,,,0.0001
2022-03-05,39397.96,39148.65,39613.24,38407.59,7847005009.704929,39375.1,7774650477.29027,2664.8310546875,1965.0999755859373,4.928999900817871,21787.2,8904455.0,,30085509.53375758,183264208668.0,168452736.32210043,,3381131.0,,,7.218666666666667e-05
2022-03-06,38420.81,39397.97,39693.87,38088.57,8307073760.178781,38401.1,12109833925.17119,2555.037353515625,1965.0999755859373,4.928999900817871,21787.2,8904455.0,,31894484.201181885,183426781575.0,179409010.7168614,,5025709.0,,,1.704e-05
2022-03-07,37988.0,38420.8,39547.57,37155.0,13114656303.324287,37963.8,18764725860.73588,2497.771240234375,1993.9000244140625,4.7220001220703125,21787.2,8904455.0,,35394602.21273867,183763463699.0,202691097.0104392,,7661456.0,,,-3.947333333333333e-05
2022-03-08,38730.63,37988.01,39362.08,37867.65,13291253685.703909,38709.9,16295438564.50412,2576.74755859375,2040.0999755859373,4.700500011444092,21787.2,8904455.0,,35776102.01410277,183046846884.0,202691097.0104392,,6940173.0,,,7.792666666666667e-05
2022-03-09,41941.71,38730.63,42594.06,38656.45,17037096676.929752,41937.5,19171096064.11704,2729.783447265625,1985.9000244140625,4.564000129699707,21787.2,8910748.0,,35676952.5641234,183479110229.0,188995751.55182588,,7360607.0,,,8.925333333333334e-05
2022-03-10,39422.0,41941.7,42039.63,38539.73,16061516994.606571,39407.2,20592964929.86937,2608.048583984375,1998.0999755859373,4.643499851226807,21787.2,8910748.0,,35933029.916195095,183838914909.0,198582492.3867904,,8069994.0,,,3.120333333333333e-05
2022-03-11,38729.57,39422.01,40236.26,38223.6,14026055954.73691,38713.0,18251508270.53395,2559.56298828125,1982.699951171875,4.616000175476074,21787.2,8910748.0,,33692261.218796015,184184121528.0,188995751.55182588,,7256392.0,,,-4.424e-05
2022-03-12,38807.36,38729.57,39486.71,38660.52,6933123211.893695,38792.6,6738409306.12123,2574.754150390625,1982.699951171875,4.616000175476074,21787.2,8910748.0,,38136253.17142486,184335544151.0,213647371.4052001,,2917385.0,,,-2.3466666666666657e-06
2022-03-13,37777.34,38807.35,39310.0,37578.51,8260516834.578091,37743.7,9151745126.66911,2518.944580078125,1982.699951171875,4.616000175476074,21787.2,8910748.0,,36645598.48654372,184470598169.0,206799699.66195828,,3709098.0,,,-3.661e-05
2022-03-14,39671.37,37777.35,39947.12,37555.0,11755795191.04017,39653.8,13971397117.54385,2590.696044921875,1959.5999755859373,4.512499809265137,21787.2,8910748.0,,37084561.40564799,184573136596.0,209538768.7536809,,5456919.0,,,-4e-05
2022-03-15,39280.33,39671.37,39887.61,38098.33,11705074941.504936,39271.0,13464944694.45397,2620.149658203125,1928.5,4.501500129699707,21787.2,8910748.0,,33829814.683184884,184500928325.0,190365287.083752,,5251335.0,,,6.421e-05
2022-03-16,41114.0,39280.33,41718.0,38828.48,17880301761.110996,41105.8,26187353348.45998,2772.0556640625,1908.0,4.5879998207092285,21787.2,8954306.0,,39046936.50402837,184451634513.0,212277837.8454036,,10150925.0,,,8.623666666666666e-05
2022-03-17,40917.9,41114.01,41478.82,40500.0,10505008904.986277,40898.1,9978203719.84016,2814.8544921875,1942.0999755859373,4.690499782562256,21787.2,8954306.0,,40661258.18067814,184563535069.0,217498770.4919501,,3912292.0,,,0.0001
2022-03-18,41757.51,40917.89,42325.02,40135.04,13739794069.2137,41751.5,12263436409.42434,2945.343017578125,1928.199951171875,4.730500221252441,21787.2,8954306.0,,36645224.378909655,185221518328.0,195149455.61002576,,4515768.0,,,7.220666666666666e-05
2022-03-19,42201.13,41757.51,42400.0,41499.29,39827881557.69165,42188.2,7807076596.94564,2946.257080078125,1928.199951171875,4.730500221252441,21787.2,8954306.0,,40616643.51557722,185885957766.0,211525632.9748357,,2792156.0,,,0.0001
2022-03-20,41262.11,42201.13,42296.26,40911.0,10239488880.237335,41261.0,9789547363.38173,2860.459228515625,1928.199951171875,4.730500221252441,21787.2,8954306.0,,40015272.79928143,186191010979.0,210160950.3814357,,3302292.0,,,0.0001
2022-03-21,41002.25,41262.11,41544.22,40467.94,14271027334.24743,40982.0,12653661229.586,2897.9765625,1928.5999755859373,4.701499938964844,21787.2,8954306.0,,39277662.42633944,186544669673.0,208796269.7531772,,4316183.0,,,2.9843333333333336e-05
2022-03-22,42364.13,41002.26,43361.0,40875.51,17980921905.953358,42349.8,15892694388.65686,2973.131103515625,1920.699951171875,4.689000129699707,21787.2,8954306.0,,39474982.00566864,186498129997.0,203337543.30986008,,5680806.0,,,0.0001
2022-03-23,42882.76,42364.13,43025.96,41751.47,14904283309.825771,42867.9,11938814869.12358,3031.067138671875,1936.5999755859373,4.762499809265137,21787.2,8962474.0,,38301093.59548748,186232384963.0,197878816.86654297,,4413219.0,,,9.004666666666667e-05
2022-03-24,43991.46,42882.76,44220.89,42560.46,17149017312.657503,43973.4,14365660202.82174,3108.06201171875,1961.5999755859373,4.729000091552734,21787.2,8962474.0,,38757748.8031382,185806648514.0,195149455.61002576,,5186511.0,,,5.19e-06
2022-03-25,44313.16,43991.46,45094.14,43579.0,17781425756.35463,44290.6,15463641455.42722,3106.67138671875,1953.800048828125,4.685999870300293,21787.2,8962474.0,,43195531.48871608,185983613187.0,212890313.60309428,,5191839.0,,,5.143000000000001e-05
2022-03-26,44511.27,44313.16,44792.99,44071.97,10753032735.155891,44489.2,6243407332.87603,3143.178955078125,1953.800048828125,4.685999870300293,21787.2,8962474.0,,44695417.8505276,185592945390.0,219713722.6398113,,2500945.0,,,4.209333333333333e-05
2022-03-27,46827.76,44511.27,46999.0,44421.46,14993106268.38823,46820.8,12238392163.90325,3291.57763671875,1953.800048828125,4.685999870300293,21787.2,8962474.0,,37018354.52068716,185830558391.0,178773276.2800745,,4151635.0,,,1.0176666666666669e-05
2022-03-28,47122.21,46827.76,48189.84,46663.56,19589212178.459496,47121.9,15043239939.14575,3336.634521484375,1939.5999755859373,4.714000225067139,21787.2,8962474.0,,47011729.96733575,185748215962.0,216984359.4181528,,5304201.0,,,0.0001
2022-03-29,47434.8,47122.21,48096.47,46950.85,16719800671.19004,47418.5,12315667516.20554,3401.98779296875,1912.0,4.71649980545044,21787.2,8962474.0,,44857332.77267345,185822065894.0,206066906.5315186,,4129617.0,,,9.864666666666669e-05
2022-03-30,47067.99,47434.79,47700.22,46445.42,15572736553.411392,47053.2,11089386781.04892,3385.157958984375,1933.5,4.739500045776367,21787.2,8937142.0,,39854791.97953935,186304481318.0,184232002.7233916,,4020791.0,,,0.0001
2022-03-31,45510.34,47067.99,47600.0,45200.0,17919043926.090427,45506.0,13933431988.82722,3281.642822265625,1949.199951171875,4.743000030517578,21787.2,8937142.0,,40111113.412428215,186774633600.0,194529355.7761953,,4549208.0,,,0.0001
2022-04-01,46283.49,45510.35,46720.09,44200.0,19026950270.92561,46266.2,16398107293.59809,3449.55224609375,1919.0999755859373,4.682499885559082,21769.4,8937142.0,,40155094.37456495,186214371665.0,200371606.9667937,,5361075.0,,,8.939666666666668e-05
2022-04-02,45811.0,46283.49,47213.0,45620.0,15322160717.30486,45794.6,10506397608.90616,3445.059326171875,1919.0999755859373,4.682499885559082,21769.4,8937142.0,,39179067.05613021,187075122751.0,191845154.9534147,,3568976.0,,,0.0001
2022-04-03,46407.35,45810.99,47444.11,45530.92,13404071043.733814,46392.4,9869048181.66671,3522.83349609375,1919.0999755859373,4.682499885559082,21769.4,8937142.0,,40319400.81232243,187003036992.0,197529456.2956673,,3425744.0,,,0.0001
2022-04-04,46580.51,46407.36,46890.71,45118.0,17369836573.01812,46580.9,12550005434.18833,3521.2412109375,1929.199951171875,4.776500225067139,21769.4,8937142.0,,45491783.920809686,186977887583.0,224529884.601845,,4248753.0,,,0.0001
2022-04-05,45497.55,46580.5,47200.0,45353.81,16492794648.805073,45477.4,11905271460.90981,3411.79248046875,1922.9000244140625,4.790999889373779,21769.4,8937142.0,,41973683.54155744,186961346908.0,206055906.26269805,,4005869.0,,,0.0001
2022-04-06,43170.47,45497.54,45507.14,43121.0,20407159808.480896,43159.7,17045609346.28906,3171.69189453125,1918.4000244140625,4.733500003814697,21769.4,8937592.0,,41606470.47334429,187038476903.0,213161283.963688,,6044321.0,,,9.966e-05
2022-04-07,43444.19,43170.47,43900.99,42727.35,15000444005.844692,43417.1,9962663417.59556,3233.274658203125,1933.800048828125,4.695000171661377,21769.4,8937592.0,,37453617.564113386,186094913628.0,196108379.93693003,,3907121.0,,,7.473666666666668e-05
2022-04-08,42252.01,43444.2,43970.62,42107.14,15381914312.462978,42229.2,13392061160.35177,3192.073974609375,1941.5999755859373,4.71999979019165,21769.4,8937592.0,,36191107.18738263,186333152400.0,190424080.6410257,,5041798.0,,,8.102000000000001e-05
2022-04-09,42753.97,42252.02,42800.0,42125.48,9437124488.500595,42727.7,5079062857.24372,3261.916259765625,1941.5999755859373,4.71999979019165,21769.4,8937592.0,,40620064.56430615,186414946864.0,217424508.9472033,,2199822.0,,,9.759666666666667e-05
2022-04-10,42158.85,42753.96,43410.3,41868.0,9714094715.288486,42140.4,7757900433.72425,3211.866943359375,1941.5999755859373,4.71999979019165,21769.4,8937592.0,,37369543.11039928,186678372412.0,198950530.6080564,,3001963.0,,,6.317333333333333e-05
2022-04-11,39530.45,42158.85,42414.71,39200.0,18105049403.520184,39505.6,17947558294.57257,2981.05224609375,1944.300048828125,4.628499984741211,21769.4,8937592.0,,35013040.779190384,186905993146.0,194687305.62454104,,6872913.0,,,6.747666666666667e-05
2022-04-12,40074.94,39530.45,40699.0,39254.63,16960945283.78662,40060.7,13983036683.03152,3030.37646484375,1972.0999755859373,4.703999996185303,21769.4,8937592.0,,38213529.00170953,186114030506.0,217424508.9472033,,5382467.0,,,-7.936e-05
2022-04-13,41147.79,40074.95,41561.31,39588.54,14444359453.37931,41129.8,13171291934.155,3118.34423828125,1981.0,4.706999778747559,21769.4,8965487.0,,35452671.188044,186235714684.0,198950530.6080564,,5165097.0,,,-8.08e-06
2022-04-14,39942.38,41147.78,41500.0,39551.94,12667315951.533129,39915.9,10618983519.56311,3019.909423828125,1970.9000244140625,4.7170000076293945,21769.4,8965487.0,,35034271.59971135,185681711883.0,194402491.2641441,,4167746.0,,,4.324666666666666e-05
2022-04-15,40551.9,39942.37,40870.36,39766.4,13294726087.578957,40529.5,7834169294.24891,3040.91650390625,1970.9000244140625,4.7170000076293945,21769.4,8965487.0,,39762050.29034601,185804285810.0,221692722.38403672,,3110039.0,,,-4.113666666666667e-05
2022-04-16,40378.71,40551.9,40709.35,39991.55,8958190496.907887,40361.0,5151896754.87278,3062.310302734375,1970.9000244140625,4.7170000076293945,21769.4,8965487.0,,33825979.594815925,185810236565.0,188017879.75639227,,2096246.0,,,4.532333333333334e-05
2022-04-17,39678.12,40378.7,40595.67,39546.17,10576047513.536495,39649.1,6844928574.60225,2993.4033203125,1970.9000244140625,4.7170000076293945,21769.4,8965487.0,,41509654.98312981,185883128634.0,231514551.65214053,,2649745.0,,,6.852666666666667e-05
2022-04-18,40801.13,39678.11,41116.73,38536.51,16523262600.406696,40785.6,14385834912.73849,3057.606689453125,1982.9000244140625,4.796000003814697,21769.4,8965487.0,,33298298.07017709,185932311368.0,188017879.75639227,,5554435.0,,,-8.621333333333333e-05
2022-04-19,41493.18,40801.13,41760.0,40571.0,15228798874.8736,41472.9,8812710770.66012,3104.1064453125,1955.699951171875,4.714000225067139,21769.4,8965487.0,0.4073,31833618.75503121,185738630892.0,173986693.6444649,,3614136.0,0.0012384259,0.997,3.741e-05
2022-04-20,41358.19,41493.19,42199.0,40820.0,17073244951.451689,41327.7,10680662830.57433,3077.745849609375,1952.300048828125,4.649499893188477,21769.4,8955851.0,0.4058,41467021.50202156,186015416873.0,224498959.60642216,,4360799.0,0.0012422116,1.028,7.569e-05
2022-04-21,40480.01,41358.19,42976.0,39751.0,21986111996.508926,40449.8,16394716249.55895,2987.480712890625,1944.9000244140625,4.703499794006348,21769.4,8955851.0,0.3911,43908228.61171394,186155967703.0,237127026.0969115,,6779173.0,0.0012180208,0.808,9.699999999999992e-07
2022-04-22,39709.18,40480.01,40795.06,39177.0,20949510077.541523,39674.2,12603399105.64393,2964.835693359375,1931.0,4.582499980926514,21769.4,8955851.0,0.3806,33824278.2606303,186442123174.0,189420997.35733968,,5529395.0,0.0011832364,0.971,-4.791e-05
2022-04-23,39441.6,39709.19,39980.0,39285.0,13080411402.546108,39415.1,4956239492.1091,2938.114013671875,1931.0,4.582499980926514,21769.4,8955851.0,0.3782,40409190.47335469,186828490084.0,228708314.42975503,,2413338.0,0.0011877568,1.018,-9.489333333333334e-05
2022-04-24,39450.13,39441.61,39940.0,38929.62,13741131695.808636,39433.4,7132438711.67396,2922.732666015625,1931.0,4.582499980926514,21769.4,8955851.0,0.3771,42339094.85013354,186929721150.0,239933263.31929696,,3022076.0,0.0011801684,0.988,-0.00012401
2022-04-25,40426.08,39450.12,40616.0,38200.0,21466075502.723816,40411.0,17582505297.76194,3009.3935546875,1893.199951171875,4.448999881744385,21769.4,8955851.0,0.3919,39783234.23846881,187030633152.0,227305196.82880765,,7115220.0,0.0011976628,0.803,-3.176333333333333e-05
2022-04-26,38112.65,40426.08,40797.31,37702.26,20941728583.15797,38093.7,17745663524.02774,2808.29833984375,1901.4000244140625,4.440000057220459,21769.4,8955851.0,0.3547,34234713.526832744,187006244964.0,196436589.40305808,,6988588.0,0.0011398991,1.005,0.0001
2022-04-27,39235.72,38112.64,39474.72,37881.31,19519430102.70985,39209.0,14987444127.37106,2888.9296875,1885.9000244140625,4.454500198364258,21769.4,8939199.0,0.3735,41306772.475629605,186561201210.0,243520196.0268336,,6012934.0,0.0011641021,0.792,-7.235333333333334e-05
2022-04-28,39742.07,39235.72,40372.63,38881.43,17702278320.33059,39732.5,16383567774.30766,2936.94091796875,1888.699951171875,4.41349983215332,21769.4,8939199.0,0.3818,32701827.423682146,186582290554.0,195503621.29393408,,6364759.0,0.0011817218,0.874,-4.199999999999998e-06
2022-04-29,38596.11,39742.06,39925.25,38175.0,19233116217.096947,38572.2,12006054616.68173,2815.601806640625,1909.300048828125,4.394999980926514,21769.4,8939199.0,0.3641,36567553.67882797,186493850331.0,222163205.91889024,,4948470.0,0.0011423561,0.855,7.542666666666667e-05
2022-04-30,37630.8,38596.11,38795.38,37578.2,16239462897.389074,37614.5,6968090176.2822,2730.186767578125,1909.300048828125,4.394999980926514,21769.4,8939199.0,0.3495,36038319.24943938,186804080008.0,222163205.91889024,,3091642.0,0.0011342733,0.971,3.6366666666666673e-06
2022-05-01,38468.35,37630.8,38675.0,37386.38,14782343250.664557,38440.5,9004710658.66057,2827.756103515625,1909.300048828125,4.394999980926514,21719.9,8939199.0,0.362,39781561.45550588,186853913910.0,247341701.3242561,,4014985.0,0.0011308076,0.935,4.166e-05
2022-05-02,38525.16,38468.35,39167.34,38052.0,19315323932.063274,38525.6,13024319963.6059,2857.410400390625,1861.800048828125,4.255499839782715,21719.9,8939199.0,0.3647,38647876.12824556,186821190132.0,236974085.31819177,,5455416.0,0.0011419378,0.858,9.666666666666668e-05
2022-05-03,37728.95,38525.16,38651.51,37517.8,16153563340.388573,37712.9,9498898382.60297,2783.476318359375,1868.800048828125,4.270999908447266,21719.9,8939199.0,0.3511,35792459.97394149,186663423495.0,222163205.91889024,,4095256.0,0.001115892,0.88,0.0001
2022-05-04,39690.0,37728.95,40023.77,37670.0,20403240132.721107,39684.0,16546422734.7687,2940.644775390625,1867.0,4.328499794006348,21719.9,8939972.0,0.3822,35499634.16827072,186651729849.0,216238853.30606288,,6429530.0,0.0011702665,0.872,7.501333333333334e-05
2022-05-05,36552.97,39690.0,39845.51,35571.9,23327198387.380184,36534.7,20498697692.95448,2749.213134765625,1874.0,4.284999847412109,21719.9,8939972.0,0.3304,37225739.45277799,186237132000.0,232530821.92495465,,8004951.0,0.0010734668,0.781,0.0001
2022-05-06,36013.77,36552.97,36675.63,35258.0,21444923772.76373,35995.3,15553837185.83251,2694.979736328125,1881.199951171875,4.261499881744385,21719.9,8939972.0,0.3225,32014847.827697687,186405273166.0,210314500.6932356,,6535952.0,0.0010569449,0.776,-4.999e-05
2022-05-07,35472.39,36013.77,36146.3,34785.0,13844373391.423676,35466.7,7130599918.44936,2636.093017578125,1881.199951171875,4.261499881744385,21719.9,8939972.0,0.3127,31955087.39626907,185770770892.0,211795589.91282585,,3394651.0,0.0010340903,0.808,4.793333333333334e-06
2022-05-08,34038.4,35472.4,35514.22,33713.95,20921170970.83345,34032.0,14710577345.50726,2517.4599609375,1881.199951171875,4.261499881744385,21719.9,8939972.0,0.2842,33371482.455845747,185600157738.0,229568645.618541,,6963135.0,0.001010464,0.725,5.7803333333333336e-05
2022-05-09,30076.31,34038.39,34243.15,30033.33,33729482001.1785,30056.6,34585085018.41368,2245.430419921875,1857.0999755859373,4.192999839782715,21719.9,8939972.0,0.2047,31109261.7998342,184686084627.0,229568645.618541,,15066087.0,0.0009071929,0.73,0.0001
2022-05-10,31017.1,30074.23,32658.99,29730.4,33549653041.13228,31002.1,27002792322.99196,2343.510986328125,1839.9000244140625,4.1545000076293945,21719.9,8939972.0,0.2201,29938734.056388035,180928928347.0,227185770.43526813,,13235486.0,0.000887518,0.644,0.0001
2022-05-11,29103.94,31017.11,32162.59,27785.0,40152368268.51726,29074.7,33432659604.67081,2072.108642578125,1852.5999755859373,4.212500095367432,21719.9,8942008.0,0.1659,27610568.760650992,177996638034.0,225257596.8970556,,17481396.0,0.0008518478,0.606,3.669e-05
2022-05-12,29029.75,29103.94,30243.0,26700.0,39076362086.4557,29020.7,27412613954.5816,1961.7015380859373,1823.800048828125,4.105000019073486,21719.9,8942008.0,0.1746,23797911.59975797,160296575463.0,209722591.1401721,,16772788.0,0.0008313466,0.689,-0.0002514866666666
2022-05-13,29287.05,29029.74,31083.37,28751.67,24709866738.622795,29274.3,15321440645.11955,2014.418212890625,1807.4000244140625,4.180500030517578,21719.9,8942008.0,0.1834,28541325.27454346,159959628610.0,236132103.6113232,,8809932.0,0.0008786503,0.656,-5.623333333333333e-06
2022-05-14,30086.74,29287.05,30343.27,28630.0,15886159030.274937,30079.8,9273623685.28461,2056.27392578125,1807.4000244140625,4.180500030517578,21719.9,8942008.0,0.2029,25927620.664878663,158637264747.0,219043595.9365268,,5705446.0,0.000866931,0.59,0.0001
2022-05-15,31328.89,30086.74,31460.0,29480.0,14127525048.152369,31324.4,10189057495.68176,2145.706787109375,1807.4000244140625,4.180500030517578,21719.9,8942008.0,0.2316,22986794.25503061,158075435222.0,189527081.8665909,,5707875.0,0.0009063319,0.76,9.114333333333334e-05
2022-05-16,29874.01,31328.89,31328.9,29087.04,17274766985.329884,29866.7,15148324200.34817,2022.7259521484373,1813.5,4.196499824523926,21719.9,8942008.0,0.1992,30686524.16735536,158156346023.0,254774110.96699148,,8037503.0,0.0008752891,0.694,7.941e-05
2022-05-17,30444.93,29874.01,30788.37,29450.38,15243906394.118706,30437.0,12050567026.40218,2090.4091796875,1818.199951171875,4.239500045776367,21719.9,8942008.0,0.2142,27772592.54707964,159503583072.0,228364598.4958405,,6264754.0,0.0008891139,0.598,4.665e-05
2022-05-18,28715.32,30444.93,30709.99,28654.47,18210271522.15785,28700.6,12571901286.27471,1916.6561279296875,1815.9000244140625,4.182000160217285,21719.9,8945898.0,0.1701,24696023.22047933,158348959981.0,208169091.4593002,,6591016.0,0.0008498346,0.573,-3.2720000000000005e-05
2022-05-19,30319.23,28715.33,30545.18,28691.38,18820206767.150112,30319.9,13313042275.77401,2018.336181640625,1841.199951171875,4.284999847412109,21719.9,8945898.0,0.2115,22565485.90438095,158584515463.0,189527081.8665909,,6791261.0,0.0008797102,0.581,4.249333333333333e-05
2022-05-20,29201.01,30319.22,30777.33,28730.0,18127248630.076027,29188.9,14409462581.90292,1961.315673828125,1841.800048828125,4.281000137329102,21719.9,8945898.0,0.1849,23827040.13138072,159220667989.0,198848086.6629456,,6955039.0,0.0008476712,0.617,0.0001
2022-05-21,29445.06,29201.01,29656.18,28947.28,9703326010.280329,29427.4,5951830742.03713,1974.518310546875,1841.800048828125,4.281000137329102,21719.9,8945898.0,0.1905,24748261.255028848,158476532891.0,209722591.1401721,,3276695.0,0.0008522092,0.575,6.699999999999998e-07
2022-05-22,30293.94,29445.07,30487.99,29255.11,13336144586.026724,30284.0,8892178256.39475,2043.170166015625,1841.800048828125,4.281000137329102,21719.9,8945898.0,0.2147,22764026.39292672,158565148241.0,189527081.8665909,,4318466.0,0.0008698115,0.723,3.1156666666666666e-05
2022-05-23,29109.15,30293.93,30670.51,28866.35,18659317027.19355,29097.7,14259460842.85488,1972.181884765625,1847.800048828125,4.347499847412109,21719.9,8945898.0,0.1823,29967454.531789567,158658168849.0,248560107.76942167,,6906680.0,0.0008501193,0.553,0.0001
2022-05-24,29654.58,29109.14,29845.86,28669.0,14170714710.445938,29643.1,11175809569.67527,1978.9827880859373,1865.0999755859373,4.325500011444092,21719.9,8945898.0,0.1977,21962502.67266911,158754595635.0,186420080.26780605,,5662852.0,0.0008555683,0.662,-3.385333333333333e-05
2022-05-25,29542.15,29654.58,30223.74,29294.21,14810129340.143291,29536.7,12302779677.74162,1944.827880859375,1846.199951171875,4.276999950408936,21719.9,8914281.0,0.1963,26745591.52522213,158906943961.0,219464677.3862468,,5867939.0,0.0008623143,0.643,7.893e-05
2022-05-26,29201.35,29542.14,29886.64,28019.56,20667828382.467133,29194.0,17570547237.68192,1803.913330078125,1847.4000244140625,4.255000114440918,21719.9,8914281.0,0.1903,25810365.23620659,159051539693.0,209555370.5705583,,8207159.0,0.0008528,0.614,6.079e-05
2022-05-27,28629.8,29201.35,29397.66,28282.9,21286576261.94316,28623.2,14627232915.19134,1724.9228515625,1851.300048828125,4.303999900817871,21719.9,8914281.0,0.1714,24894048.362336468,158654026952.0,205096744.25322008,,7638338.0,0.0008283617,0.669,0.0001
2022-05-28,29031.33,28629.81,29266.0,28450.0,10212188935.741714,29018.8,5593154078.34822,1757.9417724609375,1851.300048828125,4.303999900817871,21719.9,8914281.0,0.1838,26717066.53755977,158215716904.0,219958828.4107809,,2997428.0,0.0008368407,0.682,9.570666666666668e-05
2022-05-29,29468.1,29031.33,29587.78,28839.21,9093731112.30087,29452.8,6278945105.68035,1812.031005859375,1851.300048828125,4.303999900817871,21719.9,8914281.0,0.1906,27138924.36127098,158399145001.0,221445035.75646704,,3252368.0,0.0008416953,0.76,0.0001
2022-05-30,31734.22,29468.1,32222.0,29299.62,21353718231.889603,31726.5,15459298501.15428,1996.4412841796875,1851.300048828125,4.303999900817871,21719.9,8914281.0,0.2524,29574687.93905189,158245852231.0,228876076.7651775,,7118870.0,0.0009151806,0.723,0.0001
2022-05-31,31801.04,31734.23,32399.0,31200.01,20130838379.457863,31797.8,12177347048.90632,1942.3280029296875,1842.699951171875,4.295000076293945,21719.9,8914281.0,0.2539,28944034.847255275,158777841830.0,216986411.5792688,,5620397.0,0.0009114203,0.631,0.0001
2022-06-01,29805.83,31801.05,31982.97,29301.0,25209629196.09207,29796.9,17126731271.82858,1823.5693359375,1843.300048828125,4.329999923706055,21651.5,8915050.0,0.2052,26196142.46486666,159337530102.0,202124327.421708,,7397413.0,0.0008517281,0.594,0.0001
2022-06-02,30452.62,29805.84,30689.0,29594.55,17304267290.621567,30437.1,11143387488.16196,1834.1505126953125,1866.5,4.553999900817871,21651.5,8915050.0,0.2245,23464002.522494823,160311943896.0,185776038.05860087,,5446397.0,0.0008716499,0.661,9.733333333333334e-06
2022-06-03,29700.21,30452.63,30699.0,29282.36,15547111412.775587,29682.8,10664927716.29938,1775.07861328125,1845.4000244140625,4.477499961853027,21651.5,8915050.0,0.2034,26840470.69366685,159404649436.0,212527787.4020705,,5200062.0,0.0008548369,0.646,7.009999999999998e-06
2022-06-04,29864.04,29700.21,29988.88,29485.0,9191791075.224855,29848.4,5568229841.96672,1801.6094970703125,1845.4000244140625,4.477499961853027,21651.5,8915050.0,0.2076,25794175.10473604,159397753954.0,206582953.73904613,,2889477.0,0.0008525836,0.681,3.523666666666666e-05
2022-06-05,29919.21,29864.03,30189.0,29531.42,9333961033.864271,29909.9,6129273442.52063,1805.2049560546875,1845.4000244140625,4.477499961853027,21651.5,8915050.0,0.211,27208981.603930123,159361836492.0,216986411.5792688,,3123477.0,0.0008556113,0.733,3.979666666666667e-05
2022-06-06,31373.1,29919.2,31765.64,29890.23,20208506447.03936,31361.2,13627289855.03024,1859.2896728515625,1839.199951171875,4.439499855041504,21651.5,8915050.0,0.247,29223237.822280627,159373509801.0,222931245.24229312,,6449108.0,0.0009019386,0.788,8.564e-05
2022-06-07,31125.33,31373.1,31589.6,29218.96,23009399166.592484,31118.1,20938600076.18326,1814.04833984375,1847.5,4.439499855041504,21651.5,8915050.0,0.244,30668792.85379621,159247051470.0,240765744.09122616,,9532510.0,0.0008973997,0.839,-1.3129999999999998e-05
2022-06-08,30204.77,31125.32,31327.22,29843.88,19043308856.345253,30192.5,13872254798.76627,1793.572265625,1851.9000244140625,4.458499908447266,21651.5,8918254.0,0.2208,33866953.43154347,159139493405.0,266501680.44994769,,6551621.0,0.0008655844,0.685,0.0001
2022-06-09,30109.93,30204.77,30700.0,29944.1,14783113494.197384,30093.3,9291136221.99843,1789.8260498046875,1848.800048828125,4.388999938964844,21651.5,8918254.0,0.2176,27613038.073679075,159087240209.0,219787040.62041968,,4300444.0,0.0008620564,0.667,9.702e-05
2022-06-10,29091.88,30109.93,30382.8,28850.0,18784573945.598244,29077.7,13179453292.83278,1665.042236328125,1871.5,4.301000118255615,21651.5,8918254.0,0.1917,27237588.631582577,159145264950.0,221292430.34450084,,6523548.0,0.0008345863,0.681,7.597333333333333e-05
2022-06-11,28424.7,29091.87,29440.41,28099.99,17316513341.59997,28416.7,11234144827.43019,1529.6634521484375,1871.5,4.301000118255615,21651.5,8918254.0,0.1724,27693245.785195608,158694225282.0,231830164.91635683,,5744723.0,0.0008130551,0.532,2.9156666666666668e-05
2022-06-12,26574.53,28424.71,28544.96,26560.0,20238763792.23506,26564.7,15462378090.80452,1445.216552734375,1871.5,4.301000118255615,21651.5,8918254.0,0.1263,21910684.47373288,158449181216.0,191184616.35301408,,8037979.0,0.0007802436,0.464,3.667333333333333e-05
2022-06-13,22487.41,26574.53,26895.84,21925.77,40414051890.219696,22471.5,39289035377.13508,1204.582763671875,1828.0,4.21649980545044,21651.5,8918254.0,-0.0391,20108890.412706707,158124134351.0,200216961.2007889,,21596474.0,0.0006551263,0.504,6.180000000000001e-06
2022-06-14,22136.41,22485.27,23362.88,20846.0,29851830070.47896,22122.7,27599590726.80712,1211.662841796875,1809.5,4.161499977111816,21651.5,8918254.0,-0.043,20154176.588342223,157005312288.0,219787040.62041968,,17418830.0,0.0006091261,0.581,-3.711666666666666e-05
2022-06-15,22583.72,22136.42,22800.0,20111.62,32588196850.6482,22567.5,32006546659.5817,1233.2064208984375,1815.300048828125,4.167500019073486,21651.5,8932420.0,-0.0177,21985048.344367787,156041612482.0,248389462.72006267,,20267455.0,0.0006329711,0.378,-3.3276666666666666e-05
2022-06-16,20401.31,22583.72,22995.73,20232.0,17474405707.762245,20387.4,18813838459.83841,1067.730712890625,1845.699951171875,4.111999988555908,21651.5,8932420.0,-0.1235,15859142.070401251,155254935205.0,179141492.05707693,,11647159.0,0.0005929875,0.347,-1.6386666666666667e-05
2022-06-17,20468.81,20400.6,21365.43,20246.66,13855459510.714396,20457.3,16088733040.23459,1086.519287109375,1835.5999755859373,4.017499923706055,21651.5,8932420.0,-0.1106,13985093.45749911,154684972733.0,162582194.25337103,,9477879.0,0.0005831803,0.465,-2.205333333333333e-05
2022-06-18,18970.79,20468.81,20792.06,17622.0,19853425511.090096,18959.7,24038549203.46261,993.6367797851562,1835.5999755859373,4.017499923706055,21651.5,8932420.0,-0.1908,18451072.1920586,154167740764.0,234840946.53228176,,15307863.0,0.0005251197,0.428,5.719333333333333e-05
2022-06-19,20574.0,18970.79,20815.95,17960.41,17554398522.938725,20564.2,21080192131.22859,1127.656494140625,1835.5999755859373,4.017499923706055,21651.5,8932420.0,-0.1048,16059960.756095877,154263565291.0,200216961.2007889,,14246285.0,0.0005769715,0.426,2.3076666666666665e-05
2022-06-20,20573.89,20574.0,21090.0,19637.03,17833364337.31475,20570.1,19052030813.46172,1127.6424560546875,1835.5999755859373,4.017499923706055,21651.5,8932420.0,-0.0996,16757469.590158602,154040647187.0,198711571.47670767,,12478109.0,0.0005806589,0.487,2.1376666666666665e-05
2022-06-21,20723.52,20573.9,21723.0,20348.4,15309468599.729044,20713.1,16577758368.34692,1124.8245849609375,1834.5999755859373,4.043000221252441,21651.5,8932420.0,-0.0915,19687729.8301212,153405317921.0,225808603.8522696,,10787010.0,0.0005925094,0.405,5.665e-05
2022-06-22,19987.99,20723.51,20900.0,19770.51,16384004561.676588,19977.4,16485504375.38122,1051.421875,1834.300048828125,3.951499938964844,21651.5,8934346.0,-0.1266,16352882.64065054,153494704289.0,193096459.39267665,,10622735.0,0.0005659912,0.504,-1.4813333333333334e-05
2022-06-23,21110.13,19988.0,21233.0,19890.07,14443281312.85773,21096.6,14372398242.68264,1143.38671875,1825.699951171875,3.758500099182129,21651.5,8934346.0,-0.0679,19528327.336127777,153399442705.0,223431041.4386221,,9027214.0,0.0005858884,0.432,-1.7016666666666666e-05
2022-06-24,21237.69,21110.12,21558.41,20736.72,14474093129.058195,21231.2,13621335706.92468,1226.8447265625,1826.5,3.759999990463257,21651.5,8934346.0,-0.0568,16996335.55372013,153065868648.0,189622395.5064278,,8544388.0,0.0006021872,0.509,8.668666666666667e-05
2022-06-25,21491.19,21237.68,21614.5,20906.62,10735940903.176577,21481.9,9228742005.28791,1243.4468994140625,1826.5,3.759999990463257,21651.5,8934346.0,-0.0487,20070359.48139197,153061527039.0,221961099.2067624,,5922359.0,0.0006067545,0.457,7.540333333333334e-05
2022-06-26,21038.07,21491.18,21888.0,20964.73,10216969964.012596,21029.1,9467563440.88587,1199.8316650390625,1826.5,3.759999990463257,21651.5,8934346.0,-0.0684,18423576.32867078,153241207679.0,202851865.00959057,,5688123.0,0.0006034152,0.443,6.889666666666667e-05
2022-06-27,20742.56,21038.08,21539.85,20510.0,11630820093.594645,20730.0,11319059806.09479,1193.6806640625,1820.9000244140625,3.7790000438690186,21651.5,8934346.0,-0.0832,17887695.487056773,153233785752.0,199911982.66258603,,6737305.0,0.0005868118,0.465,5.8183333333333336e-05
2022-06-28,20281.29,20742.57,21212.1,20202.01,13154476538.836197,20268.6,12074564681.68627,1144.5792236328125,1817.5,3.783999919891357,21651.5,8934346.0,-0.1081,18883547.08941358,153000364020.0,214611394.39760864,,7066479.0,0.0005738954,0.476,-1.921333333333333e-05
2022-06-29,20123.01,20281.28,20432.31,19854.92,12700144252.745968,20109.9,12250941435.49509,1098.94384765625,1813.699951171875,3.7790000438690186,21651.5,8913553.0,-0.117,18986399.070082355,152950162915.0,221961099.2067624,,6917790.0,0.0005714703,0.519,5.947333333333333e-05
2022-06-30,19942.21,20123.0,20179.08,18626.0,14682635504.369328,19923.5,16548226768.84932,1067.298828125,1804.0999755859373,3.714499950408936,21651.5,8913553.0,-0.156,20553042.35048878,152872706597.0,251359920.5600924,,9057166.0,0.0005320813,0.407,-6.904666666666666e-05
2022-07-01,19279.8,19942.21,20918.35,18975.0,18321365660.26949,19272.0,17973277787.04804,1059.767333984375,1798.9000244140625,3.61899995803833,21652.9,8913553.0,-0.1537,16431366.516491182,152683970491.0,196972102.43229663,,10302919.0,0.0005469638,0.417,-4.5803333333333336e-05
2022-07-02,19252.81,19279.8,19467.39,18977.01,9965897315.444817,19240.9,7361597905.72379,1066.5128173828125,1798.9000244140625,3.61899995803833,21652.9,8913553.0,-0.1597,16569174.537279008,153427494002.0,202851865.00959057,,4705311.0,0.0005435199,0.47,1.475e-05
2022-07-03,19315.83,19252.82,19647.63,18781.0,8824807293.241829,19305.9,8622450486.1063,1073.7669677734375,1798.9000244140625,3.61899995803833,21652.9,8913553.0,-0.1562,18573313.58774788,153399970006.0,227840863.9007713,,5192476.0,0.0005424311,0.455,5.2e-05
2022-07-04,20236.71,19315.83,20354.01,19055.31,12602958797.188787,20226.6,12445691915.01023,1151.05908203125,1798.9000244140625,3.61899995803833,21652.9,8913553.0,-0.102,17499267.076050896,153284934758.0,210201571.9354594,,7423453.0,0.0005590616,0.375,4.89e-05
2022-07-05,20175.83,20236.71,20750.0,19304.4,16722589080.675064,20170.0,17057063374.95285,1134.541015625,1761.800048828125,3.424999952316284,21652.9,8913553.0,-0.1033,14763253.433367465,153345451530.0,173453043.65626052,,10072344.0,0.0005703653,0.412,5.137e-05
2022-07-06,20564.51,20175.84,20675.22,19761.25,13671588097.959946,20554.1,13764942073.2418,1186.9739990234375,1734.9000244140625,3.4179999828338623,21652.9,8891851.0,-0.0816,16003737.904274711,153284208936.0,186599522.8930837,,8380645.0,0.0005708438,0.536,9.457666666666668e-05
2022-07-07,21624.98,20564.51,21838.1,20251.68,14367439623.332706,21613.4,14673528816.01675,1237.5933837890625,1737.9000244140625,3.5820000171661377,21652.9,8891851.0,-0.0271,20544694.5819712,153035357270.0,227523378.2708957,,8218833.0,0.0006069319,0.509,8.424666666666666e-05
2022-07-08,21594.75,21624.99,22527.37,21189.26,24351967290.385742,21587.9,18441993286.35933,1222.5062255859375,1740.5999755859375,3.532000064849853,21652.9,8891851.0,-0.019,20114110.899883967,152845387915.0,214480636.8679379,,10548446.0,0.0006150751,0.457,6.737333333333334e-05
2022-07-09,21591.83,21594.75,21980.0,21322.12,15395313393.590586,21580.0,8503827622.59832,1216.978271484375,1740.5999755859375,3.532000064849853,21652.9,8891851.0,-0.0282,18116149.17353009,152939478220.0,194191928.48263425,,5637884.0,0.0006081897,0.504,8.714333333333334e-05
2022-07-10,20862.47,21592.15,21607.65,20655.0,14806919270.757536,20853.8,9870330890.15699,1168.401611328125,1740.5999755859375,3.532000064849853,21652.9,8891851.0,-0.065,20206420.32362762,153009979061.0,221726603.85028368,,6519695.0,0.000590187,0.388,9.987333333333332e-05
2022-07-11,19963.61,20861.11,20868.48,19875.23,13213828954.405684,19954.3,11469156941.09009,1097.236572265625,1730.0,3.4375,21652.9,8891851.0,-0.1071,15723391.691738214,152827757067.0,178250799.8693703,,7703102.0,0.0005670899,0.462,6.759666666666666e-05
2022-07-12,19328.75,19963.61,20059.42,19240.0,13052469428.96597,19322.9,12632186362.87899,1038.191650390625,1723.300048828125,3.296499967575073,21652.9,8891851.0,-0.1423,18594486.69484759,152996848627.0,218828216.6399776,,8660925.0,0.0005435684,0.351,5.7010000000000005e-05
2022-07-13,20234.87,19331.28,20366.61,18910.94,16554196996.86406,20220.1,19099701219.32481,1113.587158203125,1734.199951171875,3.325500011444092,21652.9,8895867.0,-0.0959,13473533.050033463,152681147378.0,159411284.0458004,,11678871.0,0.0005533651,0.404,-6.016666666666666e-06
2022-07-14,20588.84,20234.87,20900.0,19616.07,16278983454.829374,20578.6,15457229421.45097,1191.5262451171875,1704.5,3.2105000019073486,21652.9,8895867.0,-0.0738,15669999.115927162,152797022506.0,179699992.43110403,,10366530.0,0.0005710356,0.469,4.5026666666666674e-05
2022-07-15,20830.04,20588.84,21200.0,20382.29,16156335847.25987,20823.1,13043523984.48886,1233.129150390625,1702.4000244140625,3.234499931335449,21652.9,8895867.0,-0.0555,18447535.97277852,152850941721.0,205785475.2370197,,8679104.0,0.0005852516,0.498,4.086333333333333e-05
2022-07-16,21195.6,20830.04,21588.94,20478.61,12225220947.416826,21183.5,11321826058.55016,1352.62646484375,1702.4000244140625,3.234499931335449,21652.9,8895867.0,-0.0374,19401906.35539079,152301573405.0,214480636.8679379,,7084632.0,0.0005929553,0.41,4.950333333333333e-05
2022-07-17,20798.16,21195.6,21684.54,20750.01,12053832409.354353,20794.4,10308826275.78109,1338.6357421875,1702.4000244140625,3.234499931335449,21652.9,8895867.0,-0.0378,16462029.733269406,152325099486.0,179699992.43110403,,6817739.0,0.0005859314,0.465,8.915666666666667e-05
2022-07-18,22432.58,20799.58,22777.63,20762.45,20351625219.29244,22423.9,21581852762.64478,1578.7178955078125,1709.199951171875,3.3480000495910645,21652.9,8895867.0,0.0112,17950032.36493986,152448503779.0,189844346.62375584,,12535670.0,0.0006024906,0.513,0.0001
2022-07-19,23396.62,22432.58,23800.0,21579.54,24689433962.366844,23385.9,25470793400.12995,1542.9752197265625,1710.0,3.2915000915527344,21652.9,8895867.0,0.0602,19418191.386344727,152703056681.0,199988700.81640768,,14892867.0,0.0006567772,0.467,0.0001
2022-07-20,23223.3,23398.48,24276.74,22906.19,23662755717.475742,23221.5,22329424219.08293,1520.20068359375,1699.5,3.3294999599456787,21652.9,8899213.0,0.0562,18578114.004448514,152593976598.0,182598379.64141008,,13315576.0,0.0006572618,0.513,9.372666666666669e-05
2022-07-21,23152.19,23223.3,23442.77,22341.46,17704192775.842644,23144.5,16553246183.50506,1576.74951171875,1712.699951171875,3.302000045776367,21652.9,8899213.0,0.0526,19920971.42089107,152762235278.0,198824710.5667849,,10527145.0,0.0006465083,0.478,0.0001
2022-07-22,22684.83,23152.19,23756.49,22500.0,17676123879.248833,22675.1,14697003018.10593,1537.4051513671875,1727.0999755859375,3.3485000133514404,21652.9,8899213.0,0.0359,19121587.69064803,152708520511.0,181711863.2994958,,9169323.0,0.0006324178,0.552,8.390666666666666e-05
2022-07-23,22451.07,22684.83,23000.77,21934.57,13242024417.169514,22440.2,11353416591.58139,1549.2974853515625,1727.0999755859375,3.3485000133514404,21652.9,8899213.0,0.027,21649888.07845675,152844633711.0,211997172.1974857,,7310687.0,0.0006179385,0.568,6.688e-05
2022-07-24,22579.68,22448.58,23014.64,22257.15,14584396364.54271,22570.6,10486872827.38728,1599.4766845703125,1727.0999755859375,3.3485000133514404,21652.9,8899213.0,0.0345,22217687.392189298,152943190834.0,216126988.5789976,,6609179.0,0.0006331969,0.488,7.354333333333333e-05
2022-07-25,21310.9,22577.13,22666.0,21250.0,21621271547.856804,21300.0,15241930778.39496,1445.3834228515625,1719.0,3.3510000705718994,21652.9,8899213.0,-0.0155,19448679.933790736,152932936546.0,195477912.61837205,,9556322.0,0.0006129751,0.542,4.519e-05
2022-07-26,21254.67,21310.9,21347.82,20706.5,17403766418.424652,21241.0,11607460262.67674,1441.8067626953125,1717.699951171875,3.382499933242798,21652.9,8899213.0,-0.0304,21026557.21862858,152917301228.0,220256802.97819823,,7661422.0,0.0005803041,0.605,7.437666666666666e-05
2022-07-27,22952.45,21254.67,23112.63,21042.53,19186043972.83256,22941.1,16528529868.30713,1636.232666015625,1719.0999755859375,3.429500102996826,21652.9,8890004.0,0.0463,22526893.359257203,152788341683.0,227139827.6376364,,9449686.0,0.0006267885,0.539,4.209e-05
2022-07-28,23842.93,22954.31,24199.72,22582.13,22773999393.965027,23836.2,17665500374.48079,1725.4681396484375,1750.300048828125,3.4749999046325684,21652.9,8890004.0,0.0834,20561357.313318603,152910654423.0,194101308.4794089,,10475387.0,0.0006628535,0.562,9.743e-05
2022-07-29,23773.75,23845.25,24442.66,23414.03,20893148709.571594,23771.1,15337312726.27532,1727.406982421875,1762.9000244140625,3.5840001106262207,21652.9,8890004.0,0.0877,21817830.97565903,152698048419.0,200984333.13884705,,9305616.0,0.0006588712,0.49,0.0001
2022-07-30,23643.51,23777.28,24668.0,23502.25,16466883246.27214,23629.9,11889274245.47064,1695.969482421875,1762.9000244140625,3.5840001106262207,21652.9,8890004.0,0.0751,19382152.51119129,152823393095.0,177582046.91798395,,7271951.0,0.0006609338,0.572,0.0001
2022-07-31,23293.32,23644.64,24194.82,23227.31,15021146823.108946,23290.1,9142633001.95407,1681.517333984375,1762.9000244140625,3.5840001106262207,21652.9,8890004.0,0.0648,22512691.3854205,152826936117.0,209243963.91955948,,6142811.0,0.0006541777,0.512,8.760333333333334e-05
2022-08-01,23268.01,23296.36,23509.68,22850.0,16177346082.106804,23257.6,11554380879.33471,1635.19580078125,1769.0,3.552000045776367,21638.4,8890004.0,0.0637,19729877.55948487,152817594905.0,187218281.8376596,,7158524.0,0.0006360031,0.576,8.816333333333335e-05
2022-08-02,22987.79,23266.9,23459.89,22654.37,17296196001.515198,22975.1,14363033396.88062,1632.9454345703125,1771.0999755859375,3.524499893188477,21638.4,8890004.0,0.052,22258431.153266463,153098685333.0,213373778.31876007,,8792506.0,0.0006380905,0.535,8.539333333333333e-05
2022-08-03,22818.37,22985.93,23647.68,22681.22,15892705098.237371,22801.5,13201647982.58276,1618.87451171875,1758.0,3.469500064849853,21638.4,8874620.0,0.0641,21028442.886377253,153007868290.0,199607727.01757264,,7822865.0,0.000641886,0.483,2.5e-06
2022-08-04,22622.98,22816.91,23223.32,22400.0,15904236780.929,22608.9,12515146172.92225,1608.205810546875,1788.5,3.4830000400543213,21638.4,8874620.0,0.0362,18839635.08215793,152980044860.0,183293576.20328617,,7198051.0,0.0006211819,0.565,1.0076666666666666e-05
2022-08-05,23312.42,22622.41,23472.86,22586.95,18306830281.962173,23298.1,13716626797.39787,1732.254638671875,1772.9000244140625,3.552999973297119,21638.4,8874620.0,0.0618,21643866.812331174,152921972037.0,210085555.7118224,,7744541.0,0.0006373151,0.601,3.527e-05
2022-08-06,22954.21,23313.56,23354.36,22909.52,11339577558.667068,22943.3,5272174727.75062,1691.6580810546875,1772.9000244140625,3.552999973297119,21638.4,8874620.0,0.0516,23328894.891766075,153097891779.0,225491829.9721472,,3196597.0,0.000638219,0.598,8.492333333333335e-05
2022-08-07,23174.39,22954.21,23402.0,22844.62,10672041247.70456,23167.8,6267656688.48691,1699.350830078125,1772.9000244140625,3.552999973297119,21638.4,8874620.0,0.058,22943955.70478637,153128003451.0,222690689.0141953,,3534234.0,0.0006423358,0.558,3.888e-05
2022-08-08,23810.0,23174.39,24245.0,23154.25,17311471648.515503,23804.4,13485945119.50385,1775.51611328125,1786.800048828125,3.587500095367432,21638.4,8874620.0,0.0836,21410454.393506907,153055721048.0,201682132.83796665,,7144382.0,0.0006550947,0.541,7.596666666666667e-05
2022-08-09,23149.95,23810.98,23933.25,22865.0,15621089700.27671,23140.2,11634879431.41769,1703.0250244140625,1794.0,3.5924999713897705,21638.4,8874620.0,0.0604,20930544.163499217,152826070303.0,200281563.36740136,,6642503.0,0.0006373905,0.578,9.306666666666667e-05
2022-08-10,23954.05,23151.32,24226.0,22664.69,19298289881.94625,23940.9,17921041663.21249,1851.74267578125,1795.5999755859375,3.6554999351501465,21638.4,8879138.0,0.0887,21691310.233842485,152747500072.0,207284414.7538705,,9150671.0,0.0006571174,0.548,2.902333333333333e-05
2022-08-11,23934.39,23954.05,24918.54,23852.13,22861376136.204643,23917.2,18562187367.96329,1881.22412109375,1789.699951171875,3.7105000019073486,21638.4,8879138.0,0.0893,21325473.21493576,153025563656.0,196079850.92206284,,9736268.0,0.0006671764,0.615,7.372333333333333e-05
2022-08-12,24403.68,23933.09,24456.5,23583.0,16285526211.96848,24387.5,11446334088.8081,1957.2464599609373,1798.5999755859375,3.6760001182556152,21638.4,8879138.0,0.1063,23095682.98951681,152972057827.0,215687835.61090487,,6612022.0,0.0006616067,0.557,2.3506666666666663e-05
2022-08-13,24441.38,24401.7,24888.0,24291.22,15159290015.91558,24429.0,10577167655.58233,1981.3365478515625,1798.5999755859375,3.6760001182556152,21638.4,8879138.0,0.1074,21320923.690783795,152792093401.0,194679281.45149755,,6020627.0,0.0006710684,0.532,2.35e-05
2022-08-14,24305.24,24443.06,25047.56,24144.0,14950454076.915009,24294.1,10730828908.19903,1936.802001953125,1798.5999755859375,3.6760001182556152,21638.4,8879138.0,0.1034,20385924.134926945,153037411751.0,186275858.57764184,,5877914.0,0.0006663579,0.575,1.1006666666666666e-05
2022-08-15,24094.82,24305.25,25211.32,23773.22,20321077107.56836,24085.2,17992336053.67933,1904.2281494140625,1781.4000244140625,3.628999948501587,21638.4,8879138.0,0.0951,22045864.670430303,152537087385.0,203082702.308532,,8604551.0,0.0006592284,0.583,-1.3426666666666666e-05
2022-08-16,23854.74,24093.04,24247.49,23671.22,15397240089.620571,23843.0,11027935215.31227,1878.139404296875,1773.199951171875,3.6364998817443848,21638.4,8879138.0,0.087,22166164.86901254,152846785640.0,207284414.7538705,,6028866.0,0.0006539449,0.498,2.0896666666666663e-05
2022-08-17,23342.66,23856.15,24446.71,23180.4,18609694315.94007,23333.1,15186136927.96825,1832.9996337890625,1760.300048828125,3.5980000495910645,21638.4,8849762.0,0.0668,19123272.58709193,152711071996.0,180673576.661738,,8369227.0,0.000637238,0.554,3.364e-05
2022-08-18,23191.2,23342.66,23600.0,23111.04,15837343271.06598,23185.1,8134736996.02001,1847.0078125,1755.300048828125,3.6465001106262207,21638.4,8849762.0,0.0623,21069744.505222123,152691920803.0,202447354.27677864,,5207987.0,0.0006391804,0.617,8.520666666666668e-05
2022-08-19,20834.39,23191.45,23208.67,20783.57,25988523143.769608,20824.9,19700159303.89833,1612.9873046875,1747.5999755859375,3.683500051498413,21638.4,8849762.0,-0.0393,24267775.107243106,152477326032.0,250867150.5606109,,11275114.0,0.0005755246,0.524,1.787333333333334e-05
2022-08-20,21140.07,20834.39,21382.85,20761.9,22225445042.15789,21127.8,10362322320.64405,1577.0037841796875,1747.5999755859375,3.683500051498413,21638.4,8849762.0,-0.0272,19705405.47986608,152362260185.0,209995535.8811957,,6575199.0,0.0005754374,0.524,-3.406333333333333e-05
2022-08-21,21515.61,21140.07,21800.0,21069.11,20476394246.626328,21505.6,9076418907.61454,1619.3189697265625,1747.5999755859375,3.683500051498413,21638.4,8849762.0,-0.0078,19509004.32590276,152270400829.0,205767438.51073447,,5629505.0,0.0005862504,0.516,-2.9266666666666665e-05
2022-08-22,21399.83,21516.7,21548.71,20890.18,24177721095.75551,21387.0,12492356305.43505,1622.505859375,1734.0,3.670500040054321,21638.4,8849762.0,-0.0191,19259934.292338543,152245000573.0,204358071.36758927,,7339803.0,0.0005747123,0.62,-2.428666666666667e-05
2022-08-23,21529.12,21400.75,21684.87,20890.14,22777571502.409336,21518.2,13030512975.03382,1662.7698974609375,1746.800048828125,3.704499959945679,21638.4,8849762.0,-0.0078,22976568.88697797,152041615388.0,242410953.7902015,,7434395.0,0.000584694,0.525,-2.1766666666666663e-05
2022-08-24,21368.08,21529.11,21900.0,21145.0,21787915006.426186,21354.9,10795887952.94642,1657.0592041015625,1747.800048828125,3.660500049591065,21638.4,8851436.0,-0.0125,19575079.899263803,152170678613.0,205767438.51073447,,6183788.0,0.0005880633,0.577,-1.7939999999999998e-05
2022-08-25,21559.04,21368.05,21819.88,21310.15,20546459530.806057,21548.3,8976368825.999,1696.45703125,1757.699951171875,3.7105000019073486,21638.4,8851436.0,-0.0045,21466424.1076261,152185442292.0,224089197.1652116,,5038836.0,0.0005870006,0.6,2.052e-05
2022-08-26,20241.05,21559.04,21886.77,20107.9,27981701998.56948,20228.7,18923645109.31387,1507.7828369140625,1736.0999755859375,3.7114999294281006,21638.4,8851436.0,-0.0701,23296142.16123212,152233643028.0,248048418.3038078,,10015819.0,0.0005610966,0.49,1.3663333333333334e-05
2022-08-27,20037.6,20239.14,20402.93,19800.0,20544290023.2838,20023.9,9430185077.10662,1491.39501953125,1736.0999755859375,3.7114999294281006,21638.4,8851436.0,-0.0802,18231715.109723028,152297729898.0,204358071.36758927,,6011214.0,0.0005422981,0.535,-4.498e-05
2022-08-28,19555.61,20037.6,20171.18,19520.0,17105113886.942984,19547.5,7703477819.25788,1430.54736328125,1736.0999755859375,3.7114999294281006,21638.4,8851436.0,-0.1004,20095897.30850835,152351761974.0,226907929.42201468,,4931116.0,0.0005426772,0.539,-4.199e-05
2022-08-29,20285.73,19555.61,20433.62,19550.79,19716982499.980804,20275.5,11969489778.36106,1553.037353515625,1736.5999755859375,3.626499891281128,21638.4,8851436.0,-0.068,19639193.53310937,152144101946.0,221270464.9084084,,6812963.0,0.0005488833,0.545,-9.957333333333332e-05
2022-08-30,19811.66,20287.2,20576.25,19540.0,22958307429.51024,19803.1,15387324341.7651,1523.8388671875,1723.199951171875,3.5450000762939453,21638.4,8851436.0,-0.0906,20319963.940958124,152295937618.0,228317294.53567275,,8015183.0,0.0005395382,0.497,-2.712e-05
2022-08-31,20050.02,19813.03,20490.0,19797.94,24198852575.70884,20041.5,14364997156.93659,1553.6849365234375,1712.800048828125,3.5185000896453857,21638.4,8826093.0,-0.0793,18418300.48281718,152611401534.0,220515247.0319977,,8008127.0,0.0005472407,0.472,2.88e-05
2022-09-01,20131.46,20048.44,20208.37,19565.66,22812486135.42691,20122.5,13771147297.87754,1586.1767578125,1696.5999755859375,3.414499998092652,21536.7,8826093.0,-0.0743,17194928.209721062,152415746960.0,212503107.4182565,,8021366.0,0.0005441159,0.439,5.095333333333333e-05
2022-09-02,19951.86,20132.64,20441.26,19755.29,22959418003.60963,19941.0,13442087838.13621,1577.220458984375,1709.800048828125,3.421499967575073,21536.7,8826093.0,-0.0818,16203115.89556704,152349034405.0,198644209.06016544,,7341571.0,0.0005410882,0.498,3.948666666666667e-05
2022-09-03,19831.9,19950.98,20055.93,19652.72,16222435204.500126,19820.7,5652779448.41072,1556.8726806640625,1709.800048828125,3.421499967575073,21536.7,8826093.0,-0.0896,18228589.968118127,152159812145.0,226362005.77634773,,3696795.0,0.0005347543,0.575,3.452666666666666e-05
2022-09-04,20000.3,19832.45,20029.23,19583.1,18407140259.79684,19992.7,7853749068.4689,1577.6416015625,1709.800048828125,3.421499967575073,21536.7,8826093.0,-0.0811,20798859.93155629,152185409511.0,258699436.7568429,,4417150.0,0.0005376405,0.52,2.723333333333333e-05
2022-09-05,19796.84,20000.3,20057.27,19633.83,20219242540.93384,19784.9,8837636837.41192,1617.1832275390625,1709.800048828125,3.421499967575073,21536.7,8826093.0,-0.0897,18918387.17664705,152011071613.0,235601272.0875497,,5021556.0,0.001042,0.461,4.089e-05
2022-09-06,18790.61,19795.34,20180.0,18649.51,27678212418.121704,18781.5,18444352721.94751,1561.74853515625,1700.4000244140625,3.469000101089477,21536.7,8826093.0,-0.143,17328666.438984726,151943086950.0,218662618.29239127,,10335978.0,0.000992,0.486,1.1903333333333332e-05
2022-09-07,19292.84,18790.61,19464.06,18510.77,24885090939.341324,19287.0,11283513643.93365,1629.9063720703125,1715.300048828125,3.437999963760376,21536.7,8822401.0,-0.1161,17291716.024122756,151955991728.0,224822129.166526,,6998657.0,0.001014,0.424,-3.1173333333333335e-05
2022-09-08,19319.77,19292.85,19458.25,19012.0,23584448938.12233,19309.3,10329897060.9389,1635.34765625,1708.0,3.5360000133514404,21536.7,8822401.0,-0.114,15283412.004484944,152053956252.0,195564453.62309808,,6623983.0,0.0005217525,0.544,3.2046666666666666e-05
2022-09-09,21360.11,19320.54,21597.22,19291.75,33575170339.20555,21352.0,20595406252.57019,1719.08544921875,1716.199951171875,3.5810000896453857,21536.7,8822401.0,-0.0081,19052960.61903184,152207431395.0,226362005.77634773,,11504187.0,0.000575054,0.591,7.104000000000001e-05
2022-09-10,21648.34,21361.62,21810.8,21111.13,26549336357.086937,21639.5,10528881955.93716,1776.2037353515625,1716.199951171875,3.5810000896453857,21536.7,8822401.0,0.0082,21004491.74748428,152312491811.0,241760782.96168444,,6646435.0,0.000581207,0.691,9.921333333333332e-05
2022-09-11,21826.87,21647.21,21860.0,21350.0,22200433020.49497,21820.3,9093590170.7937,1761.800048828125,1716.199951171875,3.5810000896453857,21536.7,8822401.0,0.0092,24703948.750221964,152410395445.0,281797599.2087124,,5735900.0,0.000580549,0.595,7.942333333333334e-05
2022-09-12,22395.74,21826.87,22488.0,21538.51,34341234438.05516,22386.0,18100462871.90017,1713.7652587890625,1728.0999755859375,3.625499963760376,21536.7,8822401.0,0.037,21163702.68969915,152409364573.0,235601272.0875497,,10740898.0,0.0006014834,0.482,9.415333333333334e-05
2022-09-13,20173.57,22395.44,22799.0,19860.0,37435490709.90925,20162.5,26055120562.0565,1580.7879638671875,1705.0,3.5810000896453857,21536.7,8822401.0,-0.0645,18322430.88552734,152386885613.0,212237771.66655177,,14700769.0,0.0005401948,0.449,9.988333333333333e-05
2022-09-14,20226.71,20173.62,20541.48,19617.62,27539343363.072136,20217.0,13338081191.69107,1634.7550048828125,1696.5,3.5455000400543213,21536.7,8832759.0,-0.0592,16031527.238134086,152386513488.0,202308898.95543608,,8931187.0,0.0005427483,0.507,-7.406666666666667e-06
2022-09-15,19701.88,20227.17,20330.24,19497.0,26610209583.86411,19690.8,13275371720.98828,1471.6934814453125,1665.4000244140625,3.5234999656677246,21536.7,8832759.0,-0.0872,18353264.92563166,152039891435.0,234168568.49770647,,9063069.0,0.0005334385,0.443,3.712333333333334e-05
2022-09-16,19803.3,19701.88,19890.0,19320.01,23641719584.38669,19792.5,10699906720.22641,1432.44775390625,1671.699951171875,3.561000108718872,21536.7,8832759.0,-0.0844,15749363.04419428,151801175715.0,203901883.69419253,,7095653.0,0.0005306112,0.601,5.1076666666666665e-05
2022-09-17,20113.62,19803.3,20189.0,19748.08,19002325360.350742,20102.0,6678646550.85602,1469.74169921875,1671.699951171875,3.561000108718872,21536.7,8832759.0,-0.0638,21196058.52434818,151674918156.0,270807189.9623499,,4694255.0,0.0005374567,0.527,2.942333333333333e-05
2022-09-18,19416.18,20112.61,20117.26,19335.62,22612625125.551624,19404.5,9879306624.60703,1335.3291015625,1671.699951171875,3.561000108718872,21536.7,8832759.0,-0.1014,19092768.0770734,151720567144.0,245319452.49341664,,5993208.0,0.0005241551,0.449,5.9373333333333336e-05
2022-09-19,19537.02,19417.45,19686.2,18232.56,28574080291.43085,19528.6,18855643585.82462,1377.5413818359375,1666.199951171875,3.557499885559082,21536.7,8832759.0,-0.0933,15458185.946996177,151683917082.0,207087850.8778092,,11519234.0,0.0005238864,0.507,-1.7026666666666667e-05
2022-09-20,18875.0,19537.02,19634.62,18711.87,24898144476.522343,18866.8,15185745305.0411,1324.38818359375,1659.699951171875,3.5480000972747803,21536.7,8832759.0,-0.132,18206403.36480042,151816393277.0,242133487.6036962,,9303279.0,0.0005083398,0.462,5.1296666666666666e-05
2022-09-21,18461.36,18874.31,19956.0,18125.98,25387812512.882584,18447.5,22278202291.21906,1252.6077880859375,1664.5999755859375,3.51200008392334,21536.7,8816802.0,-0.1534,16760777.456892014,152058295641.0,224610669.2407528,,14581191.0,0.0004951066,0.441,3.131666666666667e-05
2022-09-22,19401.63,18461.36,19550.17,18356.39,21649237596.781937,19392.5,16203598692.71296,1327.68017578125,1670.800048828125,3.498500108718872,21536.7,8816802.0,-0.0995,15172104.53498387,151894828584.0,203901883.69419253,,10219446.0,0.0005148368,0.464,-3.649e-05
2022-09-23,19289.91,19401.63,19500.0,18531.42,21751274997.837708,19280.7,15886090825.79674,1328.259521484375,1645.300048828125,3.371500015258789,21536.7,8816802.0,-0.1042,16028974.87094256,151891281872.0,215052767.68990275,,9393195.0,0.0005092161,0.492,1.7373333333333332e-05
2022-09-24,18920.5,19288.57,19316.14,18805.34,14103347449.768703,18911.0,7188116884.43088,1317.9932861328125,1645.300048828125,3.371500015258789,21536.7,8816802.0,-0.1274,17397494.802839167,151677305146.0,232575586.05284625,,4916665.0,0.0005065494,0.493,3.3226666666666665e-05
2022-09-25,18807.38,18921.99,19180.21,18629.2,12924444307.57463,18799.7,7774394534.94385,1294.216796875,1645.300048828125,3.371500015258789,21536.7,8816802.0,-0.135,17430766.10623453,151651297440.0,234168568.49770647,,4899517.0,0.0005015494,0.515,2.415e-05
2022-09-26,19227.82,18809.13,19318.96,18680.72,22490640414.629646,19216.3,14803230763.46802,1335.3201904296875,1623.300048828125,3.313499927520752,21536.7,8816802.0,-0.1107,17836153.8522396,151368014958.0,238947520.4200796,,9041768.0,0.0005105683,0.441,2.511e-05
2022-09-27,19079.13,19226.68,20385.86,18816.32,29911284160.77109,19070.1,25574742142.98837,1330.127685546875,1626.699951171875,3.322999954223633,21536.7,8816802.0,-0.1154,15886325.70953486,150581018708.0,205494866.1390528,,14275424.0,0.000508173,0.523,6.927333333333333e-05
2022-09-28,19412.82,19078.1,19790.0,18471.28,27067080330.792686,19407.3,21809407277.4523,1337.410888671875,1660.4000244140625,3.381999969482422,21536.7,8795567.0,-0.0947,17904089.02562859,150489559988.0,234113533.83376324,,12263574.0,0.0005248532,0.502,1.8006666666666665e-05
2022-09-29,19591.51,19412.82,19645.52,18843.01,20992054670.97827,19582.5,19151664008.3373,1335.65234375,1658.5,3.440000057220459,21536.7,8795567.0,-0.0895,17311096.006670937,149990504524.0,222928607.6727852,,10418338.0,0.0005190138,0.591,6.669e-05
2022-09-30,19422.61,19590.54,20185.0,19155.36,23447394007.56124,19411.7,20985538466.48879,1327.9786376953125,1662.4000244140625,3.441999912261963,21536.7,8795567.0,-0.0946,20681080.866690986,149499369943.0,263461080.36655265,,11670812.0,0.0005177119,0.63,0.0001
2022-10-01,19310.95,19422.61,19484.0,19159.42,10498150401.534143,19304.0,5685550297.42183,1311.6444091796875,1662.4000244140625,3.441999912261963,21461.7,8795567.0,-0.1014,21856975.66945582,148247347138.0,282168375.28330106,,3899423.0,0.0005147255,0.54,6.734333333333334e-05
2022-10-02,19056.8,19312.24,19395.91,18920.35,12039397954.851051,19049.4,7957458596.47117,1276.093505859375,1662.4000244140625,3.441999912261963,21461.7,8795567.0,-0.1183,18847330.016340613,148253624203.0,244753785.44980425,,5153819.0,0.000511492,0.548,5.154000000000001e-05
2022-10-03,19629.08,19057.74,19719.1,18959.68,17402696949.801594,19622.0,12026295294.53641,1323.439208984375,1692.9000244140625,3.4579999446868896,21461.7,8795567.0,-0.0831,18600222.496318616,148290251208.0,240076960.0369605,,7617643.0,0.0005208823,0.602,7.437333333333334e-05
2022-10-04,20337.82,19629.08,20475.0,19490.6,20763070359.994045,20333.0,15931560832.40438,1362.1265869140625,1721.0999755859375,3.5179998874664307,21461.7,8795567.0,-0.0454,20357651.49830596,148065629143.0,254107431.7857408,,9098554.0,0.0005402428,0.642,0.0001
2022-10-05,20158.26,20337.82,20365.6,19730.0,18857916306.790287,20150.0,14444920350.12968,1352.837158203125,1711.4000244140625,3.532500028610229,21461.7,8759053.0,-0.0547,21996219.80125855,148022348683.0,272814728.9473646,,8181154.0,0.0005344543,0.578,0.0001
2022-10-06,19960.67,20158.26,20456.6,19853.0,20252989747.88409,19954.0,15747127411.81796,1351.70947265625,1711.699951171875,3.4749999046325684,21461.7,8759053.0,-0.0651,20017653.51191376,148084306312.0,247871668.31007487,,9033301.0,0.0005295301,0.611,0.0001
2022-10-07,19530.09,19960.67,20068.82,19320.0,17662506674.588116,19520.9,13256159671.11093,1332.5169677734375,1700.5,3.4124999046325684,21461.7,8759053.0,-0.087,21080520.47604307,148134434222.0,266578963.22682327,,7857362.0,0.0005200493,0.622,9.171e-05
2022-10-08,19417.96,19530.09,19627.38,19237.14,9772812966.965555,19406.2,4925720956.06823,1315.50048828125,1700.5,3.4124999046325684,21461.7,8759053.0,-0.0934,21306393.79616604,148314955929.0,272814728.9473646,,3358062.0,0.0005132605,0.563,5.114666666666666e-05
2022-10-09,19439.02,19416.52,19558.0,19316.04,9821631838.34316,19430.0,5194156496.34906,1322.604248046875,1700.5,3.4124999046325684,21461.7,8759053.0,-0.0926,19204518.532944005,148308687915.0,246312725.75750184,,3370823.0,0.0005168261,0.592,2.324333333333333e-05
2022-10-10,19131.87,19439.96,19525.0,19020.25,16286943299.994097,19124.0,10812283652.88902,1291.337646484375,1667.300048828125,3.4535000324249268,21461.7,8759053.0,-0.1077,20273155.991041742,148299364750.0,282818946.6660149,,6254934.0,0.0005109807,0.552,7.436666666666667e-05
2022-10-11,19060.0,19131.87,19268.09,18860.0,18258872281.90949,19055.0,11498533040.99648,1279.57568359375,1678.699951171875,3.477999925613404,21461.7,8759053.0,-0.114,18706908.3156336,148115510403.0,277924882.7693476,,6508756.0,0.0005048119,0.485,0.0001
2022-10-12,19155.53,19060.0,19238.31,18965.88,16529905291.217575,19148.0,7770793558.69373,1294.9063720703125,1670.300048828125,3.444499969482422,21461.7,8758969.0,-0.106,16366386.443056136,148016544693.0,242520438.89338887,,4773862.0,0.0005087433,0.515,0.0001
2022-10-13,19375.13,19155.1,19513.79,18190.0,28125829582.81096,19365.5,20803755671.58129,1288.1239013671875,1670.0,3.4674999713897705,21461.7,8758969.0,-0.0925,16906227.0074569,147507682090.0,253141772.82091248,,11745297.0,0.0005146026,0.557,7.133999999999999e-05
2022-10-14,19176.93,19375.58,19951.87,19070.37,23859242727.59171,19164.6,16828184593.54722,1297.422119140625,1641.699951171875,3.450500011444092,21461.7,8758969.0,-0.1041,19035428.52595654,147090907234.0,276154659.1735337,,9285398.0,0.0005075626,0.541,7.21e-05
2022-10-15,19069.39,19176.93,19227.68,18975.18,9844302581.888512,19060.4,4616795782.81949,1274.8717041015625,1641.699951171875,3.450500011444092,21461.7,8758969.0,-0.1102,18183923.73805718,146665786788.0,269073772.43763787,,2995986.0,0.0005050697,0.519,4.217333333333333e-05
2022-10-16,19262.98,19068.4,19425.84,19063.74,11063382537.204865,19251.9,5145257703.0476,1306.296630859375,1641.699951171875,3.450500011444092,21461.7,8758969.0,-0.099,17263078.48775347,146649046663.0,254911993.86760643,,3310547.0,0.0005095635,0.551,2.1966666666666668e-05
2022-10-17,19549.86,19262.98,19676.96,19152.03,15744560301.71518,19540.6,9769309074.28858,1331.713623046875,1657.0,3.4554998874664307,21461.7,8758969.0,-0.0815,18209193.415890835,146568433259.0,265533327.79513,,5565499.0,0.000516527,0.517,3.876333333333333e-05
2022-10-18,19327.44,19548.48,19706.66,19091.0,17953877863.943073,19320.9,12327590621.92813,1310.447021484375,1649.0,3.406500101089477,21461.7,8758969.0,-0.0941,17280378.312182505,146375527995.0,251371549.2250985,,6634478.0,0.0005102539,0.546,0.0001
2022-10-19,19123.97,19327.44,19360.16,19065.97,12845526863.54297,19116.7,7760139097.5399,1285.7442626953125,1627.5,3.3605000972747803,21461.7,8743922.0,-0.1054,18136978.31829193,146284731120.0,267303548.841824,,4701225.0,0.000507095,0.524,9.199333333333332e-05
2022-10-20,19041.92,19123.35,19347.82,18900.0,13949893391.737753,19034.7,10277064463.57478,1283.200927734375,1630.800048828125,3.450999975204468,21461.7,8743922.0,-0.1108,17331026.845788885,146192513290.0,256682214.9143004,,5714294.0,0.0005036802,0.57,6.038666666666667e-05
2022-10-21,19164.37,19041.92,19250.0,18650.0,16802519052.784649,19150.9,11058978810.26926,1299.9464111328125,1651.0,3.5230000019073486,21461.7,8743922.0,-0.1024,18576513.047277607,145793579384.0,276154659.1735337,,5831938.0,0.0005058766,0.499,2.767e-05
2022-10-22,19204.35,19164.37,19257.0,19112.72,7589870759.934833,19195.1,3337193018.901,1314.2991943359375,1651.0,3.5230000019073486,21461.7,8743922.0,-0.0997,16300314.640525302,145582793789.0,240750215.29757497,,2020983.0,0.000507037,0.581,3.9206666666666665e-05
2022-10-23,19570.4,19204.29,19695.0,19070.11,11174880289.961884,19560.7,6943907525.50088,1363.447021484375,1651.0,3.5230000019073486,21461.7,8743922.0,-0.0796,18684681.892759312,145647085357.0,274810664.8495725,,3703003.0,0.0005141933,0.506,3.499e-05
2022-10-24,19329.72,19570.4,19601.15,19157.0,15463198472.823765,19318.1,9216319528.28483,1344.99853515625,1648.699951171875,3.4795000553131104,21461.7,8743922.0,-0.092,16452415.265187591,145685546357.0,249031191.57743755,,4997757.0,0.0005106322,0.474,7.442666666666668e-05
2022-10-25,20080.07,19330.6,20415.87,19237.0,22059959540.824383,20068.3,15400549183.34802,1461.6654052734375,1652.800048828125,3.450500011444092,21461.7,8743922.0,-0.0513,15035462.209132127,145349154018.0,223395628.20390147,,8249206.0,0.0005309169,0.625,4.3933333333333335e-05
2022-10-26,20771.59,20079.02,21020.0,20050.41,26024649211.239326,20758.3,17352691191.05276,1566.566650390625,1664.0,3.629499912261963,21461.7,8723090.0,-0.0163,19963044.490285043,145239672119.0,283822315.5587801,,9185267.0,0.0005463521,0.533,4.676666666666667e-05
2022-10-27,20295.11,20771.61,20872.21,20200.0,20485709296.450657,20285.5,12645404154.35179,1514.3748779296875,1660.699951171875,3.625499963760376,21461.7,8723090.0,-0.0421,17376094.382303838,145408854503.0,247200081.0379568,,7394748.0,0.0005359063,0.639,-2.956666666666666e-06
2022-10-28,20591.84,20295.11,20750.0,20000.09,17257347537.54042,20582.8,12129765185.26634,1555.4779052734375,1639.5999755859375,3.4660000801086426,21461.7,8723090.0,-0.0256,20260705.189409822,145339765736.0,291146762.99030495,,6837288.0,0.0005415381,0.583,-1.0533333333333325e-06
2022-10-29,20809.67,20591.84,21085.0,20554.01,16204023448.212276,20796.7,10032159490.8777,1619.698486328125,1639.5999755859375,3.4660000801086426,21461.7,8723090.0,-0.0158,18582441.15020962,145503248971.0,261848975.90100643,,5626665.0,0.00054808,0.548,3.8146666666666665e-05
2022-10-30,20627.48,20809.68,20931.21,20515.0,12497648228.988825,20615.6,6114966321.62948,1590.7833251953125,1639.5999755859375,3.4660000801086426,21461.7,8723090.0,-0.0248,17482564.5227965,145601364670.0,247200081.0379568,,3776491.0,0.0005407203,0.699,1.944e-05
2022-10-31,20490.74,20627.48,20845.92,20237.95,19801493457.88981,20482.0,9815305143.42379,1572.7144775390625,1635.9000244140625,3.4135000705718994,21461.7,8723090.0,-0.0308,22181404.33546525,145740843672.0,316782326.36384094,,5791765.0,0.0005378583,0.584,1.637333333333333e-05
2022-11-01,20483.62,20490.74,20700.0,20330.74,21441560427.881203,20472.1,6448795091.82572,1579.70458984375,1645.0,3.509500026702881,21406.7,8723090.0,-0.0309,18457786.498733096,145353121753.0,263680086.4404872,,4004043.0,0.0005375434,0.488,3.1200000000000006e-06
2022-11-02,20151.84,20482.81,20800.0,20048.04,28340248282.38533,20140.1,13312093111.48019,1519.7117919921875,1645.699951171875,3.505500078201294,21406.7,8676870.0,-0.0477,15569837.046580778,145392677978.0,223395628.20390147,,7128825.0,0.0005274767,0.661,4.012e-05
2022-11-03,20207.82,20151.84,20393.32,20031.24,22633698200.14048,20199.7,7526916784.08875,1531.541748046875,1627.300048828125,3.4565000534057617,21406.7,8676870.0,-0.0449,20763060.11965802,145260160757.0,300302320.96131057,,4241085.0,0.0005300886,0.546,3.353333333333333e-05
2022-11-04,21148.52,20207.12,21302.05,20180.96,31182094793.655342,21137.6,17139316861.70927,1645.0933837890625,1672.5,3.714499950408936,21406.7,8676870.0,0.001,16751061.776011914,145384631560.0,236213409.89066955,,8250608.0,0.0005553417,0.645,4.1586666666666666e-05
2022-11-05,21299.37,21148.52,21480.65,21080.65,19359740017.570625,21289.9,6482077789.53821,1627.968017578125,1672.5,3.714499950408936,21406.7,8676870.0,0.0071,20141604.58334347,145567961467.0,276497868.12725526,,4113962.0,0.000558081,0.578,6.316666666666667e-05
2022-11-06,20905.58,21299.37,21365.27,20886.13,17531750941.469078,20900.0,5867597250.95476,1572.2347412109375,1672.5,3.714499950408936,21406.7,8676870.0,-0.0087,18156191.676309943,145603069949.0,250862304.7537192,,3270784.0,0.0005535201,0.599,7.696333333333332e-05
2022-11-07,20591.13,20905.58,21069.77,20384.89,26567358359.197765,20578.6,11501587222.14423,1568.59130859375,1676.5,3.629499912261963,21406.7,8676870.0,-0.0245,18667525.73698353,146010009605.0,263168681.007737,,5698732.0,0.0005354198,0.613,9.271e-05
2022-11-08,18547.23,20590.67,20700.88,17166.83,56384468536.22727,18534.0,39317019209.93521,1332.8355712890625,1712.0999755859375,3.705499887466431,21406.7,8676870.0,-0.1354,19613585.397823047,146993704011.0,297875785.7478076,,20183788.0,0.0004827055,0.479,5.057666666666666e-05
2022-11-09,15922.81,18545.38,18587.76,15588.0,54667934157.20334,15905.0,35439309964.8887,1100.1697998046875,1710.0999755859375,3.741499900817871,21406.7,8678886.0,-0.3263,15989302.17926279,147256809778.0,272291362.9163776,,22534517.0,0.000414559,0.528,-0.00013185
2022-11-10,17601.15,15922.68,18199.0,15754.26,39155194739.08572,17588.0,25510406114.43922,1299.464599609375,1750.300048828125,3.796000003814697,21406.7,8678886.0,-0.1906,15600672.981290763,145506489356.0,268636444.99309605,,17840762.0,0.0004660597,0.466,-0.00084986
2022-11-11,17070.31,17602.45,17695.0,16361.6,29702821662.867973,17058.3,16277121145.55291,1287.2210693359375,1766.0,3.950999975204468,21406.7,8678886.0,-0.2325,14261620.452767497,145999235593.0,244879482.43907723,,12235683.0,0.0004420479,0.578,-0.0001084366666666
2022-11-12,16812.08,17069.98,17119.1,16631.39,19718023620.496857,16806.9,5128002410.89517,1255.268310546875,1766.0,3.950999975204468,21406.7,8678886.0,-0.2401,17553192.69032397,145887113216.0,305185621.59437066,,4618446.0,0.0004398583,0.436,3.1383333333333335e-05
2022-11-13,16329.85,16813.16,16954.28,16229.0,17371293325.226234,16321.2,5801587266.16716,1221.8192138671875,1766.0,3.950999975204468,21406.7,8678886.0,-0.2734,13383763.311439252,145218471298.0,235742186.31510308,,4794317.0,0.0004289393,0.426,-1.4026666666666667e-05
2022-11-14,16619.46,16331.78,17190.0,15815.21,28771564927.16023,16605.2,15414723480.12307,1241.604248046875,1773.5999755859375,3.8550000190734863,21406.7,8678886.0,-0.2479,12645325.358345956,145042955456.0,224777435.1767992,,11306187.0,0.0004278638,0.546,-4.195333333333334e-05
2022-11-15,16900.57,16617.72,17134.69,16527.72,18887214897.96991,16888.3,10938869739.93734,1251.7362060546875,1773.800048828125,3.839499950408936,21406.7,8678886.0,-0.229,16304288.589189269,144884182956.0,283256116.68622214,,7742990.0,0.0004394414,0.524,-8.771333333333333e-05
2022-11-16,16662.76,16900.57,17015.92,16378.61,17980236301.741703,16650.6,8944296635.42915,1215.6025390625,1773.0,3.788000106811523,21406.7,8625620.0,-0.2406,15614816.357775684,144900892337.0,274118823.1937887,,6572825.0,0.0004326706,0.485,-6.237333333333334e-05
2022-11-17,16692.56,16661.61,16751.0,16410.74,16530950744.14367,16682.1,6784537154.32738,1200.80859375,1760.800048828125,3.689500093460083,21406.7,8625620.0,-0.2342,14308553.658839673,144487426641.0,252189315.6540996,,4685537.0,0.0004346225,0.489,-4.127e-05
2022-11-18,16700.45,16692.56,17011.0,16546.04,16415706295.093077,16689.7,6506820289.13927,1212.30029296875,1751.9000244140625,3.631999969482422,21406.7,8625620.0,-0.2217,14541979.15203249,144096181023.0,254016775.9315107,,4357462.0,0.0004338593,0.52,1.7233333333333337e-06
2022-11-19,16700.68,16699.43,16822.41,16553.53,11095932257.95616,16692.9,2861333541.4962,1218.4267578125,1751.9000244140625,3.631999969482422,21406.7,8625620.0,-0.2186,15278242.179017384,144327818220.0,268636444.99309605,,2122725.0,0.0004350566,0.515,4.094666666666667e-05
2022-11-20,16280.23,16700.68,16753.33,16180.0,15215737668.505518,16272.6,5406658335.48391,1142.4666748046875,1751.9000244140625,3.631999969482422,21406.7,8625620.0,-0.2513,15406552.063268378,144299328169.0,272422405.82229453,,3505920.0,0.0004230953,0.435,5.98e-06
2022-11-21,15781.29,16279.5,16319.0,15476.0,24853864530.00713,15773.0,12615525683.34995,1108.35302734375,1737.4000244140625,3.571500062942505,21406.7,8625620.0,-0.286,12885708.197492149,144367982011.0,236949653.0891525,,7865452.0,0.0004093729,0.437,2.994e-05
2022-11-22,16226.94,15781.29,16315.0,15616.63,21814559166.17701,16220.6,9247607752.32879,1135.1734619140625,1738.300048828125,3.614500045776367,21406.7,8625620.0,-0.2531,12560770.835570026,143511938135.0,231439196.90173665,,6310827.0,0.0004202127,0.502,8.096666666666667e-06
2022-11-23,16603.11,16227.96,16706.0,16160.2,22585406933.03461,16595.8,9010060479.37584,1183.1995849609375,1744.9000244140625,3.617500066757202,21406.7,8621390.0,-0.2233,14517117.573432636,143490296292.0,258991483.12885457,,6162241.0,0.0004286724,0.462,6.338666666666667e-05
2022-11-24,16598.95,16603.11,16812.63,16458.05,18029047943.22868,16592.4,5829469816.57378,1203.983154296875,1744.9000244140625,3.617500066757202,21406.7,8621390.0,-0.2219,13378566.170994395,142891062478.0,236949653.0891525,,4168425.0,0.000431275,0.44,4.568e-05
2022-11-25,16522.14,16599.55,16666.0,16342.81,13320412281.389832,16516.1,5053312513.9595,1198.9259033203125,1753.300048828125,3.626499891281128,21406.7,8621390.0,-0.2255,12667835.520216564,143112788176.0,225928740.7143208,,3423011.0,0.0004290347,0.389,1.2826666666666664e-05
2022-11-26,16458.57,16521.35,16701.99,16385.0,12108092315.933935,16449.2,4194530429.9317,1205.89794921875,1753.300048828125,3.626499891281128,21406.7,8621390.0,-0.2304,11274221.64790456,142756642497.0,200213272.3346683,,2900908.0,0.0004259475,0.487,1.6423333333333333e-05
2022-11-27,16428.78,16457.61,16600.0,16401.0,11261045085.47441,16422.6,3128892691.8766,1195.126953125,1753.300048828125,3.626499891281128,21406.7,8621390.0,-0.23835,14052615.381889224,142978354993.0,249807385.956469,,2253781.0,0.0004300736,0.493,5.936666666666664e-06
2022-11-28,16212.91,16428.77,16487.04,15995.27,16969851781.198244,16204.5,8055102077.13727,1170.086181640625,1740.0999755859375,3.61050009727478,21406.7,8621390.0,-0.2463,14079124.233261526,142955653873.0,255317844.78890425,,5248564.0,0.0004206636,0.473,9.533333333333334e-06
2022-11-29,16442.53,16212.18,16548.71,16100.0,16112651849.40344,16433.2,6420893173.50274,1216.9012451171875,1748.4000244140625,3.630000114440918,21406.7,8621390.0,-0.2283,13418988.908145463,141918243373.0,240623291.4291028,,4140295.0,0.000427102,0.522,2.8486666666666663e-05
2022-11-30,17163.64,16442.91,17249.0,16428.3,20615182606.659904,17153.3,10484678949.19782,1295.6885986328125,1746.0,3.7295000553131104,21406.7,8584576.0,-0.1754,14577928.989959411,141295586476.0,253481024.2964193,,6268077.0,0.0004425291,0.573,5.6510000000000006e-05
2022-12-01,16977.37,17165.53,17324.0,16855.01,17154735455.123549,16970.5,7012379504.74513,1276.27392578125,1801.0999755859375,3.813999891281128,21290.9,8584576.0,-0.1897,16298386.300691502,141118908989.0,281033310.52353734,,4243775.0,0.0004392506,0.473,2.0093333333333336e-05
2022-12-02,17092.74,16978.0,17105.73,16787.85,15155877009.620222,17083.0,5677269598.4332,1294.3033447265625,1795.9000244140625,3.848000049591065,21290.9,8584576.0,-0.1811,13247827.771311138,140961843705.0,229602379.0542712,,3596645.0,0.0004413056,0.493,2.425e-05
2022-12-03,16885.2,17092.13,17188.98,16858.74,12978333118.376669,16879.5,3142125597.7286,1243.3348388671875,1795.9000244140625,3.848000049591065,21290.9,8584576.0,-0.193,13894815.355427949,141219846971.0,240623291.4291028,,2192010.0,0.0004372052,0.535,6.141666666666666e-05
2022-12-04,17105.7,16885.2,17202.84,16878.25,13379330025.784595,17099.5,4972708169.3658,1280.256591796875,1795.9000244140625,3.848000049591065,21290.9,8584576.0,-0.1769,14895522.639448771,141387010836.0,257154662.63636968,,3045097.0,0.000442287,0.555,5.7306666666666665e-05
2022-12-05,16966.35,17106.65,17424.25,16867.0,15685198323.89712,16958.3,8927523671.51991,1259.6767578125,1767.4000244140625,3.7894999980926514,21290.9,8584576.0,-0.1839,15678819.495324174,141501518333.0,268175577.6562208,,5348288.0,0.0004379283,0.519,1.4633333333333324e-06
2022-12-06,17088.96,16966.35,17107.01,16906.37,13849087288.485737,17078.6,5459567210.6866,1271.65380859375,1769.300048828125,3.811500072479248,21290.9,8584576.0,-0.1759,14345543.975435596,141254833285.0,230616963.69146737,,3533230.0,0.0004385046,0.654,2.8763333333333333e-05
2022-12-07,16836.64,17088.96,17142.21,16678.83,13296123476.328823,16828.0,5692590254.44704,1232.4375,1785.5,3.8554999828338623,21290.9,8582735.0,-0.1912,18137206.388589032,141123057709.0,292794731.64825046,,3349134.0,0.0004349438,0.652,2.351e-05
2022-12-08,17224.1,16836.64,17299.0,16733.49,13806789538.290997,17216.0,6833210695.12541,1281.1163330078125,1788.699951171875,3.880500078201294,21290.9,8582735.0,-0.1642,17708516.481108077,140958965177.0,284283257.4040977,,3765362.0,0.0004441949,0.592,1.1673333333333334e-05
2022-12-09,17128.56,17224.1,17360.0,17058.21,13541605933.7672,17122.0,4985683348.1939,1264.2847900390625,1798.0999755859375,3.875999927520752,21290.9,8582735.0,-0.1696,16324973.843696397,140888652313.0,258748834.6716393,,2951155.0,0.0004417619,0.601,2.794333333333333e-05
2022-12-10,17127.49,17128.56,17227.72,17092.0,8596820930.376608,17120.0,2433765605.0113,1266.3841552734375,1798.0999755859375,3.875999927520752,21290.9,8582735.0,-0.1704,16515570.333219456,140823262370.0,262153422.4082566,,1624595.0,0.0004417983,0.574,-2.15e-06
2022-12-11,17085.05,17127.49,17270.99,17071.0,9479286204.084385,17077.3,2932155202.0391,1263.8685302734375,1798.0999755859375,3.875999927520752,21290.9,8582735.0,-0.172,15764141.807554638,140873964494.0,250237357.9761817,,1876533.0,0.0004409928,0.564,8.313333333333334e-06
2022-12-12,17209.83,17085.05,17241.89,16871.85,12969641506.00648,17200.0,5711628347.72763,1274.6190185546875,1780.5,3.798500061035156,21290.9,8582735.0,-0.1648,15204572.774942929,140976654324.0,243428180.0516424,,3192941.0,0.0004419422,0.674,1.1246666666666669e-05
2022-12-13,17774.7,17208.93,18000.0,17080.14,18175693035.33645,17777.1,10490862496.70048,1320.5491943359375,1813.9000244140625,3.839499950408936,21290.9,8582735.0,-0.1265,18039601.544476874,140635844225.0,280878667.2161756,,5427245.0,0.0004576247,0.607,4.991333333333333e-05
2022-12-14,17803.15,17775.82,18387.95,17660.94,17562707181.27354,17803.9,11268618570.91463,1309.3287353515625,1807.5,3.875,21290.9,8583413.0,-0.1233,16568888.22941134,140293745314.0,251939654.2957952,,5847063.0,0.0004588209,0.557,0.0001
2022-12-15,17356.34,17804.01,17854.82,17275.51,14384601295.200195,17351.8,7667339751.05844,1266.3538818359375,1777.199951171875,3.763000011444092,21290.9,8583413.0,-0.153,15253898.933857616,140030225524.0,236618999.6757982,,4329019.0,0.0004466595,0.5,8.393333333333333e-05
2022-12-16,16632.12,17356.96,17531.73,16527.32,16323624335.443815,16624.1,10567832471.04395,1168.2593994140625,1790.0,3.7614998817443848,21290.9,8583413.0,-0.2034,13873399.55750512,140073082624.0,221298345.05580127,,5741690.0,0.0004304338,0.538,2.8536666666666667e-05
2022-12-17,16776.52,16631.5,16796.82,16579.85,9940037554.27409,16768.0,4146359913.8303,1188.1495361328125,1790.0,3.7614998817443848,21290.9,8583413.0,-0.191,14408582.713147491,139613898546.0,234916703.3561848,,2898314.0,0.0004303614,0.566,6.51e-05
2022-12-18,16738.21,16777.54,16863.26,16663.07,7650592204.285263,16730.3,3110497440.0705,1184.7152099609375,1790.0,3.7614998817443848,21290.9,8583413.0,-0.1907,15164461.037687922,139771304270.0,246832767.78825969,,2004888.0,0.0004309353,0.522,4.151666666666666e-05
2022-12-19,16438.88,16739.0,16815.99,16256.3,17298219699.284462,16429.2,5726008366.05374,1167.60986328125,1787.699951171875,3.7829999923706055,21290.9,8583413.0,-0.2143,14169583.241925716,139804535074.0,234239565.5288072,,3575699.0,0.0004205193,0.554,4.819e-05
2022-12-20,16895.56,16438.88,17061.27,16397.2,15817140316.588614,16887.2,7997345166.42257,1217.70361328125,1815.9000244140625,3.797499895095825,21290.9,8583413.0,-0.1798,14702197.953331152,139460895092.0,246114014.5930937,,4599040.0,0.0004331589,0.565,3e-05
2022-12-21,16824.67,16896.15,16925.0,16723.0,10503401574.728436,16819.6,3830411850.77234,1213.5999755859375,1815.9000244140625,3.805999994277954,21290.9,8564411.0,-0.186,15042619.979300084,139193694867.0,251387888.0340677,,2510047.0,0.0004305528,0.535,6.367333333333335e-05
2022-12-22,16821.43,16824.68,16868.52,16559.85,12447827077.780527,16815.5,5129865155.4518,1218.18212890625,1787.0,3.751499891281128,21290.9,8564411.0,-0.1846,14158406.090604387,138974775015.0,237324228.9000814,,3034526.0,0.0004309597,0.524,6.094333333333333e-05
2022-12-23,16778.5,16821.9,16955.14,16731.13,12180376808.487823,16776.4,4451798691.0348,1220.159423828125,1795.9000244140625,3.802999973297119,21290.9,8564411.0,-0.1864,13887534.077563902,138827363174.0,232050357.9905657,,2567928.0,0.0004307092,0.356,9.634333333333334e-05
2022-12-24,16836.12,16778.52,16869.99,16776.62,8260448974.218075,16828.9,1386327837.9178,1221.1485595703125,1795.9000244140625,3.802999973297119,21290.9,8564411.0,-0.1822,9363990.68762184,138315572588.0,156458196.4740352,,1018775.0,0.0004314725,0.565,6.99e-05
2022-12-25,16832.11,16835.73,16857.96,16721.0,9416440351.686165,16824.4,2419698734.4932,1218.9620361328125,1795.9000244140625,3.802999973297119,21290.9,8564411.0,-0.1824,14822566.611549802,138366922989.0,247871973.2505712,,1492548.0,0.0004310116,0.52,1.812e-05
2022-12-26,16919.39,16832.11,16944.52,16791.0,9654124667.749449,16912.9,2495552248.1392,1226.974365234375,1795.9000244140625,3.802999973297119,21290.9,8564411.0,-0.1784,13585020.810183246,138373010658.0,226776484.54959163,,1549844.0,0.0004312811,0.461,3.753333333333332e-06
2022-12-27,16706.36,16919.39,16972.83,16592.37,11927815395.351751,16698.2,4408009231.4954,1212.7916259765625,1814.800048828125,3.8334999084472656,21290.9,8564411.0,-0.1906,12073574.349748276,138370292377.0,202165083.596574,,2490702.0,0.000427372,0.668,3.902666666666667e-05
2022-12-28,16547.31,16706.06,16785.19,16465.33,11858706912.668056,16539.0,5727799258.57904,1189.986083984375,1807.9000244140625,3.8320000171661377,21290.9,8551169.0,-0.2005,17461413.577077188,137923364074.0,295336819.03058743,,3018764.0,0.000422362,0.566,5.375666666666666e-05
2022-12-29,16633.47,16547.32,16664.41,16488.91,9911605478.823238,16630.3,3460146192.0415,1201.5953369140625,1819.5,3.821000099182129,21290.9,8551169.0,-0.1926,14617401.955821311,137980934806.0,247871973.2505712,,2067754.0,0.000425396,0.634,9.505666666666667e-05
2022-12-30,16607.48,16633.47,16677.35,16333.0,10529150562.754122,16601.2,4881195596.8533,1199.2327880859375,1819.699951171875,3.805500030517578,21290.9,8551169.0,-0.1948,16329051.546256714,137897915812.0,277757245.11310446,,2604104.0,0.0004240152,0.625,9.044e-05
2022-12-31,16542.4,16607.48,16644.09,16470.0,7384773654.856688,16537.6,2227238361.6692,1196.771240234375,1819.699951171875,3.805500030517578,21290.9,8551169.0,-0.1973,16147703.084334567,137772999332.0,274241330.329608,,1482044.0,0.0004227189,0.626,0.0001
2023-01-01,16616.75,16541.77,16628.0,16499.01,6458333252.402857,16610.3,1746449849.7392,1200.96484375,1819.699951171875,3.805500030517578,21279.9,8551169.0,-0.1911999999999999,16036156.918076646,137643649043.0,272483374.2035889,,1215660.0,0.0004240354,0.635,6.897e-05
2023-01-02,16672.87,16617.17,16799.23,16548.7,8423106671.053968,16666.0,3591354304.35244,1214.6566162109375,1819.699951171875,3.805500030517578,21279.9,8551169.0,-0.1851,16274681.843133982,137741379488.0,274241330.329608,,2032059.0,0.0004263177,0.628,-1.0580000000000002e-05
2023-01-03,16675.18,16672.78,16778.4,16605.28,9606633378.99632,16667.2,3387368709.5144,1214.77880859375,1839.699951171875,3.766000032424927,21279.9,8551169.0,-0.1859,16061762.475623868,137736452932.0,261567697.33085105,,2003054.0,0.0004254941,0.591,7.433e-05
2023-01-04,16850.36,16675.65,16991.87,16652.66,12703462811.121334,16842.1,5888326801.78923,1256.526611328125,1852.800048828125,3.739500045776367,21279.9,8507429.0,-0.1728,15041370.429797946,137395117407.0,242356483.0955473,,3209875.0,0.0004295177,0.65,4.936e-05
2023-01-05,16831.85,16850.36,16879.82,16753.0,9475767768.560942,16823.8,2966302291.7523,1250.4385986328125,1834.800048828125,3.818000078201294,21279.9,8507429.0,-0.174,16512391.553166496,137340594438.0,266083690.58224788,,1794352.0,0.0004293665,0.753,5.7056666666666665e-05
2023-01-06,16950.65,16831.85,17041.0,16679.0,11772383809.475763,16943.8,5333655035.26937,1269.3790283203125,1864.199951171875,3.908499956130981,21279.9,8507429.0,-0.1641,18944026.657312896,137058845427.0,305064103.230472,,2794371.0,0.0004323091,0.645,6.945333333333333e-05
2023-01-07,16943.57,16950.31,16981.91,16908.0,6498502372.911807,16936.5,1320072681.1707,1264.2703857421875,1864.199951171875,3.908499956130981,21279.9,8507429.0,-0.1604499999999999,16300252.75304425,136736597753.0,260999287.23473144,,912259.0,0.0004315956,0.646,4.393e-05
2023-01-08,17127.83,16943.83,17176.99,16911.0,8770435173.484863,17124.7,2677202628.9964,1287.3594970703125,1864.199951171875,3.908499956130981,21279.9,8507429.0,-0.1568,16206917.27581268,136861755421.0,259304487.7459012,,1546829.0,0.0004321228,0.648,7.703e-05
2023-01-09,17178.26,17127.83,17398.8,17104.66,16334440737.91951,17169.7,6899176604.98138,1321.5389404296875,1872.699951171875,4.018499851226807,21279.9,8507429.0,-0.1484,16374123.08462384,136817408496.0,257609688.25707093,,3724825.0,0.0004382101,0.733,2.0116666666666667e-05
2023-01-10,17440.66,17179.04,17499.0,17146.34,12388369949.66824,17428.8,5146868921.9222,1336.5860595703125,1871.5999755859373,4.066999912261963,21279.9,8507429.0,-0.1313,18267331.520063423,136586952694.0,286421296.6507751,,2840039.0,0.0004436616,0.654,5.077e-05
2023-01-11,17943.26,17440.64,18000.0,17315.6,14542778147.178186,17935.7,6776699165.64645,1387.9327392578125,1874.5999755859373,4.1545000076293945,21279.9,8508587.0,-0.1051,16071146.647588655,136762232215.0,249135683.4913812,,3505293.0,0.0004470008,0.712,1.6756666666666665e-05
2023-01-12,18846.62,17943.26,19117.04,17892.05,30164940758.670555,18838.0,19148363107.05267,1417.9384765625,1895.5,4.185999870300293,21279.9,8508587.0,-0.045,17348499.422461465,136819315523.0,255914886.32772788,,9512020.0,0.0004807284,0.792,9.183e-05
2023-01-13,19930.01,18846.62,20000.0,18714.12,25403243463.33183,19924.2,15537710427.37066,1451.6148681640625,1918.4000244140625,4.207499980926514,21279.9,8508587.0,0.0067,19042975.03667549,136922671961.0,269473292.0004212,,8033488.0,0.0005054364,0.903,9.053333333333332e-05
2023-01-14,20954.92,19930.01,21258.0,19888.05,34600062389.15457,20962.8,20998726724.36468,1550.7069091796875,1918.4000244140625,4.207499980926514,21279.9,8508587.0,0.0601,22212831.108924944,136667609070.0,289810898.0689484,,11773808.0,0.0005325366,0.857,0.00021531
2023-01-15,20871.5,20952.76,21050.74,20551.01,18183301376.92808,20882.7,8913057374.28152,1552.4794921875,1918.4000244140625,4.207499980926514,21279.9,8508587.0,0.0539,21184966.1942309,136864852683.0,281119760.7470869,,5701962.0,0.0005311116,0.787,0.0001534599999999
2023-01-16,21185.65,20872.99,21474.05,20611.48,23799295782.920265,21188.3,14032617401.17082,1576.83349609375,1918.4000244140625,4.207499980926514,21279.9,8508587.0,0.0671,19336707.800831545,137014702528.0,274688842.3501408,,8506012.0,0.0005376124,0.837,0.0001
2023-01-17,21134.81,21185.65,21647.45,20841.31,23202567510.199924,21130.9,11615613152.77241,1567.8460693359375,1907.199951171875,4.215000152587891,21279.9,8508587.0,0.0665,20667792.728565183,136957429023.0,291506526.63057446,,6948060.0,0.0005395922,0.736,0.0001
2023-01-18,20677.47,21132.29,21650.0,20407.15,27635183217.16548,20680.0,17129538788.44014,1515.5069580078125,1904.4000244140625,4.228499889373779,21279.9,8489039.0,0.0456,18405209.660380755,136490229769.0,261608421.54211783,,9893128.0,0.0005270141,0.778,0.0001
2023-01-19,21071.59,20677.47,21192.0,20659.19,19602177240.717968,21068.3,7822342459.57356,1552.5565185546875,1922.0999755859373,4.226500034332275,21279.9,8489039.0,0.0622,18914859.79730537,136400569064.0,270951578.87773,,4745272.0,0.0005335637,0.764,0.0001
2023-01-20,22667.21,21071.59,22755.93,20861.28,25525102484.616325,22661.1,15661806602.12429,1659.754150390625,1926.4000244140625,4.248499870300293,21279.9,8489039.0,0.127,17776956.74605968,136349714232.0,246659370.34330428,,7983797.0,0.0005718623,0.804,0.0001
2023-01-21,22783.55,22666.0,23371.8,22422.0,28605175647.16476,22781.9,17543885761.9696,1627.1181640625,1926.4000244140625,4.248499870300293,21279.9,8489039.0,0.12775,19764514.72078034,136513317637.0,257871158.06970707,,9343956.0,0.0005832249,0.878,0.0001
2023-01-22,22707.88,22783.35,23078.71,22292.37,21586732237.125267,22704.6,10978562431.79006,1628.382080078125,1926.4000244140625,4.248499870300293,21279.9,8489039.0,0.1285,21493143.20418477,136811494039.0,282163369.29496235,,6466851.0,0.0005704066,0.928,0.0001
2023-01-23,22916.45,22706.02,23180.0,22500.0,22763118250.40203,22913.1,12012842979.87915,1628.2510986328125,1927.0999755859373,4.254000186920166,21279.9,8489039.0,0.1263,22542221.062041648,136877618980.0,295243790.10298526,,6857023.0,0.0005791671,0.748,0.0001
2023-01-24,22632.89,22917.81,23162.2,22462.93,22820938581.7284,22627.4,11572452898.66944,1556.604248046875,1933.9000244140625,4.245500087738037,21279.9,8489039.0,0.1241,18479482.53396292,136739957133.0,241053473.7892733,,6390619.0,0.0005757017,1.039,0.0001
2023-01-25,23060.94,22631.94,23816.73,22300.0,25991599102.63353,23060.6,15838682593.16114,1611.7110595703125,1941.199951171875,4.239999771118164,21279.9,8470557.0,0.1425,24971803.8449549,136736133474.0,327010528.27306205,,8495037.0,0.0005788329,0.917,0.0001
2023-01-26,23009.65,23060.42,23282.47,22850.01,22511133874.323414,23001.9,9860266068.50203,1603.10595703125,1929.0999755859373,4.267000198364258,21279.9,8470557.0,0.1393,22339748.908712387,137048839889.0,289637896.2397839,,5869372.0,0.0005809819,0.914,0.0001
2023-01-27,23074.16,23009.65,23500.0,22534.88,21496152099.37464,23068.0,11736116589.73221,1598.156494140625,1928.5999755859373,4.223999977111816,21279.9,8470557.0,0.1421,22139743.47592356,137202723373.0,287769263.1581637,,6394331.0,0.0005820529,0.996,9.847e-05
2023-01-28,23022.6,23074.16,23189.0,22878.46,13533535888.922552,23015.9,4287806004.0492,1572.43505859375,1928.5999755859373,4.223999977111816,21279.9,8470557.0,0.1397,24186032.99206112,137029704146.0,313930107.46503913,,2882297.0,0.0005792798,0.988,0.0001
2023-01-29,23742.3,23021.4,23960.54,22967.76,24188285318.59542,23740.3,13203229115.48447,1646.1556396484375,1928.5999755859373,4.223999977111816,21279.9,8470557.0,0.1671,23598820.84494837,137175645380.0,311438925.8972278,,7259724.0,0.0005977553,0.813,0.0001
2023-01-30,22826.15,23743.37,23800.51,22500.0,24663398246.15655,22819.9,13260710938.80389,1567.3265380859375,1922.9000244140625,4.203499794006348,21279.9,8470557.0,0.1315,20010671.876959607,137128516206.0,269948141.5759668,,7403792.0,0.0005707542,0.689,0.0001
2023-01-31,23125.13,22827.38,23320.0,22714.77,20789365910.653435,23119.4,9282622250.26382,1586.535400390625,1929.5,4.228499889373779,21279.9,8470557.0,0.1435,16532054.983507764,136823107512.0,224956785.116114,,5396511.0,0.0005829954,0.843,0.0001
2023-02-01,23732.66,23125.13,23812.66,22760.23,22996091867.25645,23730.0,13276728610.62969,1641.792724609375,1927.800048828125,4.111000061035156,21243.7,8433610.0,0.164,19877114.686644204,136874211246.0,267991996.8676472,,7137902.0,0.0005961805,0.886,0.0001
2023-02-02,23488.94,23731.41,24255.0,23363.27,27626035389.582336,23493.1,14672020690.5787,1643.2415771484375,1916.300048828125,4.093999862670898,21243.7,8433610.0,0.156,21584265.945363723,136839506640.0,283641162.9847545,,8195507.0,0.0005925671,0.812,0.0001
2023-02-03,23431.9,23489.33,23715.7,23204.62,23562543529.05593,23424.7,11047679446.9572,1664.74560546875,1862.9000244140625,4.063000202178955,21243.7,8433610.0,0.1536,19511022.379519884,137110506552.0,260167412.4006684,,6187514.0,0.0005880506,0.828,0.0001
2023-02-04,23326.84,23431.9,23587.78,23253.96,14209566114.529743,23322.6,4613381157.5632,1667.0592041015625,1862.9000244140625,4.063000202178955,21243.7,8433610.0,0.15,19880091.63795048,136840254598.0,266035849.3424773,,2925813.0,0.0005877655,0.911,0.0001
2023-02-05,22932.91,23327.66,23433.33,22743.0,17519738886.311188,22929.2,8235110913.12042,1631.6458740234375,1862.9000244140625,4.063000202178955,21243.7,8433610.0,0.1353,22009488.970298734,136861413080.0,297334187.2103925,,4617998.0,0.0005764172,0.881,0.0001
2023-02-06,22762.52,22932.91,23158.25,22628.13,22030405092.89628,22757.7,9551236526.98696,1616.2470703125,1866.199951171875,4.043499946594238,21243.7,8433610.0,0.1272,21190257.019988403,136902052790.0,289509602.7434137,,5303508.0,0.0005734783,0.866,0.0001
2023-02-07,23240.46,22762.52,23350.25,22745.78,24053599620.83124,23234.1,10297159070.8913,1672.0035400390625,1871.699951171875,4.088500022888184,21243.7,8433610.0,0.1465,20423816.063565526,136806552876.0,277772726.0429456,,5589756.0,0.0005821582,0.832,0.0001
2023-02-08,22963.0,23242.42,23452.0,22665.85,24823674236.678043,22955.9,8824616946.18832,1650.716796875,1877.4000244140625,4.043499946594238,21243.7,8435369.0,0.1342,19897614.808811747,136643131937.0,269948141.5759668,,4835004.0,0.0005749363,0.931,0.0001
2023-02-09,21796.35,22961.85,23011.39,21688.0,34891199647.041,21793.4,16381601662.80056,1546.438232421875,1866.199951171875,4.105500221252441,21243.7,8435369.0,0.0901,22661759.27213637,136515656094.0,316895645.56098926,,8215461.0,0.0005457129,0.839,0.0001
2023-02-10,21625.19,21797.83,21938.16,21451.0,30174775531.568165,21618.6,9560010537.24584,1514.869140625,1862.800048828125,4.027500152587891,21243.7,8435369.0,0.0821,19993111.39206081,136372348048.0,287553455.218244,,5511384.0,0.0005401029,0.856,0.0001
2023-02-11,21862.55,21625.19,21906.32,21599.78,18126499275.36605,21851.3,4107550899.473,1539.9267578125,1862.800048828125,4.027500152587891,21243.7,8435369.0,0.0924,20089405.55318205,136384786839.0,289509602.7434137,,2183234.0,0.0005453282,0.936,6.165666666666668e-05
2023-02-12,21783.54,21862.02,22090.0,21630.0,20013284626.22783,21771.1,6050172252.9127,1515.03369140625,1862.800048828125,4.027500152587891,21243.7,8435369.0,0.0886,22134428.602876,136375826781.0,315851203.95835894,,3091472.0,0.000544412,0.904,5.8710000000000005e-05
2023-02-13,21773.97,21782.37,21894.99,21351.07,26179901912.047085,21766.2,11064385171.50844,1507.1658935546875,1851.9000244140625,4.086999893188477,21243.7,8435369.0,0.0898,21138715.657943446,136327642209.0,303650130.99469703,,5355882.0,0.000540401,0.912,6.132333333333333e-05
2023-02-14,22199.84,21774.63,22319.08,21532.77,27342037794.4934,22187.4,13138446771.27616,1556.8751220703125,1854.0,4.110000133514404,21243.7,8435369.0,0.1071,21116882.28952816,136404028569.0,299757180.2739148,,5904782.0,0.0005540177,1.059,9.629e-05
2023-02-15,24324.05,22199.84,24380.0,22047.28,33754020993.04728,24332.6,19105717014.29069,1673.7459716796875,1834.199951171875,4.052000045776367,21243.7,8384767.0,0.1828,23456245.40005504,136282074227.0,317275457.1159728,,7973381.0,0.0006052233,1.138,4.692666666666667e-05
2023-02-16,23517.72,24322.87,25250.0,23505.25,40358824246.9763,23526.6,23594991207.78344,1640.067626953125,1842.0,4.165500164031982,21243.7,8384767.0,0.1632,27460763.09096985,135903273153.0,348419062.8822308,,10143537.0,0.000599487,1.089,0.0001439033333333
2023-02-17,24569.97,23517.72,25021.11,23339.37,40531109786.87071,24581.5,22269729549.78749,1694.7833251953125,1840.4000244140625,4.113999843597412,21243.7,8384767.0,0.1921,24871807.48928865,136036739173.0,321168407.83675504,,9827460.0,0.0006132468,1.111,0.0001
2023-02-18,24631.95,24568.24,24877.0,24430.0,22963622410.1243,24636.9,6441713215.92101,1691.8194580078125,1840.4000244140625,4.113999843597412,21243.7,8384767.0,0.1929,25853428.946901526,135976064404.0,327007835.31939054,,3657080.0,0.0006130708,1.061,0.0001
2023-02-19,24271.76,24632.05,25192.0,24192.57,28276083267.67053,24265.9,13409130913.30667,1681.4361572265625,1840.4000244140625,4.113999843597412,21243.7,8384767.0,0.1839,24944535.46916166,135980063528.0,315328983.1570438,,5849140.0,0.0006090027,0.982,0.0001
2023-02-20,24842.2,24272.51,25121.23,23840.83,31717375017.63623,24849.9,15954258831.2622,1702.6751708984375,1840.4000244140625,4.113999843597412,21243.7,8384767.0,0.1979,22661101.77806017,136027543649.0,286131854.15263903,,7339326.0,0.000615187,1.098,0.0001
2023-02-21,24452.16,24843.89,25250.0,24148.34,34322042914.93713,24443.4,17996162952.26349,1658.036376953125,1833.0,4.234499931335449,21243.7,8384767.0,0.1847,25757881.6044477,135709536916.0,325061358.55753726,,7920107.0,0.0006050508,0.913,0.0001
2023-02-22,24182.21,24450.67,24476.05,23574.69,32874531172.410828,24171.3,17500937832.07492,1643.231689453125,1832.0,4.202499866485596,21243.7,8382190.0,0.1769,21015410.758614764,135476130605.0,272506528.0313633,,8159242.0,0.0005977281,1.105,0.0001
2023-02-23,23940.2,24182.21,24599.59,23608.0,33426527074.609795,23928.8,18066676937.66089,1651.0738525390625,1818.0,4.072999954223633,21243.7,8382190.0,0.168,25741155.32912668,135219631900.0,332847259.99910176,,8196373.0,0.0005908166,0.846,5.7123333333333336e-05
2023-02-24,23185.29,23940.2,24132.35,22841.19,30132134238.07896,23175.6,17176351552.41237,1608.3731689453125,1808.800048828125,3.954999923706055,21243.7,8382190.0,0.142,19866551.658515364,135070425471.0,262774152.63086984,,7767064.0,0.0005725733,0.672,5.1223333333333335e-05
2023-02-25,23157.07,23184.04,23219.13,22722.0,20504025878.334343,23146.2,7149097149.93959,1594.9149169921875,1808.800048828125,3.954999923706055,21243.7,8382190.0,0.14865,15407608.184964882,135065800097.0,228809606.1413121,,3734380.0,0.0005738424,1.073,5.816666666666667e-06
2023-02-26,23554.85,23157.07,23689.99,23059.18,21114464053.77517,23545.3,8663022665.24848,1640.817138671875,1808.800048828125,3.954999923706055,21243.7,8382190.0,0.1553,24464250.50119941,135180624013.0,359556659.2106422,,4320741.0,0.0005805058,0.894,5.571e-05
2023-02-27,23492.09,23554.85,23897.99,23106.77,26299388448.96448,23480.0,13533218116.93548,1634.326416015625,1817.0,4.008999824523926,21243.7,8382190.0,0.1485,20527068.02531923,135111278723.0,299630547.8012448,,6371269.0,0.0005817162,0.864,5.388666666666667e-05
2023-02-28,23141.57,23492.09,23600.0,23020.97,24810388070.68348,23129.6,10669916658.50471,1605.8951416015625,1828.9000244140625,4.097499847412109,21243.7,8382190.0,0.1417,19996420.227810867,134810805569.0,293209894.2181328,,5187621.0,0.0005742923,1.096,3.783e-05
2023-03-01,23628.97,23141.57,24000.0,23020.03,30734907150.57747,23619.8,14566071875.52603,1663.4337158203125,1837.699951171875,4.168000221252441,20947.4,8339684.0,0.1589,25079852.50039453,134676962219.0,363837095.9600217,,6493252.0,0.0005823505,0.924,6.728333333333333e-05
2023-03-02,23465.32,23629.76,23796.93,23195.9,26650580757.61097,23457.1,9812612221.27088,1647.3193359375,1833.5,4.084000110626221,20947.4,8339684.0,0.1539,21103972.40004677,134499453644.0,308191421.3000036,,4710669.0,0.0005802111,1.029,8.570000000000001e-05
2023-03-03,22354.34,23465.32,23476.95,21971.13,28861270780.089,22342.8,13631210171.56995,1569.1676025390625,1847.699951171875,4.078000068664551,20947.4,8339684.0,0.1119,23550408.003689192,134684680045.0,359556659.2106422,,6239101.0,0.0005515801,0.932,1.857e-05
2023-03-04,22346.57,22354.34,22410.0,22157.08,13749540391.111732,22335.7,3909987751.0262,1566.9239501953125,1847.699951171875,4.078000068664551,20947.4,8339684.0,0.1113,21214338.32523056,134709376994.0,325313168.2975212,,2025643.0,0.000551661,0.955,2.148666666666667e-05
2023-03-05,22430.24,22346.57,22662.09,22189.22,17631593425.788094,22419.4,6328721520.6235,1564.46875,1847.699951171875,4.078000068664551,20947.4,8339684.0,0.1152,21726147.86458157,134789401049.0,331733821.8806332,,3016024.0,0.0005537169,0.814,2.0413333333333333e-05
2023-03-06,22410.0,22430.24,22602.19,22258.0,20776811361.41412,22397.1,6702364485.6129,1567.398681640625,1847.9000244140625,4.100500106811523,20947.4,8339684.0,0.1152,18501666.150451872,134856803048.0,282508803.88564134,,3177759.0,0.0005535651,1.008,4.9760000000000005e-05
2023-03-07,22197.96,22409.41,22557.91,21927.0,25410693673.28493,22187.1,12196490218.23626,1561.93310546875,1813.9000244140625,3.986500024795532,20947.4,8339684.0,0.1088,22995196.401579496,134662394848.0,353136002.54561603,,5144219.0,0.00054493,0.797,2.726333333333333e-05
2023-03-08,21705.44,22198.56,22287.0,21580.0,19607375188.03277,21695.4,12052988553.6567,1534.0882568359375,1812.699951171875,4.041500091552734,20947.4,8342283.0,0.0896,18312421.30825337,134688825666.0,284649020.719374,,5238107.0,0.0005416902,0.761,5.577666666666667e-05
2023-03-09,20362.22,21704.37,21834.99,20042.72,22143982803.0108,20348.3,20058296300.05462,1438.6607666015625,1829.300048828125,4.054500102996826,20947.4,8342283.0,0.0302,17833570.360749703,134593166773.0,288929457.46875334,,8337119.0,0.0005011178,0.764,0.0001
2023-03-10,20150.69,20362.21,20367.78,19549.09,29209275293.875595,20140.3,24701622102.4386,1429.1580810546875,1862.0,4.045499801635742,20947.4,8342283.0,0.0609625,16982576.036436435,134594111301.0,291688415.56457573,,10924547.0,0.000494918,0.944,-3.338666666666666e-05
2023-03-11,20455.73,20150.69,20686.51,19765.03,21958755964.53336,20447.3,15236396244.00332,1482.61669921875,1862.0,4.045499801635742,20947.4,8342283.0,0.091725,21030317.309018288,134131864926.0,357219694.8827461,,8028852.0,0.0004997632,0.989,-7.576666666666667e-06
2023-03-12,21997.11,20455.73,22150.0,20270.6,20808310049.22725,21986.2,18488877763.69799,1590.29296875,1862.0,4.045499801635742,20947.4,8342283.0,0.1224875,21233859.670419272,133515073829.0,348559825.89122087,,8572058.0,0.0005291187,1.057,1.798666666666667e-05
2023-03-13,24113.48,21998.05,24500.0,21813.88,36157133606.257225,24119.5,35400848297.96145,1680.3089599609375,1911.699951171875,4.069499969482422,20947.4,8342283.0,0.15325,22661816.60170087,134627137510.0,339899953.782142,,15884304.0,0.0005938551,1.01,8.670333333333335e-05
2023-03-14,24670.41,24112.27,26386.87,23976.42,40247621276.741646,24682.5,39411234190.48011,1703.507080078125,1906.199951171875,4.010499954223633,20947.4,8342283.0,0.1840125,22788237.40808011,133453262058.0,316085307.04095167,,17286230.0,0.0006038946,1.004,0.0001828433333333
2023-03-15,24285.66,24670.41,25196.97,23896.95,33049382673.892868,24288.0,27097556193.83353,1656.1805419921875,1926.5999755859373,3.8564999103546143,20947.4,8639300.0,0.214775,22638950.35511722,132734506933.0,318250273.50944453,,12626682.0,0.000598519,0.941,0.00018751
2023-03-16,24998.78,24285.66,25167.4,24123.0,23855269195.95618,24990.4,18170050595.51308,1677.2154541015625,1919.0,3.885499954223633,20947.4,8639300.0,0.2455375,20746463.411109187,132405089810.0,290105693.8312686,,9336265.0,0.000612446,1.134,0.0001
2023-03-17,27395.13,24998.78,27756.84,24890.0,37298423696.38135,27384.0,35443530287.65108,1792.485107421875,1969.800048828125,3.9135000705718994,20947.4,8639300.0,0.2763,24314530.354936223,132422626087.0,318250273.50944453,,15320824.0,0.0006771193,1.23,7.770333333333335e-05
2023-03-18,26907.49,27395.13,27724.85,26578.0,23674700199.219906,26907.0,20184491452.70674,1761.65966796875,1969.800048828125,3.9135000705718994,20947.4,8639300.0,0.2636,27698065.14248729,132541755521.0,350724792.35971373,,9787540.0,0.0006616793,1.175,0.0001
2023-03-19,27972.87,26907.49,28390.1,26827.22,24199435683.482635,27955.7,20977139675.99659,1785.5765380859375,1969.800048828125,3.9135000705718994,20947.4,8639300.0,0.2944,25557127.713542223,132555540284.0,320415243.0954912,,9777146.0,0.0006879166,1.21,0.0001
2023-03-20,27717.01,27972.87,28472.0,27124.47,30560384547.546936,27704.1,26103780621.31453,1735.3212890625,1979.199951171875,3.975500106811523,20947.4,8639300.0,0.2849,26906273.96253442,132392650839.0,333405048.1415559,,13730354.0,0.0006836737,1.155,9.693666666666668e-05
2023-03-21,28105.47,27717.01,28438.55,27303.1,25586399689.072823,28091.1,19152913743.53478,1806.7607421875,1938.0,4.018499851226807,20947.4,8639300.0,0.2927,25354723.145272404,132265174077.0,313920337.4549051,,11001246.0,0.0006854265,1.231,3.221333333333334e-05
2023-03-22,27250.97,28107.81,28868.05,26601.8,24434596561.47504,27233.8,30186741704.76973,1737.717041015625,1946.800048828125,4.06850004196167,20947.4,8733787.0,0.271,27789571.218176007,132701971824.0,344229889.8366814,,15558834.0,0.0006649,1.472,1.8693333333333333e-05
2023-03-23,28295.41,27250.97,28750.0,27105.0,17004696311.365326,28284.1,22583147907.22827,1816.4051513671875,1993.800048828125,4.145999908447266,20947.4,8733787.0,0.2967,31964138.564515427,132449498311.0,398970829.72571325,,11530271.0,0.0006887069,1.263,3.052666666666667e-05
2023-03-24,27454.47,28295.42,28374.3,27000.0,15675120186.322506,27438.9,19369885616.52528,1752.0447998046875,1982.0999755859373,4.101500034332275,20947.4,8733787.0,0.2728,28254157.407986183,132817911353.0,377232885.4931153,,10218888.0,0.00066716,1.134,0.0001
2023-03-25,27462.95,27454.46,27787.33,27156.09,7959262947.332071,27447.3,9219228887.09329,1743.7647705078125,1982.0999755859373,4.101500034332275,20947.4,8733787.0,0.2695666666666667,24938837.544850376,132755948270.0,337646717.00662136,,5403846.0,0.0006695939,1.152,1.3566666666666669e-06
2023-03-26,27968.05,27462.96,28194.4,27417.76,8264713618.161793,27954.3,11110815846.83666,1775.6767578125,1982.0999755859373,4.101500034332275,20947.4,8733787.0,0.2663333333333333,24997660.330183085,132807534197.0,335318120.43832463,,5682115.0,0.0006774916,1.148,1.2300000000000024e-06
2023-03-27,27124.91,27968.05,28023.86,26508.14,11877813397.067669,27112.0,17542947640.15402,1715.4608154296875,1952.4000244140625,4.104499816894531,20947.4,8733787.0,0.2631,25368517.13152464,132784834260.0,344632513.417874,,8743448.0,0.0006605355,1.047,1.6393333333333334e-05
2023-03-28,27261.07,27124.9,27520.0,26631.78,11741186839.016125,27249.7,15806950765.76132,1772.78564453125,1972.4000244140625,4.111999988555908,20947.4,8733787.0,0.2664,22673577.09262088,132401829848.0,312032141.34263265,,8106057.0,0.0006615482,1.198,2.4086666666666664e-05
2023-03-29,28348.6,27261.06,28650.0,27240.1,13877551847.942225,28338.5,18472646921.01927,1793.0018310546875,1966.0999755859373,4.114999771118164,20947.4,8705942.0,0.2943,25838169.39600006,132018892332.0,342303913.49639606,,9099597.0,0.0006903207,1.249,7.724333333333334e-05
2023-03-30,28028.53,28348.6,29184.68,27686.0,15548270793.187737,28015.0,21882841599.42791,1792.7371826171875,1980.300048828125,4.090499877929688,20947.4,8705942.0,0.296,27503159.00660264,132045586766.0,360932699.4554946,,10792862.0,0.0006814895,1.158,4.5826666666666666e-05
2023-03-31,28465.36,28028.53,28656.69,27511.71,12757186441.496876,28454.9,17241323711.94637,1822.0220947265625,1969.0,4.104499816894531,20947.4,8705942.0,0.3074,24835632.090422176,131736578627.0,328332327.38025326,,9403396.0,0.000691266,1.152,4.5486666666666666e-05
2023-04-01,28452.73,28465.36,28819.71,28220.27,6927918686.159714,28443.8,7298340524.07105,1813.860595703125,1969.0,4.104499816894531,20761.4,8705942.0,0.3066,24919621.70034405,131406114074.0,326003727.45877534,,4167412.0,0.0006909754,1.213,9.613333333333334e-05
2023-04-02,28171.87,28452.74,28530.0,27856.43,7365012162.259684,28161.2,8922911429.0644,1795.7081298828125,1969.0,4.104499816894531,20761.4,8705942.0,0.2983,26332178.90196536,131364794878.0,346961109.9861707,,4898591.0,0.000679502,1.057,5.311333333333333e-05
2023-04-03,27800.0,28171.87,28500.99,27200.24,12943352998.97903,27786.1,20745208330.25454,1810.297119140625,1983.9000244140625,4.059500217437744,20761.4,8705942.0,0.2903,22883980.08399955,131513191844.0,305046344.9313801,,10217247.0,0.0006716915,1.323,2.069e-05
2023-04-04,28165.47,27800.0,28444.44,27662.79,9977971359.32132,28155.2,12148930975.14344,1871.005126953125,2022.199951171875,3.983500003814697,20761.4,8705942.0,0.2967,28467489.4803001,132084297693.0,377232885.4931153,,7048151.0,0.0006828938,1.14,-2.8806666666666663e-05
2023-04-05,28170.01,28165.47,28775.0,27805.1,11045127356.323444,28154.0,15395006484.55794,1909.114013671875,2020.9000244140625,3.997999906539917,20761.4,8632384.0,0.2950333333333333,24628501.19885549,131558789758.0,323675130.8904786,,8260971.0,0.000681742,1.308,5.514e-05
2023-04-06,28033.82,28170.01,28182.05,27711.0,8451241286.671473,28022.8,9953310708.79362,1872.922607421875,2011.9000244140625,4.026000022888184,20761.4,8632384.0,0.2933666666666666,27995848.899251062,131463875314.0,375586794.88083017,,5430636.0,0.0006772429,1.158,6.883333333333332e-06
2023-04-07,27906.33,28033.83,28100.0,27766.94,6007129002.052254,27890.7,6118045792.5145,1865.6361083984373,2011.9000244140625,4.026000022888184,20761.4,8632384.0,0.2917,24799359.63051661,131684988210.0,338032941.7856073,,3411685.0,0.0006740393,1.202,1.953333333333334e-06
2023-04-08,27938.38,27906.34,28154.99,27859.02,4912620877.40027,27924.9,4453733138.91332,1849.4981689453125,2011.9000244140625,4.026000022888184,20761.4,8632384.0,0.2923,25728048.41775763,131638552451.0,349935509.40998685,,2361401.0,0.0006744736,1.213,1.3086666666666666e-05
2023-04-09,28323.76,27938.38,28530.0,27800.0,6759559061.452808,28309.4,8589117716.66099,1859.3878173828125,2011.9000244140625,4.026000022888184,20761.4,8632384.0,0.3094666666666666,25600197.61380053,131661887967.0,347554997.25628686,,4073410.0,0.0006862695,1.072,-2.69e-06
2023-04-10,29637.34,28323.76,29770.0,28170.0,11928853505.167332,29623.1,16759574206.41599,1911.20751953125,1989.0999755859373,3.986500024795532,20761.4,8632384.0,0.3266333333333333,22115864.29623639,131626572425.0,292803183.44178885,,7855172.0,0.0007048219,1.368,8.722333333333332e-05
2023-04-11,30200.42,29637.35,30550.0,29590.0,12973248121.7633,30185.1,18933421282.50967,1892.189697265625,2004.800048828125,4.024499893188477,20761.4,8632384.0,0.3438,29014811.049134083,131604605355.0,366599104.7697063,,9173302.0,0.0007280706,1.407,0.0001
2023-04-12,29888.07,30200.43,30486.0,29637.4,12029956077.472857,29875.0,16925990333.74135,1920.68212890625,2010.9000244140625,4.084499835968018,20761.4,8614797.0,0.3448666666666666,30007946.100088514,131648795800.0,380882187.97572565,,7987138.0,0.0007212786,1.269,6.508000000000001e-05
2023-04-13,30373.84,29888.07,30595.0,29854.59,10553452302.452732,30362.7,13196552183.52759,2012.6346435546875,2041.300048828125,4.124000072479248,20761.4,8614797.0,0.3459333333333333,26838702.02842563,131392092230.0,338032941.7856073,,6415959.0,0.0007294889,1.256,7.030666666666667e-05
2023-04-14,30466.93,30373.84,31000.0,29966.0,14306065746.07646,30453.1,18803216668.181,2101.635498046875,2002.199951171875,4.107500076293945,20761.4,8614797.0,0.347,26749744.02194717,131414810987.0,333271914.0502675,,9053666.0,0.0007322919,1.414,4.435666666666667e-05
2023-04-15,30295.09,30466.93,30595.6,30202.0,6604395726.39499,30280.4,5470537724.74858,2092.466796875,2002.199951171875,4.107500076293945,20761.4,8614797.0,0.33924,30014947.674890094,131479314717.0,376121160.2403858,,3411317.0,0.0007273452,1.11,4.493333333333333e-05
2023-04-16,30304.65,30295.1,30549.99,30120.0,7448552118.736609,30286.6,6372172002.43268,2120.005859375,2002.199951171875,4.107500076293945,20761.4,8614797.0,0.33148,23506853.5450802,131502000020.0,295183695.5954889,,3775928.0,0.0007279583,1.351,9.048e-05
2023-04-17,29430.27,30304.66,30316.06,29240.65,10675056636.83727,29420.0,13503235174.14893,2076.242919921875,1994.199951171875,4.065999984741211,20761.4,8614797.0,0.3237199999999999,28781470.52436367,131493376559.0,368979620.3513461,,7046608.0,0.000706649,1.492,9.125333333333334e-05
2023-04-18,30380.01,29430.27,30485.0,29096.78,11898695228.216232,30365.8,16000595786.75336,2104.537353515625,2007.4000244140625,4.089499950408936,20761.4,8614797.0,0.3159599999999999,31119731.151200417,131287563256.0,395165271.1817449,,8707215.0,0.0007267192,1.186,3.648333333333333e-05
2023-04-19,28797.1,30380.01,30413.53,28520.0,15998602846.116894,28795.1,18890822746.77531,1936.4034423828125,1995.199951171875,4.072000026702881,20761.4,8593263.0,0.3082,25599237.78916771,131148374016.0,330891401.89656746,,11185831.0,0.0006968044,1.116,5.383333333333334e-05
2023-04-20,28243.65,28797.1,29088.3,28010.0,13308667798.314114,28229.9,18268559026.79414,1943.09765625,2007.5999755859373,4.021999835968018,20761.4,8593263.0,0.28915,23822342.999686148,131063482312.0,319518832.834664,,10673232.0,0.0006752162,1.178,6.048333333333333e-05
2023-04-21,27262.84,28243.65,28374.02,27125.0,13121692997.037106,27252.5,19154822175.12687,1849.9998779296875,1979.5,3.9800000190734863,20761.4,8593263.0,0.2701,25295166.93317805,130959855862.0,351118489.414672,,11123635.0,0.0006530421,1.235,8.765666666666667e-05
2023-04-22,27816.85,27262.84,27882.72,27140.35,7785425343.886385,27807.2,9486931563.8422,1874.2286376953125,1979.5,3.9800000190734863,20761.4,8593263.0,0.2841,25554339.6100553,129744888109.0,360804517.52650416,,5225450.0,0.0006611485,1.211,6.316e-05
2023-04-23,27590.6,27816.85,27816.85,27311.25,7716068906.786148,27576.0,9148054894.69136,1862.06201171875,1979.5,3.9800000190734863,20761.4,8593263.0,0.2782,25343787.419195805,130536220263.0,355961503.4705881,,5150516.0,0.0006575592,1.161,2.504333333333333e-05
2023-04-24,27510.93,27590.59,28000.0,26942.82,11344574522.614595,27497.5,15953818918.34071,1842.7574462890625,1989.0999755859373,3.953000068664551,20761.4,8593263.0,0.287,24244577.243983064,130583530155.0,341432464.7898097,,9357163.0,0.0006530559,1.061,3.667666666666667e-05
2023-04-25,28300.79,27510.93,28399.99,27192.0,11287705608.571968,28286.7,14045812538.45073,1866.753662109375,1994.0,3.845999956130981,20761.4,8593263.0,0.2958,21541769.397513,130553140013.0,302688355.8294509,,7948035.0,0.0006737749,1.108,6.737666666666667e-05
2023-04-26,28415.29,28300.8,30036.0,27235.0,21220519256.708214,28395.9,36973550164.94095,1866.564208984375,1985.699951171875,3.849999904632568,20761.4,8562768.0,0.2975,23257947.67011696,130468961847.0,314795889.2257562,,16974144.0,0.0006796016,1.153,5.344e-05
2023-04-27,29472.77,28415.29,29890.0,28378.86,17922912658.5309,29459.0,27782772896.56456,1908.786376953125,1989.9000244140625,3.864500045776367,20761.4,8562768.0,0.323,23703972.712322235,130456678131.0,314795889.2257562,,14598088.0,0.000707382,1.3,3.850666666666667e-05
2023-04-28,29311.7,29472.77,29599.54,28891.0,11203573212.635303,29300.0,14879300727.03726,1892.5128173828125,1990.0999755859373,3.869999885559082,20761.4,8562768.0,0.3198,26917341.90497492,130143080779.0,355961503.4705881,,8555059.0,0.0006986202,1.208,8.158666666666667e-05
2023-04-29,29230.45,29311.69,29448.88,29031.0,6367809800.690512,29212.7,6381226955.68392,1908.9169921875,1990.0999755859373,3.869999885559082,20761.4,8562768.0,0.3167,25087883.53333807,130097036379.0,331746436.6779776,,3763686.0,0.000695504,1.313,4.871333333333333e-05
2023-04-30,29233.21,29230.45,29969.39,29079.59,9318184946.944689,29223.0,12308569143.22655,1876.92431640625,1990.0999755859373,3.869999885559082,20761.4,8562768.0,0.3199,27195334.60138778,130119248045.0,358383012.24203104,,6654428.0,0.0006998533,1.547,4.237e-05
2023-05-01,28068.26,29233.2,29337.34,27666.95,11580844589.050495,28054.4,17715530181.15137,1831.954833984375,1983.4000244140625,3.9170000553131104,20829.6,8562768.0,0.2899,32286504.6165588,130142563143.0,440714244.2186647,,10245110.0,0.0006650825,1.121,-1.1230000000000004e-05
2023-05-02,28669.86,28068.26,28879.88,27872.0,9986807747.261282,28656.5,14563151413.11936,1870.789306640625,2014.300048828125,3.848000049591065,20829.6,8562768.0,0.3039,22840281.42383861,130545275124.0,312374380.4543132,,8480351.0,0.0006802211,1.242,2.769e-05
2023-05-03,29026.16,28669.85,29266.66,28113.69,11841653749.653055,29018.4,19317326412.84522,1904.65185546875,2028.5999755859373,3.8315000534057617,20829.6,8503994.0,0.3112,25161648.530121528,130401585639.0,341432464.7898097,,10770222.0,0.0006867774,1.28,6.568e-05
2023-05-04,28838.16,29026.16,29379.83,28663.64,10022886205.671013,28826.0,12351553435.64055,1877.7041015625,2048.0,3.849999904632568,20829.6,8503994.0,0.3169499999999999,26444493.55492561,130132398218.0,351712781.63476974,,7510810.0,0.0006839856,1.07,8.102000000000001e-05
2023-05-05,29505.61,28838.16,29677.0,28800.0,11695610900.56119,29491.5,16927223730.86086,1995.0609130859373,2017.4000244140625,3.871500015258789,20829.6,8503994.0,0.3227,21792290.682533383,130087203100.0,283977798.860469,,9298376.0,0.0006985045,1.311,7.396e-05
2023-05-06,28848.2,29505.6,29820.0,28300.0,10173940372.54934,28837.8,13798897391.83881,1900.2218017578125,2017.4000244140625,3.871500015258789,20829.6,8503994.0,0.3065666666666666,27123018.175813045,130364368615.0,355568839.3482855,,7651482.0,0.0006810006,1.219,0.0001
2023-05-07,28430.1,28848.19,29138.29,28395.23,6488521804.703823,28419.4,8896354660.35729,1873.076416015625,2017.4000244140625,3.871500015258789,20829.6,8503994.0,0.2904333333333333,25120572.5831508,130374556779.0,331705160.33113664,,5800151.0,0.0006806852,1.159,4.804666666666667e-05
2023-05-08,27668.79,28430.09,28631.01,27262.0,12194343181.784187,27659.8,18339478036.73547,1849.042724609375,2026.300048828125,3.9179999828338623,20829.6,8503994.0,0.2743,23902468.45164293,130377839257.0,326932423.8404329,,10315137.0,0.000651554,1.274,1.6763333333333333e-05
2023-05-09,27628.27,27668.8,27818.0,27353.0,8573967654.141602,27610.2,10141376746.46744,1848.6031494140625,2036.199951171875,3.888999938964844,20829.6,8503994.0,0.2722,26067321.29639717,130327486700.0,360341575.83898926,,6720602.0,0.0006527856,1.435,4.109666666666666e-05
2023-05-10,27598.75,27628.28,28331.42,26777.0,13046529932.940985,27582.9,20001892800.24953,1842.4014892578125,2030.5,3.828000068664551,20829.6,8503017.0,0.2724,29403590.721067864,130250938922.0,405682570.78249,,11182198.0,0.0006497945,1.244,4.109666666666666e-05
2023-05-11,26968.62,27598.74,27630.14,26702.05,10729126407.220692,26956.4,14649119359.74357,1796.4906005859375,2014.699951171875,3.697499990463257,20829.6,8503017.0,0.2548,25731400.682952102,130344813779.0,360341575.83898926,,9282284.0,0.0006368548,1.153,4.5763333333333336e-05
2023-05-12,26795.01,26968.61,27091.12,25811.46,12352286315.280252,26785.1,16266529977.65859,1808.019775390625,2014.5,3.7165000438690186,20829.6,8503017.0,0.2488,23313147.83729492,130201555838.0,336477896.82184047,,10403193.0,0.0006310771,1.189,3.453e-05
2023-05-13,26775.28,26795.01,27045.45,26692.03,5669062352.630994,26762.7,6509153676.52752,1796.1148681640625,2014.5,3.7165000438690186,20829.6,8503017.0,0.2508,24322517.65907669,130197728106.0,346023366.366878,,4561180.0,0.00063433,1.431,3.2896666666666666e-05
2023-05-14,26917.62,26775.27,27200.0,26560.53,5865991180.241021,26901.9,6656688171.93944,1800.5009765625,2014.5,3.7165000438690186,20829.6,8503017.0,0.2528,29239807.28567253,130203169321.0,415228040.3275276,,4532883.0,0.0006339651,1.223,2.763666666666667e-05
2023-05-15,27162.14,26917.61,27663.59,26726.0,8762320544.5285,27152.5,12295451723.86526,1817.5499267578125,2018.0,3.737499952316284,20829.6,8503017.0,0.2606,25101400.342165805,130183728500.0,350796102.85758173,,7708690.0,0.0006440284,1.264,8.803333333333334e-06
2023-05-16,27033.84,27162.15,27296.89,26852.11,7429031024.879221,27024.8,10093411170.41688,1824.1214599609373,1988.4000244140625,3.6545000076293945,20829.6,8503017.0,0.2547,25881357.56654024,130050282819.0,365114312.32969296,,6496852.0,0.0006358775,1.34,5.875e-05
2023-05-17,27405.61,27033.85,27500.0,26544.71,8627889815.873734,27395.8,13216351846.61259,1821.859619140625,1980.699951171875,3.743000030517578,20829.6,8456760.0,0.2522,26981897.091166336,129974881451.0,381818888.3289712,,7637606.0,0.000643525,1.157,6.627333333333333e-05
2023-05-18,26821.28,27405.62,27485.33,26361.2,9354773089.62807,26809.3,14727436133.81543,1801.728515625,1956.5,3.68149995803833,20829.6,8456760.0,0.2497,23880668.66604296,129809037802.0,345151895.57295674,,7865695.0,0.0006325103,1.232,9.447333333333334e-05
2023-05-19,26880.26,26821.28,27183.6,26630.0,6994826030.125801,26870.1,8708772764.36967,1812.5894775390625,1978.699951171875,3.722500085830689,20829.6,8456760.0,0.2511,25205414.010736525,129915128039.0,369469366.94369566,,4998103.0,0.0006313639,1.085,3.6683333333333335e-05
2023-05-20,27102.43,26880.26,27150.0,26825.11,3928916411.928813,27089.5,3707697281.1093,1820.47802734375,1978.699951171875,3.722500085830689,20829.6,8456760.0,0.2569,22054003.009521373,129801056238.0,322669911.9767492,,2654603.0,0.0006345131,1.236,2.3063333333333337e-05
2023-05-21,26747.78,27102.42,27277.55,26666.03,5109172638.468217,26732.8,6431869877.90651,1804.5313720703125,1978.699951171875,3.722500085830689,20829.6,8456760.0,0.2479,25472659.75983765,129794531283.0,371932494.47236896,,3760597.0,0.0006280585,1.182,5.703e-05
2023-05-22,26849.27,26747.78,27099.89,26538.21,7177607855.171905,26840.2,8796130693.48035,1817.5347900390625,1974.800048828125,3.674000024795532,20829.6,8456760.0,0.2491,24144358.724322263,129803742968.0,354690591.130938,,5028330.0,0.0006306084,1.282,2.6663333333333333e-05
2023-05-23,27219.61,26849.28,27495.83,26798.11,8480665977.537091,27209.9,10055521160.75082,1854.380615234375,1972.4000244140625,3.641499996185303,20829.6,8456760.0,0.2591,26223464.772326056,129681928715.0,379321880.6052949,,5520563.0,0.0006371006,1.135,0.0001
2023-05-24,26329.01,27219.61,27219.61,26080.5,10510668685.324944,26313.8,14198721097.42495,1800.0999755859375,1962.800048828125,3.553499937057495,20829.6,8436255.0,0.2344,23375391.26661204,129536755428.0,347301204.99801207,,7711187.0,0.0006175634,1.222,5.476333333333333e-05
2023-05-25,26473.79,26329.0,26631.98,25871.89,9022796377.052094,26461.8,10368530938.48118,1805.9537353515625,1943.0999755859373,3.5804998874664307,20829.6,8436255.0,0.238,24796823.34828241,129266262871.0,371932494.47236896,,5597858.0,0.0006192606,1.25,8.606666666666667e-05
2023-05-26,26705.92,26473.8,26932.16,26327.24,8008447235.038699,26689.9,8633310426.32368,1828.689697265625,1944.0999755859373,3.673500061035156,20829.6,8436255.0,0.2447,25422395.39302425,129184352798.0,376858753.0766216,,4869228.0,0.0006249354,1.19,8.178666666666667e-05
2023-05-27,26854.27,26705.93,26895.0,26551.0,4566151157.147052,26841.6,4371514145.40532,1831.1182861328125,1944.0999755859373,3.673500061035156,20829.6,8436255.0,0.2484,24225659.09890557,129221739785.0,357153718.6596113,,2698085.0,0.0006255269,1.374,7.690666666666667e-05
2023-05-28,28065.0,26854.28,28261.32,26764.36,8339012743.73188,28055.7,12079775165.95981,1910.9141845703125,1944.0999755859373,3.673500061035156,20829.6,8436255.0,0.2814,27374178.1089522,129220443875.0,394100656.41805273,,6361875.0,0.001231,1.375,9.96e-05
2023-05-29,27736.4,28065.01,28447.14,27524.6,9368736200.617868,27722.0,11464529935.57118,1893.078125,1944.0999755859373,3.673500061035156,20829.6,8436255.0,0.2726,28247771.92301667,129204687314.0,399026915.0223052,,5931236.0,0.000645708,1.305,0.0001
2023-05-30,27694.4,27736.39,28038.59,27554.0,8519277580.115606,27680.1,9289854388.3587,1901.026611328125,1958.0,3.6579999923706055,20829.6,8436255.0,0.271,26756787.871489804,129304757656.0,379321880.6052949,,5309913.0,0.0006458629,1.174,6.361333333333334e-05
2023-05-31,27210.35,27694.39,27835.51,26839.01,9883831948.13828,27201.1,12797264657.29916,1874.1304931640625,1963.9000244140625,3.63100004196167,20829.6,8385854.0,0.2577,23966653.565641634,129251147138.0,350148490.60783935,,6771513.0,0.0006312281,1.084,5.024333333333334e-05
2023-06-01,26817.93,27210.36,27350.0,26605.05,9479078721.119907,26805.3,10888995134.74279,1862.201416015625,1978.0,3.7065000534057617,20799.4,8385854.0,0.2467,22181890.685329966,129075156549.0,336187210.7165766,,6009213.0,0.0006271531,1.368,7.245666666666667e-05
2023-06-02,27242.59,26817.93,27300.0,26505.0,10020208917.355255,27227.8,10565372872.49042,1907.256591796875,1952.4000244140625,3.722500085830689,20799.4,8385854.0,0.2584,27740418.61689775,129129149802.0,417687139.4758992,,5906091.0,0.0006336879,1.078,7.994e-05
2023-06-03,27069.22,27242.59,27333.29,26914.93,5122463642.850365,27054.9,4951602182.2861,1892.4124755859373,1952.4000244140625,3.722500085830689,20799.4,8385854.0,0.2571,22062016.00634837,129041348065.0,331093464.71068186,,2854323.0,0.0006277539,1.231,7.662e-05
2023-06-04,27115.21,27069.22,27455.02,26951.0,5838322569.69109,27102.4,5933883455.85455,1890.5135498046875,1952.4000244140625,3.722500085830689,20799.4,8385854.0,0.2558,25140582.85577658,129032994542.0,376937175.0962378,,3319896.0,0.0006322824,1.09,8.283333333333335e-05
2023-06-05,25728.2,27115.2,27129.33,25388.0,14244962501.601242,25714.7,18357609610.21765,1811.828369140625,1958.0,3.762500047683716,20799.4,8385854.0,0.2166,22611403.733209703,129041052816.0,351468445.06676406,,9240174.0,0.0005953343,1.26,9.131333333333332e-05
2023-06-06,27230.08,25728.2,27355.33,25351.02,11317389236.538477,27221.5,19197033011.63045,1884.494873046875,1965.5,3.766999959945679,20799.4,8385854.0,0.2572,24693567.543271035,128958840851.0,384577792.2713316,,10375875.0,0.0006283117,1.091,-1.972e-05
2023-06-07,26339.34,27230.07,27391.77,26125.01,9637438142.143322,26325.9,17580869410.88071,1832.39599609375,1942.699951171875,3.754499912261963,20799.4,8389325.0,0.2327,22479090.88611648,128784631881.0,343827827.89167035,,9713626.0,0.0006102651,1.255,8.001666666666667e-05
2023-06-08,26498.61,26339.34,26810.0,26210.0,5704183074.913263,26485.9,8818214857.61013,1846.3018798828125,1963.5999755859373,3.796499967575073,20799.4,8389325.0,0.2379,25493766.83842944,128552310038.0,392218409.44642526,,5456289.0,0.0006163646,1.374,4.201666666666667e-05
2023-06-09,26477.81,26498.62,26783.33,26269.91,5418112335.129374,26468.1,7524310651.84534,1840.2252197265625,1962.199951171875,3.7890000343322754,20799.4,8389325.0,0.2364,28013160.833152585,128443597702.0,430421502.6568876,,4834420.0,0.0006139001,1.224,6.302666666666667e-05
2023-06-10,25841.21,26477.8,26533.87,25358.0,11060371089.911404,25826.6,15698931318.50649,1752.384765625,1962.199951171875,3.7890000343322754,20799.4,8389325.0,0.2187,24845045.58269502,128110147287.0,392218409.44642526,,8827935.0,0.0005967685,1.298,4.991e-05
2023-06-11,25925.55,25841.22,26206.88,25634.7,5302050537.242851,25909.9,7227089796.30363,1753.415283203125,1962.199951171875,3.7890000343322754,20799.4,8389325.0,0.2201,26355839.779925417,128176926797.0,415140264.63920337,,4761332.0,0.0006028654,1.249,4.524e-05
2023-06-12,25905.19,25925.54,26106.48,25602.11,5811553397.288152,25894.8,7727691958.70051,1742.5286865234375,1955.300048828125,3.750499963760376,20799.4,8389325.0,0.2202,25392878.58133797,128175574826.0,399859030.289016,,5539806.0,0.0005995248,1.168,5.116333333333333e-05
2023-06-13,25934.25,25905.2,26433.21,25712.57,7044785153.196484,25918.0,11308944583.66133,1739.03759765625,1944.5999755859373,3.828500032424927,20799.4,8389325.0,0.2195,23907684.2002818,128020747381.0,374390300.2595421,,7389968.0,0.0005984397,0.932,7.561e-05
2023-06-14,25128.6,25934.24,26098.0,24820.56,7285561158.840682,25115.9,11881929860.74104,1650.519287109375,1955.300048828125,3.865999937057495,20799.4,8388323.0,0.1953,19457324.42428395,127829286849.0,312665624.1002992,,7118716.0,0.0005791199,1.161,2.938333333333333e-05
2023-06-15,25598.49,25128.6,25759.01,24800.0,8432404200.54865,25586.1,11936022995.7639,1665.519775390625,1957.800048828125,3.8965001106262207,20799.4,8388323.0,0.21,23252040.303029217,127647119449.0,385148460.9959121,,7327222.0,0.0005923264,1.235,3.205e-05
2023-06-16,26345.0,25598.49,26518.0,25175.56,8295148518.344197,26336.0,13781333096.97194,1716.6688232421875,1958.4000244140625,3.884500026702881,20799.4,8388323.0,0.233,24653956.4809238,128586630164.0,398160232.4659681,,7927865.0,0.0006070208,1.137,1.6626666666666664e-05
2023-06-17,26516.99,26345.01,26839.99,26181.0,5287198329.233368,26508.9,8106952525.28539,1727.2041015625,1958.4000244140625,3.884500026702881,20799.4,8388323.0,0.2383,23166320.2514046,128694871275.0,364329623.6459103,,4920174.0,0.0006115362,1.217,9.137e-05
2023-06-18,26339.97,26516.99,26700.0,26255.85,3936552420.074148,26329.7,6411604568.41224,1720.5775146484375,1958.4000244140625,3.884500026702881,20799.4,8388323.0,0.2334,25028497.16693245,128314512862.0,392955523.1284677,,4193968.0,0.0006091229,1.162,6.214666666666667e-05
2023-06-19,26844.35,26339.98,27068.09,26256.61,6443689594.990372,26828.5,10651201162.61209,1737.659423828125,1958.4000244140625,3.884500026702881,20799.4,8388323.0,0.2459,23559010.75756902,128316061835.0,369534332.9834107,,6408126.0,0.0006165087,1.175,5.709e-05
2023-06-20,28307.99,26844.35,28402.74,26652.0,11969301347.227345,28290.6,20786331287.82493,1792.1199951171875,1935.5,3.878499984741211,20799.4,8388323.0,0.2863,23329864.12147144,128498297901.0,353920204.9709093,,11445319.0,0.0006491029,1.112,4.35e-06
2023-06-21,29993.89,28308.0,30800.0,28257.99,18860437812.816338,29988.5,33165677031.81134,1891.0072021484373,1933.300048828125,3.91100001335144,20799.4,8362060.0,0.30515,22318671.57931796,128615467174.0,314884890.5607413,,16015816.0,0.0006875418,1.251,6.282e-05
2023-06-22,29884.92,29993.89,30500.0,29525.61,11474383646.75673,29875.0,16856175550.40033,1872.9429931640625,1912.699951171875,3.888499975204468,20799.4,8362060.0,0.324,25753748.212187424,128485827340.0,356522561.5133547,,9126072.0,0.0006893454,1.167,9.745333333333334e-05
2023-06-23,30688.5,29884.92,31431.94,29800.0,13778499740.319847,30673.4,21421175144.69206,1892.862060546875,1919.0999755859373,3.805999994277954,20799.4,8362060.0,0.3384,23877623.8202192,128568906751.0,325294309.2357422,,10944433.0,0.000703009,1.357,0.0001
2023-06-24,30527.43,30688.51,30800.0,30250.0,6596172000.580578,30524.2,8546756825.90515,1876.0596923828125,1919.0999755859373,3.805999994277954,20799.4,8362060.0,0.3361,27952299.99370578,128572780222.0,379943751.6584117,,5179126.0,0.0007005756,1.417,0.0001
2023-06-25,30462.66,30527.44,31046.01,30277.49,6922296174.715853,30458.0,9236905464.93146,1900.506103515625,1919.0999755859373,3.805999994277954,20799.4,8362060.0,0.3341,29291134.2573064,128594766280.0,398160232.4659681,,5613304.0,0.0006983283,1.341,0.0001
2023-06-26,30267.99,30462.67,30666.0,29930.0,8849596909.829706,30260.1,12562149789.70421,1859.432861328125,1923.699951171875,3.786499977111816,20799.4,8362060.0,0.3291,27655059.43184487,128593282484.0,379943751.6584117,,7355532.0,0.0006915048,1.301,0.0001
2023-06-27,30692.44,30267.99,30994.97,30226.17,8382108572.714493,30683.2,12421440922.16078,1889.703369140625,1914.0,3.7815001010894775,20799.4,8362060.0,0.3267,26759738.585916467,128472217164.0,364329623.6459103,,6948403.0,0.0007037361,0.985,0.0001
2023-06-28,30077.41,30692.44,30709.74,29858.8,7920710885.535295,30066.3,12598592811.65844,1827.97119140625,1912.300048828125,3.7204999923706055,20799.4,8340914.0,0.3243,20442313.47495465,128299414796.0,280122385.0259662,,6666067.0,0.0006902186,1.346,7.966666666666667e-05
2023-06-29,30447.31,30077.4,30843.98,30049.98,7479683517.167696,30439.9,11648327668.80449,1852.227294921875,1909.199951171875,3.677500009536743,20799.4,8340914.0,0.3322,27762244.11005184,128141654975.0,367574940.7040657,,6094586.0,0.0006958892,1.456,8.624666666666668e-05
2023-06-30,30472.0,30447.31,31282.0,29500.0,16178476047.380169,30460.2,24662962533.50455,1933.18896484375,1921.0999755859373,3.740999937057495,20799.4,8340914.0,0.3322,30174734.87510313,128041538251.0,397786578.42446953,,11540785.0,0.0006964838,1.228,0.0001
2023-07-01,30585.9,30471.99,30661.6,30320.57,4811338771.931658,30573.6,4133098990.12844,1924.56591796875,1921.0999755859373,3.740999937057495,20791.4,8340914.0,0.3334,25362039.430824216,127379030740.0,334845664.3921468,,2672596.0,0.0006989435,1.576,0.0001
2023-07-02,30617.03,30585.9,30791.0,30155.0,5638600098.289351,30612.7,7079342099.35315,1937.4383544921875,1921.0999755859373,3.740999937057495,20791.4,8340914.0,0.3335,32647178.497220933,127405094376.0,430515854.7363883,,3759656.0,0.0006977073,1.284,0.0001
2023-07-03,31156.2,30617.02,31380.0,30570.27,8488064927.078074,31149.0,11455001608.3097,1955.38916015625,1921.699951171875,3.7790000438690186,20791.4,8340914.0,0.3447,26448657.83607158,127408950815.0,344916211.5074136,,5920025.0,0.0007093481,1.306,0.0001
2023-07-04,30766.51,31156.2,31350.69,30620.0,6949877313.890159,30756.1,9313935624.33744,1936.633544921875,1921.699951171875,3.7790000438690186,20791.4,8340914.0,0.3374,27305451.29276587,127616605933.0,354986758.6226805,,4823344.0,0.0007014079,1.427,0.0001
2023-07-05,30504.81,30766.52,30878.07,30200.0,6808762343.820481,30488.4,8991870910.78812,1910.5880126953125,1919.5999755859373,3.753499984741211,20791.4,8298312.0,0.3307,29821045.52620164,127707012512.0,392751304.8668361,,4766455.0,0.0006935528,1.249,0.0001
2023-07-06,29895.43,30504.8,31500.0,29850.45,11753994986.929111,29874.4,22070224345.63387,1848.636474609375,1908.699951171875,3.7200000286102295,20791.4,8298312.0,0.32,26551317.08998744,127593377386.0,349951485.065047,,9981239.0,0.0006874698,1.588,6.404e-05
2023-07-07,30344.7,29895.42,30449.0,29701.02,7147327723.2368965,30327.9,10184988283.5844,1870.6025390625,1926.199951171875,3.766999959945679,20791.4,8298312.0,0.3276,33014060.602308944,127185248739.0,440586401.8516551,,5367946.0,0.0006892594,1.609,1.4203333333333332e-05
2023-07-08,30284.63,30344.7,30386.81,30044.47,3693184053.940365,30269.3,4191064151.51028,1865.53955078125,1926.199951171875,3.766999959945679,20791.4,8298312.0,0.326,33634842.78192527,127025493183.0,448139310.37540686,,2407850.0,0.0006860081,1.52,2.691333333333333e-05
2023-07-09,30160.71,30284.63,30445.52,30061.12,3969418822.725001,30147.8,4910685209.23742,1863.009765625,1926.199951171875,3.766999959945679,20791.4,8298312.0,0.3237,31981068.60476436,127135474084.0,425480581.17875487,,2900482.0,0.000685169,1.394,6.227e-05
2023-07-10,30411.57,30160.71,31045.78,29950.0,8320790704.493946,30396.9,13041797875.98727,1880.556396484375,1925.0,3.7715001106262207,20791.4,8298312.0,0.3286,29196361.495605104,127130917830.0,387716031.30920255,,6327939.0,0.00069433,1.229,1.8876666666666665e-05
2023-07-11,30622.1,30411.57,30813.63,30300.0,6621953292.957504,30608.4,9119181979.08487,1878.3360595703125,1931.300048828125,3.753499984741211,20791.4,8298312.0,0.3331,25758726.77666697,126959733628.0,339880937.9497802,,4976295.0,0.0006925022,1.3,6.743e-05
2023-07-12,30380.0,30622.1,30983.25,30210.0,8144475589.352352,30368.9,13009902129.34863,1872.11376953125,1956.199951171875,3.8420000076293945,20791.4,8296923.0,0.3278,27535177.200752497,126810411471.0,383801277.4233714,,6274332.0,0.0006887248,1.119,6.056666666666666e-05
2023-07-13,31454.23,30380.0,31804.2,30251.0,14228870256.09932,31441.7,21574885298.97106,2006.511474609375,1959.199951171875,3.929500102996826,20791.4,8296923.0,0.35,23139482.774827484,126651622688.0,321592672.2254732,,9363610.0,0.000708211,1.239,1.838e-05
2023-07-14,30312.01,31454.23,31630.0,29900.0,12646560945.195892,30293.3,16570590022.18309,1939.3470458984373,1960.0999755859373,3.921999931335449,20791.4,8296923.0,0.3259,26668874.54379564,126820499880.0,369831573.2522498,,8029871.0,0.0006834509,1.237,0.0001
2023-07-15,30289.52,30312.0,30390.9,30200.0,4203898528.532319,30276.4,3381748954.15686,1931.466552734375,1960.0999755859373,3.921999931335449,20791.4,8296923.0,0.3254,26154427.76026379,126851608695.0,369831573.2522498,,2127060.0,0.0006856192,1.386,-4.406666666666667e-06
2023-07-16,30231.99,30289.52,30441.46,30064.29,4466776801.826618,30216.8,5260328370.6608,1923.681884765625,1960.0999755859373,3.921999931335449,20791.4,8296923.0,0.3244,29339359.324932232,126895623601.0,415390537.04825526,,2884470.0,0.0006850982,1.21,4.782666666666667e-05
2023-07-17,30138.0,30232.0,30336.96,29659.2,7371812319.393288,30126.1,10348549509.48323,1911.6461181640625,1952.4000244140625,3.8320000171661377,20791.4,8296923.0,0.3222,25624960.01001263,126920041133.0,364471694.9315955,,5349370.0,0.0006834276,1.425,5.1080000000000006e-05
2023-07-18,29859.13,30138.01,30239.78,29512.0,7293078594.666795,29845.6,10078127136.72446,1897.5992431640625,1977.199951171875,3.815999984741211,20791.4,8296923.0,0.315,30306683.551358424,126742499096.0,434150109.24098927,,5442562.0,0.0006728046,1.304,6.086e-05
2023-07-19,29909.21,29859.14,30189.09,29761.96,6539409448.546278,29895.5,8941549015.88861,1889.0079345703125,1977.5,3.799499988555908,20791.4,8274552.0,0.31445,27744362.73682693,126646477114.0,396630964.85552126,,4725668.0,0.0006757507,1.123,7.638000000000001e-05
2023-07-20,29800.0,29909.21,30417.46,29570.96,8243203225.951857,29791.0,12295839232.23674,1890.9691162109373,1968.300048828125,3.817500114440918,20791.4,8274552.0,0.3139,23979810.840479035,126439298586.0,343032185.5080904,,5983885.0,0.0006734087,0.986,5.952e-05
2023-07-21,29901.72,29800.0,30061.7,29726.34,6044769498.629491,29891.4,6601525560.44956,1892.080078125,1964.300048828125,3.802999973297119,20791.4,8274552.0,0.3167,20902945.506856203,126370738969.0,300153162.8019681,,3440036.0,0.0006741341,1.171,2.457e-05
2023-07-22,29794.0,29901.72,29999.0,29625.1,4117484814.671806,29783.5,4278958894.21528,1864.912353515625,1964.300048828125,3.802999973297119,20791.4,8274552.0,0.3141,25030405.378658365,126212037308.0,359111820.47005326,,2278725.0,0.0006716908,1.298,1.1053333333333331e-05
2023-07-23,30083.75,29793.99,30350.0,29730.0,4861845460.154441,30070.8,6742455119.06672,1889.191650390625,1964.300048828125,3.802999973297119,20791.4,8274552.0,0.3115,27519814.478442647,126122483663.0,393951023.76563805,,3384528.0,0.0006738282,1.285,7.426666666666666e-05
2023-07-24,29176.5,30083.75,30099.58,28861.9,8655315203.67693,29163.8,12739148029.69294,1850.0020751953125,1960.300048828125,3.8405001163482666,20791.4,8274552.0,0.3089,27566450.95396116,126101277126.0,401990843.1761756,,6141780.0,0.0006556327,1.183,8.112666666666668e-05
2023-07-25,29228.91,29176.5,29376.0,29047.65,5634987083.449616,29216.3,5733864849.27923,1857.741943359375,1962.0999755859373,3.901999950408936,20791.4,8274552.0,0.3063,25170005.80560665,125927060774.0,369831573.2522498,,3074768.0,0.0006569832,1.239,8.026666666666666e-05
2023-07-26,29351.96,29228.91,29690.0,29096.94,7463105001.941849,29336.0,9342519728.59463,1872.159912109375,1968.9000244140625,3.890500068664551,20791.4,8243344.0,0.3037,26388527.36522037,125827835369.0,380796719.35454816,,4611060.0,0.0006628951,1.181,8.406333333333333e-05
2023-07-27,29222.78,29351.95,29567.49,29083.85,5545103487.525446,29209.7,6549775823.23634,1860.357177734375,1945.4000244140625,3.8635001182556152,20791.4,8243344.0,0.3005,25319715.555377733,125707492035.0,358973120.0187306,,3490419.0,0.0006551799,1.202,3.2806666666666665e-05
2023-07-28,29314.14,29222.78,29542.22,29123.12,5861169498.009506,29299.9,6485251844.3234,1874.744873046875,1960.4000244140625,3.9170000553131104,20791.4,8243344.0,0.3056,25608354.55332473,125629700443.0,364175629.4388057,,3431225.0,0.0006581776,1.135,7.016e-05
2023-07-29,29352.9,29314.14,29406.92,29256.18,3123894645.912234,29339.1,2552974723.6625,1881.06884765625,1960.4000244140625,3.9170000553131104,20791.4,8243344.0,0.3066,24193047.05648066,125455332863.0,343365595.50431174,,1553655.0,0.0006582669,1.437,7.365666666666667e-05
2023-07-30,29281.09,29352.9,29449.0,29033.24,4356013767.340179,29271.1,4971420690.30703,1861.643798828125,1960.4000244140625,3.9170000553131104,20791.4,8243344.0,0.305375,30760605.590841472,125747243604.0,437010757.5740507,,2559542.0,0.0006546253,1.204,6.022666666666667e-05
2023-07-31,29232.25,29281.09,29530.0,29101.8,6686249557.687493,29220.8,6752624719.92772,1856.162353515625,1970.5,3.994499921798706,20791.4,8243344.0,0.30415,25846580.873321183,125579617586.0,366776886.02174646,,3605681.0,0.0006536997,1.197,5.99e-05
2023-08-01,29705.99,29232.26,29739.25,28585.7,13130794354.59194,29701.2,12851250046.85139,1871.7921142578125,1940.699951171875,3.8935000896453857,20777.5,8243344.0,0.302925,25222529.61338745,125522245037.0,361574376.60167134,,6037792.0,0.0006537695,1.31,7.689333333333333e-05
2023-08-02,29186.01,29705.99,30047.5,28927.5,13470158548.27758,29170.1,14482383687.34577,1839.0897216796875,1937.4000244140625,3.827500104904175,20777.5,8206764.0,0.3017,28327660.33075494,125262512151.0,400593191.63352495,,6904285.0,0.0006526928,1.285,0.0001
2023-08-03,29193.64,29186.0,29433.33,28968.0,9081191952.377386,29180.2,7357451848.69498,1835.136474609375,1932.0,3.875999927520752,20777.5,8206764.0,0.3006,27534670.668365408,125113454699.0,392789429.3763156,,3920901.0,0.0006545188,1.025,0.0001
2023-08-04,29113.99,29193.65,29333.08,28807.54,8605588991.865137,29101.1,6681106341.50991,1827.712890625,1939.5999755859373,3.8450000286102295,20777.5,8206764.0,0.2995,22030191.84482,124899956687.0,314751795.5668019,,3684975.0,0.0006485725,1.303,9.372e-05
2023-08-05,29072.13,29114.0,29152.23,28978.64,3987575208.8502464,29057.7,2396889615.43942,1834.9879150390625,1939.5999755859373,3.8450000286102295,20777.5,8206764.0,0.2996,27942364.689893465,124759022998.0,400593191.63352495,,1653921.0,0.0006489438,1.386,8.060333333333333e-05
2023-08-06,29088.42,29072.13,29205.09,28991.88,4406758327.742624,29075.9,2997426571.5375,1827.4620361328125,1939.5999755859373,3.8450000286102295,20777.5,8206764.0,0.2997,29766489.780875016,124754090879.0,426605738.7339005,,1893486.0,0.0006498985,1.238,0.0001
2023-08-07,29211.06,29088.43,29276.78,28701.03,8884414088.24424,29202.7,8642375892.18842,1826.9388427734373,1933.5,3.812999963760376,20777.5,8206764.0,0.3025,26498326.819538742,124778735334.0,379783157.6990311,,4571134.0,0.0006506217,1.082,9.223e-05
2023-08-08,29770.42,29211.06,30244.0,29146.45,12265239615.824703,29759.0,13599577748.60257,1855.807373046875,1924.0999755859373,3.747999906539917,20777.5,8206764.0,0.3168,23042383.93079633,124584002138.0,325156814.4069521,,6822588.0,0.0006659732,1.392,8.360000000000001e-05
2023-08-09,29581.99,29770.41,30160.0,29376.67,10800421495.261726,29572.8,10756925627.79187,1854.297607421875,1915.4000244140625,3.767499923706055,20777.5,8208241.0,0.3121,30069689.225174032,124703200164.0,421665740.3548995,,5301692.0,0.0006575705,1.085,8.838e-05
2023-08-10,29455.75,29581.99,29738.0,29320.2,8365693369.520866,29443.7,6922645509.59273,1850.75341796875,1914.4000244140625,3.750999927520752,20777.5,8208241.0,0.3085,23400528.407126952,124709327525.0,330756211.7722732,,3711177.0,0.0006554061,1.288,9.425666666666668e-05
2023-08-11,29426.03,29455.76,29564.52,29252.45,7059944949.938156,29415.5,5265186188.14472,1847.1243896484373,1912.9000244140625,3.714499950408936,20777.5,8208241.0,0.3077,27734282.436833262,124498728366.0,393261324.22346073,,2750295.0,0.0006537242,1.424,9.041e-05
2023-08-12,29430.17,29426.02,29481.35,29381.56,3884216373.509861,29420.7,1654106361.1419,1848.889892578125,1912.9000244140625,3.714499950408936,20777.5,8208241.0,0.3079,30693090.85901145,124305184503.0,434931397.9408168,,1110617.0,0.0006534681,1.145,9.768333333333331e-05
2023-08-13,29303.84,29430.18,29474.65,29272.32,4645379142.346632,29293.3,2472829612.6647,1839.2801513671875,1912.9000244140625,3.714499950408936,20777.5,8208241.0,0.3048,24789024.20446857,124393406705.0,351591250.5061046,,1485648.0,0.0006519986,1.455,8.212333333333333e-05
2023-08-14,29430.93,29303.85,29695.32,29102.45,9809864877.88804,29419.5,8677120731.75313,1844.185791015625,1910.5999755859373,3.724499940872192,20777.5,8208241.0,0.3076,31412119.00791898,124402211673.0,445348917.30773246,,4354992.0,0.0006523635,1.441,0.0001
2023-08-15,29200.0,29430.92,29499.26,29059.6,8778597635.83305,29188.8,5604668799.70402,1826.9327392578125,1902.5,3.661499977111816,20777.5,8208241.0,0.3018,31323721.23716212,124000020508.0,445348917.30773246,,2819040.0,0.0006480388,1.353,0.0001
2023-08-16,28730.51,29200.01,29259.85,28723.08,10429941557.79074,28714.4,7903933631.97155,1805.6590576171875,1896.0999755859373,3.65149998664856,20777.5,8145727.0,0.2918,29626765.964648813,123730440046.0,424513878.57390106,,4298760.0,0.0006409684,1.2,0.0001
2023-08-17,26623.41,28730.51,28783.48,25166.0,22257940080.75269,26609.7,23892373364.35867,1684.9334716796875,1884.0999755859373,3.685499906539917,20777.5,8145727.0,0.2364,26758984.19784215,123569422125.0,406283221.556952,,12173068.0,0.0005838715,1.044,0.0001
2023-08-18,26054.0,26623.41,26832.6,25619.0,17488318045.41518,26042.1,13701338877.41335,1660.945068359375,1886.0999755859373,3.6989998817443848,20777.5,8145727.0,0.2189,22825257.31947423,123402428414.0,362008769.8730202,,8506978.0,0.0005770282,1.054,5.04e-05
2023-08-19,26100.01,26054.0,26281.0,25801.09,7152365264.772568,26088.3,5259138403.39374,1669.471923828125,1886.0999755859373,3.6989998817443848,20777.5,8145727.0,0.2207,22753246.8433938,123034186712.0,364613147.8395959,,3554894.0,0.0005770049,1.222,-1.9606666666666663e-05
2023-08-20,26189.99,26100.01,26299.0,25971.05,6051326637.742323,26175.9,3684280536.48474,1684.85205078125,1886.0999755859373,3.6989998817443848,20777.5,8145727.0,0.2206833333333333,26455399.100518446,123231926277.0,421909500.6073255,,2595817.0,0.0005784232,1.241,-2.542e-05
2023-08-21,26126.92,26190.0,26258.42,25812.0,9396311160.665367,26115.4,6052756159.68538,1667.26904296875,1893.300048828125,3.711999893188477,20777.5,8145727.0,0.2206666666666666,26872303.486608885,123281263687.0,429722638.2573589,,4004979.0,0.0005788115,1.069,-1.2e-05
2023-08-22,26056.0,26126.92,26139.42,25300.0,10164016119.121696,26044.4,8099008037.07027,1633.892578125,1896.4000244140625,3.750499963760376,20777.5,8145727.0,0.22065,23195181.40234541,124364862734.0,381739775.69656736,,4961788.0,0.0005660442,1.081,2.706666666666667e-06
2023-08-23,26432.72,26055.99,26819.27,25812.82,11668413571.507338,26419.2,10844866911.05113,1679.2744140625,1918.5,3.803499937057495,20777.5,8139066.0,0.2206333333333333,23297262.07108347,124285158457.0,392623891.47878736,,6569821.0,0.000579983,1.045,9.886666666666666e-06
2023-08-24,26180.05,26432.71,26577.87,25864.0,8819792874.029503,26164.6,7517625485.57741,1659.944580078125,1918.199951171875,3.767499923706055,20777.5,8139066.0,0.2206166666666666,22817324.349299848,124280269379.0,384329021.8498855,,4789305.0,0.0005752983,1.011,1.528e-05
2023-08-25,26060.01,26180.05,26314.05,25777.15,8488395675.840527,26051.7,7151164304.37309,1652.93505859375,1911.0999755859373,3.759999990463257,20777.5,8139066.0,0.2206,21965949.204938013,124382289181.0,373269193.0236576,,4578493.0,0.0005743174,1.025,2.4536666666666665e-05
2023-08-26,26017.37,26060.0,26125.77,25985.92,3559889259.368095,26004.3,1664151835.8984,1646.3067626953125,1911.0999755859373,3.759999990463257,20777.5,8139066.0,0.2196,22294098.60291516,124416986262.0,378799107.4367715,,1281361.0,0.0005737427,0.87,3.75e-05
2023-08-27,26101.77,26017.38,26182.23,25966.11,4216103708.3106894,26087.7,2255661579.44877,1657.5130615234375,1911.0999755859373,3.759999990463257,20777.5,8139066.0,0.2219,18892338.85494559,124501730536.0,320735012.071382,,1800173.0,0.0005748301,0.886,1.7690000000000002e-05
2023-08-28,26120.0,26101.78,26253.99,25864.5,7392314173.694169,26106.5,5728245334.03454,1652.4573974609375,1917.9000244140625,3.753999948501587,20777.5,8139066.0,0.2226,19189197.477537256,124585660089.0,326264922.5029578,,3937864.0,0.0005713261,1.256,2.851e-05
2023-08-29,27716.34,26120.0,28142.85,25922.0,19644201544.09932,27700.1,19063888802.78101,1729.7257080078125,1936.5,3.7929999828338623,20777.5,8139066.0,0.2671,26559741.96296481,124638027348.0,436863202.8021611,,9777360.0,0.0006082396,0.988,-2.1136666666666664e-05
2023-08-30,27299.99,27716.34,27768.57,27017.24,11256839154.716503,27290.4,8611722669.03794,1705.1121826171875,1944.300048828125,3.785000085830689,20777.5,8121316.0,0.257,21541422.103342805,125024943970.0,348384580.15541375,,5202331.0,0.0005991472,1.073,4.847666666666666e-05
2023-08-31,25940.78,27299.99,27587.51,25655.01,13961619904.496712,25928.0,13374373720.159,1645.63916015625,1938.199951171875,3.7725000381469727,20777.5,8121316.0,0.2186,24032311.82753836,125172063399.0,398153805.89190143,,7346283.0,0.0005714155,1.118,5.957666666666668e-05
2023-09-01,25805.05,25940.77,26156.0,25333.75,11676418288.878843,25795.6,9314832822.37795,1628.4912109375,1939.800048828125,3.8125,20747.8,8121316.0,0.2143,24387158.986033868,125264697210.0,417508504.3470313,,6133378.0,0.0005664543,1.127,4.935e-05
2023-09-02,25869.51,25805.04,25987.5,25752.47,5976574613.021077,25855.8,2780278800.436,1637.025390625,1939.800048828125,3.8125,20747.8,8121316.0,0.2164,24525459.51342844,125135191982.0,420273463.5443573,,2299245.0,0.0005675525,1.174,1.639e-05
2023-09-03,25971.21,25869.52,26135.0,25800.0,6022024767.439345,25962.1,3448807040.90302,1636.11767578125,1939.800048828125,3.8125,20747.8,8121316.0,0.2193,25591461.49201968,125145346955.0,436863202.8021611,,2745660.0,0.0005694439,1.1,2.6546666666666668e-05
2023-09-04,25826.02,25971.21,26108.02,25631.21,7184233055.78153,25814.0,4476150022.96639,1629.6552734375,1939.800048828125,3.8125,20747.8,8121316.0,0.2144,24113594.87832704,125191169108.0,411978589.9339173,,3556555.0,0.0005642188,0.915,1.0333333333333332e-05
2023-09-05,25792.1,25826.03,25915.49,25562.62,7517487738.840937,25779.7,4801841760.65064,1633.62939453125,1926.199951171875,3.811000108718872,20747.8,8121316.0,0.2141,19942520.824418675,124990553187.0,342854665.74229974,,3669051.0,0.0005636276,0.994,1.798e-05
2023-09-06,25759.95,25792.11,26040.0,25372.51,8475394503.399832,25747.4,6451012388.43805,1632.2523193359375,1918.0999755859373,3.748500108718872,20747.8,8101318.0,0.2134,21694312.095144205,124477886473.0,364053703.2546238,,4398786.0,0.0005631995,1.093,3.6966666666666654e-06
2023-09-07,26255.0,25759.95,26443.14,25615.38,6783377392.544925,26240.7,6683838708.83606,1647.5982666015625,1917.5,3.7260000705718994,20747.8,8101318.0,0.2272,23625923.99060383,124308284466.0,393005454.3704645,,4767458.0,0.0005725597,0.984,4.879e-05
2023-09-08,25910.5,26255.0,26445.5,25647.26,6734479430.028357,25899.8,6476749865.05496,1636.1378173828125,1918.4000244140625,3.680500030517578,20747.8,8101318.0,0.2181,21633980.863194603,124090322660.0,358011817.1993768,,4955458.0,0.0005661774,1.116,-9.013333333333332e-06
2023-09-09,25901.61,25910.5,25945.09,25796.64,3160573933.8956165,25892.6,1756326250.4234,1635.162353515625,1918.4000244140625,3.680500030517578,20747.8,8101318.0,0.2179,24415937.478858028,124224996895.0,406464544.3974312,,1603888.0,0.0005651559,1.083,-1.337e-05
2023-09-10,25841.61,25901.6,26033.66,25570.57,4810729664.906515,25828.4,4203882568.6831,1616.828857421875,1918.4000244140625,3.680500030517578,20747.8,8101318.0,0.20625,23725377.22353224,124273684979.0,395697270.8253705,,3325829.0,0.0005649238,1.14,1.943333333333333e-05
2023-09-11,25162.52,25841.6,25900.69,24901.0,9475646439.63151,25150.4,10833054059.77662,1551.6376953125,1923.300048828125,3.7699999809265137,20747.8,8101318.0,0.1946,25286027.23439364,124344745184.0,427999091.5415522,,7651934.0,0.0005488729,1.04,1.1203333333333332e-05
2023-09-12,25840.1,25162.53,26567.0,25131.48,12094604411.055147,25825.8,15363954424.52744,1592.429443359375,1911.300048828125,3.752000093460083,20747.8,8101318.0,0.2172,22813763.29833531,124227916486.0,379546364.3434978,,9732384.0,0.0005692718,1.098,1.551e-05
2023-09-13,26222.0,25840.1,26405.22,25764.17,8273002271.129925,26209.9,8752833623.09691,1607.988525390625,1909.0999755859373,3.75600004196167,20747.8,8098779.0,0.2282,23970980.23697372,124319429008.0,395697270.8253705,,6329823.0,0.0005718333,1.224,2.2336666666666662e-05
2023-09-14,26522.73,26222.0,26860.49,26126.77,9087114010.54626,26510.3,10081082095.72619,1626.974365234375,1910.0,3.7825000286102295,20747.8,8098779.0,0.2375,26766096.164127223,124363582095.0,436074544.78248847,,6751848.0,0.000579336,1.424,-2.863333333333335e-06
2023-09-15,26600.0,26522.73,26888.0,26224.0,7412039386.388681,26591.1,6669561598.24096,1641.640380859375,1923.699951171875,3.763499975204468,20747.8,8098779.0,0.2408,31162889.75889173,124331857236.0,506061819.124664,,4968293.0,0.0005763586,1.168,1.3863333333333332e-05
2023-09-16,26559.67,26599.99,26777.0,26445.0,4640272701.640638,26546.9,3729905321.7588,1635.2216796875,1923.699951171875,3.763499975204468,20747.8,8098779.0,0.2374,25731166.37260368,124212106149.0,417231817.9694916,,2918480.0,0.00057817,1.12,-2.954e-05
2023-09-17,26527.51,26559.67,26623.25,26399.0,4219943466.5011954,26514.2,3027518454.4446,1622.896728515625,1923.699951171875,3.763499975204468,20747.8,8098779.0,0.2358,24705068.615729805,124289493772.0,401080907.6114008,,2380779.0,0.0005759484,1.183,8.96e-06
2023-09-18,26762.51,26527.5,27409.0,26377.35,10293269176.59777,26749.9,12722651442.18257,1637.3470458984375,1931.5,3.741499900817871,20747.8,8098779.0,0.2343,26212561.8139517,124326873952.0,419923634.4243977,,7879677.0,0.000582535,1.071,-2.2343333333333333e-05
2023-09-19,27210.26,26762.5,27483.57,26667.79,9068136148.37095,27196.0,11764014197.82195,1643.544677734375,1932.0,3.71399998664856,20747.8,8098779.0,0.2546,23555291.87707142,124300691591.0,386415687.751435,,7265078.0,0.00058907,1.12,-4.2e-06
2023-09-20,27125.0,27210.25,27388.63,26800.0,8547439513.334796,27107.7,9453380064.9792,1622.890625,1945.5999755859373,3.746500015258789,20747.8,8024090.0,0.2528,24748288.35878787,124290744343.0,414558854.2037332,,6165087.0,0.0005885352,1.036,-2.460666666666667e-05
2023-09-21,26568.08,27125.01,27159.6,26377.7,8953942973.946407,26552.6,8489071729.18165,1584.3070068359375,1919.199951171875,3.6665000915527344,20747.8,8024090.0,0.2371,23078067.47032369,124382424058.0,391843298.7563836,,5663675.0,0.0005770181,0.968,3.901e-05
2023-09-22,26580.14,26568.08,26743.38,26468.77,7356980991.915605,26566.7,4616219481.9717,1593.268310546875,1925.4000244140625,3.6654999256134033,20747.8,8024090.0,0.2374,21456660.88675228,124420783081.0,366288300.9225151,,3241040.0,0.0005760981,1.169,1.0359999999999996e-05
2023-09-23,26575.96,26580.14,26632.81,26509.0,5169710121.597933,26563.1,1536234764.7418,1593.8577880859375,1925.4000244140625,3.6654999256134033,20747.8,8024090.0,0.2372,25911792.209174182,124355950135.0,442953294.42412055,,1243498.0,0.0005760207,1.082,2.8136666666666668e-05
2023-09-24,26248.38,26575.97,26738.54,26122.08,5564007323.705975,26232.4,3882520896.41624,1580.8533935546875,1925.4000244140625,3.6654999256134033,20747.8,8024090.0,0.2288,24226336.28821263,124401106348.0,414558854.2037332,,2457357.0,0.0005738616,1.073,2.0719999999999995e-05
2023-09-25,26304.81,26248.39,26446.15,25990.46,8263073773.090337,26290.5,7028826209.2632,1588.3228759765625,1916.5999755859373,3.649499893188477,20747.8,8024090.0,0.2285,23753707.17222496,124406423473.0,411719407.72841465,,4437778.0,0.0005689576,1.003,4.032333333333333e-05
2023-09-26,26221.67,26304.8,26397.46,26088.34,7011250172.112756,26208.8,4732077914.06044,1593.417236328125,1900.4000244140625,3.625,20747.8,8024090.0,0.2262,22303055.18665839,124188507873.0,386164409.89454615,,3333987.0,0.0005660776,1.162,1.6699999999999982e-06
2023-09-27,26372.99,26221.68,26850.0,26112.06,9540206294.431656,26359.6,9328178302.68859,1597.4912109375,1871.5999755859373,3.627000093460083,20747.8,8002064.0,0.2304,25841404.06962824,124126800086.0,445792740.8994391,,6074265.0,0.000568383,1.109,5.132e-05
2023-09-28,27021.39,26373.0,27308.48,26342.4,10756029889.201134,27011.8,11511420032.6491,1652.8826904296875,1860.4000244140625,3.694499969482422,20747.8,8002064.0,0.2502,24404367.90432254,123960457153.0,414558854.2037332,,7178793.0,0.0005829993,1.11,-1.8796666666666662e-05
2023-09-29,26906.96,27021.39,27244.89,26665.16,7600592843.892319,26890.9,7472678754.10716,1667.94384765625,1848.0999755859373,3.7260000705718994,20747.8,8002064.0,0.2467,24772854.79572111,124162482311.0,417398296.5902521,,4960948.0,0.0005809152,1.044,-1.995e-05
2023-09-30,26962.56,26906.96,27094.99,26886.31,3986472510.075845,26950.9,2489538716.4701,1671.161865234375,1848.0999755859373,3.7260000705718994,20747.8,8002064.0,0.2484,23261751.3166813,123808695709.0,391843298.7563836,,1893356.0,0.0005838322,1.105,1.344e-05
2023-10-01,27992.57,26962.57,28065.51,26954.09,6758045361.622713,27981.4,6597423569.0926,1733.8104248046875,1848.0999755859373,3.7260000705718994,20732.9,8002064.0,0.2745,24002680.61232032,123861453617.0,400361634.09353954,,4119206.0,0.000585686,1.212,-8.623333333333333e-06
2023-10-02,27494.51,27992.58,28580.0,27281.44,14194192587.10098,27477.6,16636546184.94729,1663.6275634765625,1830.0,3.631999969482422,20732.9,8002064.0,0.2642,27492420.28946521,123892846055.0,445792740.8994391,,9031596.0,0.0005904549,1.259,1.694e-05
2023-10-03,27426.46,27494.51,27676.52,27160.5,8193411039.864998,27412.0,7764002370.30097,1656.6856689453125,1824.5999755859373,3.615499973297119,20732.9,8002064.0,0.2607,28161748.381113537,124071679617.0,466801496.9981775,,5168763.0,0.000590471,1.019,2.7796666666666668e-05
2023-10-04,27778.57,27426.45,27839.72,27202.0,8238398172.04793,27759.8,7725687370.07408,1647.838134765625,1818.5,3.5840001106262207,20732.9,7955782.0,0.27,22518028.458389737,123924281699.0,373280258.5727724,,5130353.0,0.000596461,1.082,3.124666666666667e-05
2023-10-05,27410.39,27778.57,28120.39,27352.0,8932710878.484837,27398.4,10248367834.29458,1611.4764404296875,1816.5999755859373,3.546999931335449,20732.9,7955782.0,0.2602,24383190.49111688,123807417722.0,401774937.14888096,,5985643.0,0.0005911754,1.249,-3.459e-05
2023-10-06,27931.09,27410.39,28295.0,27175.94,9931414078.505222,27916.3,12148383610.73177,1645.83154296875,1830.199951171875,3.624500036239624,20732.9,7955782.0,0.2732,27716243.686634883,123838576750.0,455914820.2886373,,7436926.0,0.0006044215,1.335,-9.396666666666666e-06
2023-10-07,27956.67,27931.1,28029.67,27842.08,4925076839.584245,27943.0,3267342158.1076,1634.51123046875,1830.199951171875,3.624500036239624,20732.9,7955782.0,0.2742,29862725.5796374,124128538690.0,487258964.67074,,2419647.0,0.0006008758,1.153,2.352e-05
2023-10-08,27917.05,27956.67,28095.14,27687.5,5942284734.540274,27901.2,4975001729.5113,1633.548583984375,1830.199951171875,3.624500036239624,20732.9,7955782.0,0.2732,25835033.915371746,124201106034.0,421721210.10054034,,3495351.0,0.0005998685,1.199,2.150333333333333e-05
2023-10-09,27590.12,27917.06,27987.93,27260.0,9246739581.457443,27578.3,8665868960.69567,1579.806640625,1849.5,3.642499923706055,20732.9,7955782.0,0.2639,26978018.04470352,124227630606.0,444516948.85819376,,5529009.0,0.0005930299,1.237,5.115e-05
2023-10-10,27390.12,27590.12,27735.0,27298.0,8079361370.619936,27381.2,6587799296.3111,1567.7130126953125,1861.0,3.631999969482422,20732.9,7955782.0,0.2593,27862793.056533057,124204229543.0,461613756.003859,,4404717.0,0.0005888463,1.194,4.263666666666667e-05
2023-10-11,26875.52,27390.12,27477.39,26538.66,10345718375.800877,26864.5,10465119996.4274,1566.2547607421875,1872.800048828125,3.614000082015991,20732.9,7952054.0,0.243,27012264.32160333,124029863588.0,455914820.2886373,,6668761.0,0.0005733241,1.226,6.855666666666667e-05
2023-10-12,26759.63,26875.52,26947.04,26555.0,7515858384.962513,26744.0,5889875524.20162,1539.6124267578125,1869.300048828125,3.594000101089477,20732.9,7952054.0,0.2402,27605936.83261852,123816455969.0,470162157.5250749,,4224170.0,0.0005728149,1.028,6.655e-05
2023-10-13,26862.0,26759.63,27130.0,26685.0,7799186896.200502,26849.8,6531230809.70284,1552.0894775390625,1927.4000244140625,3.5799999237060547,20732.9,7952054.0,0.2431,23131939.895029835,123656840284.0,393226531.5244317,,4193075.0,0.0005794462,1.088,2.2196666666666667e-05
2023-10-14,26852.48,26862.0,26989.58,26789.0,4300458223.575508,26836.3,2208107023.81852,1555.2568359375,1927.4000244140625,3.5799999237060547,20732.9,7952054.0,0.2433,24528905.593202047,123609006485.0,416022274.3853186,,1699587.0,0.0005743075,1.255,1.5906666666666665e-05
2023-10-15,27154.15,26852.48,27293.33,26808.25,5277950741.858799,27139.8,4324470125.81482,1558.06982421875,1927.4000244140625,3.5799999237060547,20732.9,7952054.0,0.2507,28127611.55263478,123651224803.0,475861093.2402967,,2750505.0,0.0005815217,1.112,1.669e-05
2023-10-16,28500.78,27154.14,30000.0,27112.66,18945913983.79702,28486.3,23288253085.66756,1600.5343017578125,1921.0999755859373,3.586999893188477,20732.9,7952054.0,0.2865,24912054.59279474,123718667093.0,417078811.47604144,,13065922.0,0.0006077525,1.273,3.394333333333334e-05
2023-10-17,28395.91,28500.77,28613.65,28069.32,10726423294.569044,28381.9,8911627202.91139,1565.4395751953125,1922.699951171875,3.575500011444092,20732.9,7952054.0,0.2841,28750047.12065184,123837535727.0,491483968.44434166,,6029325.0,0.0006088116,1.134,-2.046666666666668e-06
2023-10-18,28320.0,28395.91,28982.36,28142.87,9131643090.368618,28307.1,8454733708.39205,1563.7498779296875,1955.300048828125,3.5820000171661377,20732.9,7933162.0,0.2817,25781076.416036904,123973366146.0,439908488.33259135,,5508680.0,0.0006039949,1.108,-9.716666666666666e-06
2023-10-19,28713.71,28320.0,28916.89,28100.66,10295458561.71004,28696.9,9523779728.80222,1567.45703125,1968.4000244140625,3.5915000438690186,20732.9,7933162.0,0.2909,24961394.62321308,124105829805.0,424739231.01810473,,6003230.0,0.0006120822,1.097,-4.2193333333333335e-05
2023-10-20,29669.04,28713.71,30207.55,28578.29,15478884130.64148,29653.0,16251872830.69389,1604.6668701171875,1982.5,3.5420000553131104,20732.9,7933162.0,0.3051,24673282.041633733,124793556962.0,406536123.98821926,,9654136.0,0.0006320489,1.236,-1.5490000000000002e-05
2023-10-21,29909.8,29669.05,30379.99,29464.77,8320670306.802506,29895.4,7714008513.63393,1629.304443359375,1982.5,3.5420000553131104,20732.9,7933162.0,0.3193,27977984.928587828,124612061264.0,455077750.0158244,,5090334.0,0.0006396685,1.261,2.872e-05
2023-10-22,29992.46,29909.8,30248.0,29640.0,7510909550.31716,29981.5,5938982672.49338,1663.429931640625,1982.5,3.5420000553131104,20732.9,7933162.0,0.3206,28602898.697360054,124636757847.0,464179303.5307672,,4206587.0,0.0006339081,1.42,2.7536666666666667e-05
2023-10-23,33069.99,29992.46,34741.91,29883.6,26248094546.76741,33074.0,31143119218.83396,1765.3826904296875,1976.300048828125,3.572999954223633,20732.9,7933162.0,0.3802,31150642.063010417,124670418196.0,476314711.12985504,,17242035.0,0.0006722366,1.17,6.162666666666666e-05
2023-10-24,33922.73,33069.99,35280.0,32832.34,31535918793.49816,33917.0,31438800457.07022,1784.4375,1975.0,3.609999895095825,20732.9,7933162.0,0.3956,26830425.467467524,124655656540.0,382265308.79004353,,18476935.0,0.0007145252,1.359,0.0001
2023-10-25,34496.05,33922.73,35132.85,33679.05,18087646266.71937,34487.7,16013137764.07121,1787.3975830078125,1984.0999755859373,3.572000026702881,20732.9,7907830.0,0.4053,30906416.78702437,124201540072.0,436874638.61719257,,10909504.0,0.0007351191,1.401,0.0001
2023-10-26,34151.66,34496.05,34824.13,33751.0,13874339705.591291,34154.0,11632500642.20401,1804.039306640625,1987.199951171875,3.56850004196167,20732.9,7907830.0,0.3989,32192633.85132491,124444395003.0,455077750.0158244,,7763810.0,0.0007251138,1.424,0.0001
2023-10-27,33892.02,34151.66,34245.0,33390.95,11513790884.832905,33893.1,9431378767.25107,1780.0452880859375,1988.5999755859373,3.634000062942505,20732.9,7907830.0,0.3935,32643651.99092796,124530036824.0,467213153.24616593,,6398385.0,0.0007182463,1.485,0.0001
2023-10-28,34081.0,33892.01,34493.33,33860.0,6542170515.044978,34086.6,4721192040.5172,1776.6181640625,1988.5999755859373,3.634000062942505,20732.9,7907830.0,0.3966,34104193.14822775,124372003304.0,485416264.6447977,,3507945.0,0.0007253942,1.288,0.0001
2023-10-29,34525.89,34081.01,34750.11,33930.0,7318278271.672082,34528.6,6052162692.45699,1795.5460205078125,1988.5999755859373,3.634000062942505,20732.9,7907830.0,0.4048,29387909.502650738,124392535660.0,415637677.503162,,4457843.0,0.0007356735,1.46,0.0001
2023-10-30,34474.73,34525.88,34856.0,34062.84,11710316685.088291,34483.8,9712557953.95943,1810.088623046875,1996.199951171875,3.649499893188477,20732.9,7907830.0,0.4029,33582738.17184403,124426093997.0,482896145.8175682,,6311565.0,0.0007300517,1.455,0.0001
2023-10-31,34639.77,34474.74,34720.49,34025.0,11231415164.550018,34651.4,9367740893.9104,1816.458984375,1985.199951171875,3.641499996185303,20732.9,7907830.0,0.4048,33312353.70652183,124256348804.0,481286783.3729944,,5965392.0,0.0007316166,1.428,0.0001
2023-11-01,35421.43,34639.78,35582.0,34097.39,15491118380.649986,35437.4,16310840373.51904,1847.0897216796875,1978.800048828125,3.6449999809265137,20746.4,7866664.0,0.417,32323574.71785653,124273514301.0,462656325.77122176,,9266774.0,0.0007461929,1.356,0.0001
2023-11-02,34941.59,35421.43,35984.99,34300.0,14996324901.224283,34940.1,14411069440.58643,1800.6209716796875,1985.5999755859373,3.6670000553131104,20746.4,7866664.0,0.4074,31674320.060780395,124397049414.0,447130946.6720661,,8208466.0,0.0007352483,1.273,0.0001
2023-11-03,34716.78,34941.58,34946.5,34120.0,11582702035.749737,34700.4,10557775671.82227,1832.795166015625,1991.5,3.674499988555908,20746.4,7866664.0,0.4039,29352649.63861152,124486433132.0,422290336.53636926,,6485673.0,0.000731242,1.587,0.0001
2023-11-04,35062.07,34716.78,35255.0,34585.18,6157360019.379104,35069.7,4903087436.09509,1857.6986083984373,1991.5,3.674499988555908,20746.4,7866664.0,0.4101,36532232.53742873,124699904722.0,521652772.60784686,,3094271.0,0.0007421808,1.537,0.0001
2023-11-05,35011.88,35062.06,35380.0,34448.0,8154366364.735133,35025.5,8104514852.65571,1894.15771484375,1991.5,3.674499988555908,20746.4,7866664.0,0.4092,35682546.93606475,124848920071.0,506127389.0373817,,4882716.0,0.0007331574,1.193,0.0001
2023-11-06,35046.09,35011.89,35276.33,34725.9,8492020612.657701,35057.4,7084946768.0661,1899.83740234375,1981.5999755859373,3.7095000743865967,20746.4,7866664.0,0.4083,27808967.26576799,124903166287.0,394344652.3693652,,4467775.0,0.0007402227,1.262,0.0001
2023-11-07,35399.12,35046.09,35888.0,34523.06,12207176410.346096,35406.5,12064060090.68823,1888.124267578125,1966.800048828125,3.670000076293945,20746.4,7866664.0,0.4144,29167420.026918773,125054717711.0,412975109.97113776,,6646997.0,0.0007435975,1.427,0.0001
2023-11-08,35624.72,35399.13,36106.0,35100.0,11210162406.388744,35626.7,11899393604.89829,1889.3223876953125,1951.5,3.628000020980835,20746.4,7860691.0,0.4201,33023020.97274862,125319917848.0,462656325.77122176,,5947577.0,0.0007525923,1.4,0.0001
2023-11-09,36701.09,35624.72,37972.24,35534.05,26462138682.24129,36719.5,28650466494.87653,2120.56103515625,1964.199951171875,3.634999990463257,20746.4,7860691.0,0.4325,32753264.1118314,125326565194.0,444025872.6407587,,13927943.0,0.0007686662,1.533,0.0001334233333333
2023-11-10,37301.63,36701.1,37526.0,36324.71,15163253694.000477,37330.4,11076896066.60177,2078.289794921875,1932.5999755859373,3.5834999084472656,20746.4,7860691.0,0.4422,35581915.25091292,125492610146.0,478181704.8703776,,6458124.0,0.000785482,1.572,0.0001056066666666
2023-11-11,37130.0,37301.63,37408.26,36666.93,8934026220.46563,37162.1,5903428289.9594,2052.7138671875,1932.5999755859373,3.5834999084472656,20746.4,7860691.0,0.4362,37072496.80982589,125659436544.0,496812162.47215015,,3646133.0,0.0007742323,1.581,0.0001375166666666
2023-11-12,37064.13,37129.99,37222.22,36731.1,7306128056.68401,37085.5,4409373212.1171,2045.18701171875,1932.5999755859373,3.5834999084472656,20746.4,7860691.0,0.4371,37311310.79025278,125861128026.0,506634196.247056,,2782834.0,0.0007794462,1.17,0.00022046
2023-11-13,36462.93,37064.13,37417.99,36333.0,12822882634.616756,36486.2,9473874020.94803,2055.265380859375,1945.5,3.662499904632568,20746.4,7860691.0,0.429,27889585.545798205,125913385767.0,389037995.7448952,,5475023.0,0.0007661502,1.297,0.00021284
2023-11-14,35551.19,36462.93,36744.0,34800.0,16128040495.472383,35559.0,14314693961.9118,1979.0526123046875,1961.800048828125,3.682499885559082,20746.4,7860691.0,0.4136,31106852.3848854,125912562562.0,443696223.8353265,,7726293.0,0.0007456299,1.475,0.00016076
2023-11-15,37858.2,35551.2,37980.0,35360.0,17874345233.222946,37885.6,15581195427.04667,2060.408447265625,1960.0999755859373,3.7174999713897705,20746.4,7814991.0,0.4476,33858288.007158145,125893729053.0,475848126.7972335,,8377760.0,0.0007885404,1.407,0.0001
2023-11-16,36163.51,37858.2,37929.54,35500.0,17360505861.97551,36176.0,15963485688.09104,1960.881591796875,1983.9000244140625,3.704499959945679,20746.4,7814991.0,0.4217,34002035.7084699,126232292538.0,475848126.7972335,,8694468.0,0.0007585219,1.439,0.0001240433333333
2023-11-17,36613.92,36163.51,36800.0,35861.1,14525165051.649,36621.9,11629773626.22051,1961.28076171875,1981.5999755859373,3.737499952316284,20746.4,7814991.0,0.4279,34076418.673807226,126372145048.0,482278507.3896148,,6653230.0,0.0007624602,1.426,0.0001
2023-11-18,36568.1,36613.91,36845.49,36178.58,7139588945.695532,36580.9,4446623778.62677,1963.2850341796875,1981.5999755859373,3.737499952316284,20746.4,7814991.0,0.4278,33992554.37033929,126715718458.0,479063314.77848727,,3008818.0,0.000762552,1.661,0.0001
2023-11-19,37359.86,36568.11,37500.0,36384.02,7947394925.039006,37375.9,5695092295.31787,2013.2044677734373,1981.5999755859373,3.737499952316284,20746.4,7814991.0,0.43455,39024316.79429061,126763258288.0,546582308.683555,,3486310.0,0.0007717014,1.621,0.0001
2023-11-20,37448.78,37359.85,37750.0,36677.0,13745897531.53807,37462.5,11585755433.13282,2022.2391357421875,1977.699951171875,3.8125,20746.4,7814991.0,0.4413,38733648.96263292,126856972450.0,533721547.4987922,,6455996.0,0.0007798344,1.422,0.0001
2023-11-21,35741.65,37448.79,37649.44,35735.0,18231286531.67396,35737.0,16617512774.69305,1937.0667724609373,1999.300048828125,3.814500093460083,20746.4,7814991.0,0.4178,35143074.39989659,127182356635.0,488708887.9819962,,8749211.0,0.0007584983,1.376,0.0001
2023-11-22,37408.34,35741.65,37861.1,35632.01,16863229318.06952,37413.4,12443659325.49277,2064.42529296875,1991.4000244140625,3.766499996185303,20746.4,7810814.0,0.4273,32650808.325773623,127255066101.0,456556985.02008927,,7122948.0,0.0007782203,1.418,0.0001
2023-11-23,37294.28,37408.35,37653.44,36870.0,9508827115.876455,37294.3,6912924978.37547,2062.210693359375,1991.4000244140625,3.7790000438690186,20746.4,7810814.0,0.4368,34264845.0724397,127452284092.0,472632934.1861059,,4430134.0,0.0007749342,1.633,0.0001
2023-11-24,37713.57,37294.27,38414.0,37251.51,15781001150.538054,37706.3,13275238103.95441,2081.152099609375,2002.199951171875,3.796499967575073,20746.4,7810814.0,0.4425,39588571.2524384,127376486441.0,540151928.0911736,,7207934.0,0.000783289,1.544,0.0001
2023-11-25,37780.67,37713.57,37888.0,37591.1,5411941596.011832,37766.6,3116830221.06905,2084.4130859375,2002.199951171875,3.796499967575073,20746.4,7810814.0,0.4435,37540505.52653478,127923306091.0,511704247.86252016,,2125234.0,0.0007838469,1.403,0.0001
2023-11-26,37447.43,37780.67,37814.63,37150.0,8723588710.151953,37437.9,6511523445.85111,2063.2861328125,2002.199951171875,3.796499967575073,20746.4,7810814.0,0.4386,34285730.33872678,127952583524.0,493217212.10255015,,3688531.0,0.0007816928,1.238,0.0001
2023-11-27,37242.7,37447.42,37569.23,36707.0,12864152162.048878,37234.3,9864595980.22536,2027.4173583984373,2011.800048828125,3.762500047683716,20746.4,7810814.0,0.4346,30170020.8723635,127974774068.0,439166011.3759895,,5443998.0,0.0007681744,1.419,0.0001
2023-11-28,37818.87,37242.7,38377.0,36868.41,14401835045.603613,37812.1,11989725382.60476,2049.338134765625,2039.699951171875,3.8010001182556152,20746.4,7810814.0,0.43865,34470153.95906891,127822958229.0,496595410.0196941,,6169001.0,0.000786854,1.311,0.0001
2023-11-29,37854.64,37818.88,38450.0,37570.0,12930835927.770197,37837.1,9929131546.05138,2029.92919921875,2047.0999755859373,3.78600001335144,20746.4,7796145.0,0.4427,32263883.00856272,128056939241.0,459435208.60806966,,5591316.0,0.0007824829,1.285,0.0001
2023-11-30,37723.96,37854.65,38145.85,37500.0,9703013970.63206,37716.8,7217490282.26007,2052.55615234375,2038.0999755859373,3.828999996185303,20746.4,7796145.0,0.4407,31644543.035755683,128107869026.0,452678812.77378166,,4270643.0,0.0007802063,1.658,0.0001
2023-12-01,38682.52,37723.97,38999.0,37615.86,16083672225.075748,38660.0,13165741479.13575,2087.139892578125,2071.0,3.908999919891357,20777.8,7796145.0,0.4541,40572165.41437332,128303592946.0,570915812.8429431,,6581009.0,0.0008000748,1.268,0.0001
2023-12-02,39450.35,38682.51,39717.14,38641.61,10410948446.158436,39435.0,8343797522.28991,2165.7041015625,2071.0,3.908999919891357,20777.8,7796145.0,0.46245,30932785.67320688,128473762647.0,429031407.8953413,,4207281.0,0.0008128015,1.664,8.488e-05
2023-12-03,39972.26,39450.35,40250.0,39274.86,10546032918.793743,39979.7,8809720241.44514,2193.691650390625,2071.0,3.908999919891357,20777.8,7796145.0,0.4708,40823218.402874805,128506018430.0,557403011.4451509,,4540192.0,0.0008259347,1.634,0.0001
2023-12-04,41991.1,39972.26,42420.0,39972.26,28259088219.731647,41993.1,24973172580.45416,2243.2158203125,2024.0999755859373,3.820499897003174,20777.8,7796145.0,0.4935,40159128.49076542,128568765188.0,523621012.8152785,,10698704.0,0.0008669375,1.526,0.0001
2023-12-05,44073.32,41991.1,44488.0,41414.0,26970064245.494324,44081.7,24684026724.28502,2293.841796875,2018.5,3.7725000381469727,20777.8,7796145.0,0.517,36864028.347334825,128501093513.0,466191609.30696577,,10554656.0,0.0009127946,1.489,0.0001
2023-12-06,43762.69,44073.82,44297.21,43335.28,22188769793.58313,43774.8,16855439556.37356,2231.661376953125,2030.5,3.7165000438690186,20777.8,7737385.0,0.512,37265724.12058518,128715857454.0,459435208.60806966,,7342460.0,0.0009016183,1.244,0.0001
2023-12-07,43273.14,43762.69,44047.33,42821.1,19730798649.30342,43296.0,15052072255.7809,2357.57958984375,2029.9000244140625,3.784499883651733,20777.8,7737385.0,0.506,31239193.14194921,128732646814.0,388493008.5665728,,6765665.0,0.0008890294,1.488,0.0001
2023-12-08,44170.99,43273.15,44700.0,43081.1,17325409267.431847,44209.5,12354864659.75649,2358.73193359375,1998.300048828125,3.819999933242798,20777.8,7737385.0,0.50795,36863761.1217445,128736151562.0,456057010.69092566,,5842158.0,0.000909415,1.708,0.0001784333333333
2023-12-09,43713.6,44171.0,44358.02,43584.51,12195397571.644169,43734.3,8331208461.23936,2341.17529296875,1998.300048828125,3.819999933242798,20777.8,7737385.0,0.5099,43187098.23386308,128943103321.0,530377413.5141746,,4103936.0,0.000901197,1.519,0.0001961833333333
2023-12-10,43789.51,43713.59,44049.0,43563.0,8723353989.690563,43810.0,6336935031.6078,2352.462646484375,1998.300048828125,3.819999933242798,20777.8,7737385.0,0.5096,38354808.04194675,129257695618.0,469156589.98176646,,3186861.0,0.0008980983,1.611,0.0002167666666666
2023-12-11,41253.4,43789.5,43804.5,40222.0,29362145348.355835,41271.0,25927086771.59747,2224.578857421875,1978.0,3.7799999713897705,20777.8,7737385.0,0.4793,41184489.09581378,129234621474.0,528635574.13248897,,11532682.0,0.0008469513,1.474,0.0001157666666666
2023-12-12,41492.39,41253.41,42104.12,40680.0,17566153735.17226,41515.0,14804780111.22747,2202.0380859375,1977.800048828125,3.78600001335144,20777.8,7737385.0,0.4814,37374587.200212434,128749632224.0,481794448.28640914,,7102704.0,0.0008435286,1.576,0.0001
2023-12-13,42869.03,41492.38,43475.2,40555.0,19295403830.773693,42875.0,16618328876.25431,2260.648681640625,1982.300048828125,3.78600001335144,20777.8,7739566.0,0.4986,38842550.02996523,128503141470.0,498523421.1145884,,7683636.0,0.0008824055,1.544,0.0001155733333333
2023-12-14,43022.26,42869.03,43420.0,41400.0,18339906012.200226,43032.4,15456710755.29236,2316.5791015625,2030.199951171875,3.888499975204468,20777.8,7739566.0,0.4993,39074907.9281906,128802690893.0,488486038.3812697,,7345796.0,0.0008799022,1.676,0.0001
2023-12-15,41940.3,43022.26,43080.81,41666.0,13936316916.344006,41968.0,10899991321.40501,2219.33740234375,2021.0999755859373,3.884999990463257,20777.8,7739566.0,0.486,43163551.94012254,128977699914.0,545364546.9606683,,5821864.0,0.0008587872,1.567,0.0001
2023-12-16,42278.03,41940.29,42724.43,41605.0,9926899609.556828,42287.4,6792519091.8989,2226.926513671875,2021.0999755859373,3.884999990463257,20777.8,7739566.0,0.4884,40138498.29556734,129364209000.0,508560808.6658516,,3732819.0,0.0008634144,1.514,0.0001
2023-12-17,41374.65,42278.02,42424.07,41252.0,11432822298.233845,41396.5,9421985303.21506,2196.481201171875,2021.0999755859373,3.884999990463257,20777.8,7739566.0,0.4787,39243348.21398553,129411842130.0,501869218.570991,,5053326.0,0.0008503683,1.739,0.0001
2023-12-18,42657.8,41374.64,42757.81,40542.93,17930673320.96061,42671.7,15562426218.22632,2217.2734375,2026.300048828125,3.848000049591065,20777.8,7739566.0,0.4926,43485411.71897599,129366663563.0,562093524.6067921,,7958196.0,0.0008655535,1.658,0.0001298866666666
2023-12-19,42275.99,42657.8,43497.0,41811.1,17175372059.404438,42298.3,13457649560.46984,2177.87255859375,2038.4000244140625,3.8959999084472656,20777.8,7739566.0,0.4878,43163827.91494275,129494836897.0,542018754.3222103,,6973030.0,0.0008604602,1.527,0.0001
2023-12-20,43668.93,42275.99,44283.0,42206.0,20689501593.596752,43708.9,16393157759.03438,2201.911376953125,2034.5,3.90149998664856,20777.8,7724063.0,0.5026,39294611.04687997,129767691979.0,485140240.9248672,,8016540.0,0.0008875177,1.543,0.0001471433333333
2023-12-21,43861.8,43668.92,44242.35,43286.72,16457537770.566284,43896.3,12123140366.35172,2239.54248046875,2039.0999755859373,3.908499956130981,20777.8,7724063.0,0.5051,39912128.00920042,129970511427.0,488486038.3812697,,6144395.0,0.0008934816,1.775,0.0002843566666666
2023-12-22,43969.04,43861.79,44398.26,43412.54,14886717919.301762,43999.2,10452147024.44062,2326.52490234375,2057.10009765625,3.8954999446868896,20777.8,7724063.0,0.506,46004366.58682949,129926310713.0,562093524.6067921,,5338835.0,0.0008878186,1.676,0.0002614233333333
2023-12-23,43702.16,43969.04,43988.68,43291.1,7711053119.911337,43725.2,5275597701.9703,2309.04638671875,2057.10009765625,3.8954999446868896,20777.8,7724063.0,0.503,43700790.16515806,130342067449.0,561495983.9886068,,2852233.0,0.0008875392,1.757,0.0001378366666666
2023-12-24,42991.5,43702.15,43946.0,42500.0,10528402446.447435,43008.4,7820621575.19171,2265.692138671875,2057.10009765625,3.8954999446868896,20777.8,7724063.0,0.4947,46522282.98830612,130463562351.0,612085087.5512701,,3969050.0,0.0008696769,1.442,0.0001683966666666
2023-12-25,43576.13,42991.5,43802.32,42720.43,11648287422.429829,43611.9,7998973036.56107,2272.561767578125,2057.10009765625,3.8954999446868896,20777.8,7724063.0,0.5005,37656640.76574806,130547850033.0,497542850.09060687,,4333562.0,0.0008847415,1.401,0.0001930266666666
2023-12-26,42508.93,43576.12,43592.68,41637.6,16660145401.07816,42538.5,12579682837.18391,2231.46533203125,2058.199951171875,3.8954999446868896,20777.8,7724063.0,0.4866,37003800.116000704,130492129402.0,497542850.09060687,,6115683.0,0.000858552,1.326,0.0003223566666666
2023-12-27,43428.85,42508.93,43677.0,42098.69,14935028105.38543,43453.8,10800417570.90282,2378.739990234375,2081.89990234375,3.94350004196167,20777.8,7712781.0,0.4961,34603979.72709859,130139478525.0,461748397.6626492,,5415735.0,0.0008766353,1.22,0.0003262233333333
2023-12-28,42563.76,43428.86,43787.57,42241.79,16396107741.644844,42600.1,11056852869.47034,2347.566162109375,2073.89990234375,3.913000106811523,20777.8,7712781.0,0.4867,32469157.21897811,130409338910.0,433112840.8746837,,5862198.0,0.0008603654,1.494,0.00033684
2023-12-29,42066.95,42563.76,43111.0,41300.0,18570676205.57255,42095.1,14290101442.75712,2300.690673828125,2062.39990234375,3.880500078201294,20777.8,7712781.0,0.4779,39950593.661175534,130418310124.0,540496187.8497554,,6915724.0,0.0008409919,1.439,0.0005072133333333
2023-12-30,42140.28,42066.94,42612.32,41520.3,10621312330.206734,42174.2,7750535197.76647,2292.0654296875,2062.39990234375,3.880500078201294,20777.8,7712781.0,0.4801,38166180.30096588,130434024452.0,519019516.3929808,,4108311.0,0.0008512515,1.544,0.0003815166666666
2023-12-31,42283.58,42140.29,42899.0,41965.84,10969941792.596684,42314.0,7373114617.21853,2281.47119140625,2062.39990234375,3.880500078201294,20777.8,7712781.0,0.48,41359865.60460726,130372968399.0,558393411.4865339,,3939742.0,0.0008551009,1.597,0.0003200833333333
2024-01-01,44179.55,42283.58,44184.1,42180.77,11806443434.525948,44230.2,8897557996.51846,2352.327880859375,2062.39990234375,3.880500078201294,20843.7,7712781.0,0.5012,41548284.98049186,130201325616.0,554813968.8209385,,4761195.0,0.0008756178,1.374,0.00032741
2024-01-02,44946.91,44179.55,45879.63,44148.34,27284669802.4252,44979.8,20799115632.46685,2355.83642578125,2064.39990234375,3.86899995803833,20843.7,7712781.0,0.5102,37030410.269454926,130345987555.0,468907288.1482408,,9936650.0,0.0009051379,1.573,0.00051585
2024-01-03,42845.23,44946.91,45500.0,40750.0,30765962749.46698,42849.5,25726152649.43654,2210.761962890625,2034.199951171875,3.847500085830689,20843.7,7681024.0,0.485,42789182.24571715,130865872907.0,565552301.9721255,,12071997.0,0.0008586969,1.745,0.00016094
2024-01-04,44151.1,42845.23,44729.58,42613.77,21185285497.250168,44143.8,14582787988.83859,2269.0380859375,2042.300048828125,3.8310000896453857,20843.7,7681024.0,0.4978,46385624.51931082,131412477767.0,608505644.8856747,,8045103.0,0.0008903222,1.41,0.0001
2024-01-05,44145.11,44151.1,44357.46,42450.0,24135012622.232086,44145.4,16383172715.24129,2268.647216796875,2042.4000244140625,3.794500112533569,20843.7,7681024.0,0.4959,37728173.95398829,131856773862.0,493963402.2706108,,9047583.0,0.0008783504,1.421,0.0001
2024-01-06,43968.32,44145.12,44214.42,43397.05,12186174161.40114,43956.7,6067670136.35873,2241.624755859375,2042.4000244140625,3.794500112533569,20843.7,7681024.0,0.4931,38360622.90641834,132458836013.0,509355148.23104286,,3962512.0,0.0008774251,1.193,0.0001
2024-01-07,43929.02,43968.32,44480.59,43572.09,14699068325.61645,43916.9,7960341657.87697,2222.865966796875,2042.4000244140625,3.794500112533569,20843.7,7681024.0,0.492,32510965.116436925,132731369578.0,429363545.3243672,,4920011.0,0.000877956,1.33,0.0001
2024-01-08,46951.04,43929.01,47248.99,43175.0,30022765656.96371,46972.7,22401426143.93918,2333.03271484375,2026.5999755859373,3.799499988555908,20843.7,7681024.0,0.525,34679875.27419786,132777068600.0,447556920.0629499,,11624780.0,0.000939159,1.608,0.0001
2024-01-09,46110.0,46951.04,47972.0,44748.67,29281138761.73767,46114.0,23864636393.45204,2344.8271484375,2026.4000244140625,3.748500108718872,20843.7,7681024.0,0.5148,44123584.69201083,133127373913.0,553078470.4920906,,12414212.0,0.0009190231,1.427,0.0001
2024-01-10,46653.99,46110.0,47695.93,44300.36,38319178405.112,46662.9,30628280360.85305,2582.103515625,2021.699951171875,3.7809998989105225,20843.7,7686710.0,0.5216,38106001.15719153,133219921528.0,483943659.060734,,16282889.0,0.000934458,1.832,0.0001
2024-01-11,46339.16,46654.0,48969.48,45606.06,35427785566.40984,46337.8,28052864785.47425,2619.619140625,2014.300048828125,3.77649998664856,20843.7,7686710.0,0.5163,50579649.473161496,133393435986.0,629490625.5312515,,15736658.0,0.0009227482,1.638,0.0001
2024-01-12,42782.73,46339.16,46515.53,41500.0,33018071174.45508,42788.9,25506347481.11302,2524.460205078125,2046.699951171875,3.740000009536743,20843.7,7686710.0,0.4765,46701776.95662187,133676724449.0,611297256.0323596,,14318704.0,0.0008462911,1.548,0.0001
2024-01-13,42847.99,42782.74,43257.0,42436.12,14529872876.893744,42846.4,8903288166.33136,2576.597900390625,2046.699951171875,3.740000009536743,20843.7,7686710.0,0.4767,42580535.28618588,133133330400.0,578549188.8384776,,6143656.0,0.0008549736,1.217,0.0001
2024-01-14,41732.35,42847.99,43079.0,41720.0,11900260302.788908,41734.9,7710193172.30398,2472.2412109375,2046.699951171875,3.740000009536743,20843.7,7686710.0,0.4647,34086142.901185386,133760587265.0,465750289.5618419,,5215979.0,0.0008424127,1.099,0.0001
2024-01-15,42511.1,41732.35,43400.43,41718.05,15570265363.998665,42515.0,10237828482.80086,2511.36376953125,2046.699951171875,3.740000009536743,20843.7,7686710.0,0.4725,30353261.360322617,133725698553.0,414808852.869068,,6588333.0,0.0008481805,1.222,0.0001
2024-01-16,43137.95,42511.1,43578.01,42050.0,17351232520.54801,43133.0,12326619430.2348,2587.691162109375,2026.0,3.766499996185303,20843.7,7686710.0,0.4778,33540488.71129052,133665221475.0,454834268.91044486,,7328283.0,0.0008613728,1.168,0.0001
2024-01-17,42776.1,43137.94,43198.0,42200.69,15268023742.996248,42783.4,8935030009.19649,2528.369384765625,2002.5999755859373,3.732500076293945,20843.7,7673741.0,0.4717,32274957.47733575,133590261048.0,440279571.2154549,,5909376.0,0.0008457241,1.323,0.0001
2024-01-18,41327.5,42776.09,42930.0,40683.28,18729428679.3551,41323.1,14029461752.96119,2467.018798828125,2018.5999755859373,3.744999885559082,20843.7,7673741.0,0.4525,37156767.572355,134212215064.0,516691726.2546159,,8542337.0,0.0008193165,1.238,0.0001
2024-01-19,41659.03,41327.51,42196.86,40280.0,19340622976.53528,41662.2,14252164353.07918,2489.49853515625,2026.5,3.786999940872192,20843.7,7673741.0,0.4566,34010674.41982404,133612000520.0,480304987.256832,,8859128.0,0.000823623,1.341,0.0001
2024-01-20,41696.04,41659.03,41872.56,41456.3,7471539069.811631,41691.8,3989874076.29828,2469.589111328125,2026.5,3.786999940872192,20843.7,7673741.0,0.4574,37179272.50771478,133735899933.0,512668948.5237081,,2722507.0,0.0008273591,1.306,0.0001
2024-01-21,41580.33,41696.05,41881.39,41500.98,5834516613.048973,41580.0,2795034232.08641,2453.9130859375,2026.5,3.786999940872192,20843.7,7673741.0,0.4556,36462565.72855716,133933021455.0,489551346.64456606,,2084407.0,0.0008250091,1.42,0.0001
2024-01-22,39568.02,41580.32,41689.65,39431.58,24426764355.422382,39567.0,18601094756.09346,2310.826416015625,2019.800048828125,3.763999938964844,20843.7,7673741.0,0.4288,40481761.68635114,133721133422.0,559487254.0274162,,10484165.0,0.0007874097,1.37,0.0001
2024-01-23,39897.6,39568.02,40176.74,38555.0,21609006516.55984,39890.0,16262676717.26893,2240.68603515625,2023.699951171875,3.7904999256134033,20843.7,7673741.0,0.4308,37846675.93694813,133699894416.0,538506480.3019456,,9432528.0,0.0007794412,1.344,0.0001
2024-01-24,40084.88,39897.59,40555.0,39484.19,15951253511.421583,40078.7,10898797410.02247,2233.561767578125,2013.9000244140625,3.882499933242798,20843.7,7677230.0,0.4348,37447141.98899046,134389818831.0,524519302.8536838,,6833483.0,0.0007866894,1.611,0.0001
2024-01-25,39961.09,40084.89,40300.24,39550.0,12976829343.92052,39953.3,8134002285.16447,2217.710205078125,2016.9000244140625,3.865499973297119,20843.7,7677230.0,0.4318,45162384.90055028,134495756624.0,632919954.5134856,,5180335.0,0.0007873537,1.417,0.0001
2024-01-26,41823.51,39961.09,42246.82,39822.52,18852906524.899963,41806.4,14627005545.1065,2267.19970703125,2016.800048828125,3.850500106811523,20843.7,7677230.0,0.4576,39008919.189960174,134630780468.0,531512894.0955074,,8221996.0,0.0008251498,1.6,0.0001
2024-01-27,42120.63,41823.51,42200.0,41394.34,7353349765.843754,42102.2,4949330917.72336,2267.885986328125,2016.800048828125,3.850500106811523,20843.7,7677230.0,0.4608,44699523.67304277,134926706631.0,597952003.3397532,,3150695.0,0.0008288489,1.49,9.088666666666666e-05
2024-01-28,42031.06,42120.63,42842.68,41620.81,11781548344.386202,42021.2,8694654832.16972,2257.208740234375,2016.800048828125,3.850500106811523,20843.7,7677230.0,0.4588,42240339.07708572,134985953703.0,559487254.0274162,,5206285.0,0.0008226275,1.492,8.241666666666667e-05
2024-01-29,43302.7,42031.05,43333.0,41804.88,14639071501.804312,43287.7,10615111402.26071,2317.064208984375,2025.199951171875,3.872999906539917,20843.7,7677230.0,0.4738,41454629.80402029,135016200699.0,545500071.5437692,,6392628.0,0.0008484156,1.367,9.714e-05
2024-01-30,42941.1,43302.71,43882.36,42683.99,18349072009.812607,42918.3,11174336066.69975,2344.49365234375,2031.5,3.9065001010894775,20843.7,7677230.0,0.4693,39070830.31287571,135257869329.0,503538529.1282132,,6587208.0,0.0008513433,1.231,8.213666666666667e-05
2024-01-31,42580.0,42941.1,43745.11,42276.84,19288404615.7281,42560.5,13443352429.15163,2282.54443359375,2048.39990234375,3.902499914169312,20843.7,7630124.0,0.464,35145188.688999824,135216096449.0,458080188.5740528,,7799075.0,0.0008355023,1.449,7.384666666666667e-05
2024-02-01,43082.94,42580.0,43285.13,41884.28,16159067185.125492,43072.6,11658501786.30592,2303.82470703125,2053.0,3.8524999618530273,20926.9,7630124.0,0.4691,40670207.70195282,135413071258.0,535009687.1987265,,6811645.0,0.000840745,1.781,0.0001
2024-02-02,43200.0,43082.95,43488.0,42546.79,13752799626.824636,43182.0,8854896870.13836,2308.0380859375,2036.0999755859373,3.821500062942505,20926.9,7630124.0,0.4705,50561356.71971794,135372303389.0,677399664.675745,,5349803.0,0.0008441711,1.422,0.0001
2024-02-03,43011.09,43199.99,43380.01,42880.0,8116292569.192256,42992.4,3867372627.98708,2296.038330078125,2036.0999755859373,3.821500062942505,20926.9,7630124.0,0.4683,40664374.85385835,135487715325.0,566738184.0279739,,2421055.0,0.0008427897,1.443,8.232333333333334e-05
2024-02-04,42582.88,43011.1,43119.04,42222.0,11439631038.176472,42570.3,5453304864.80739,2289.546142578125,2036.0999755859373,3.821500062942505,20926.9,7630124.0,0.4631,41513572.50424698,135486380043.0,581751117.2721473,,3332123.0,0.0008283827,1.451,9.051e-05
2024-02-05,42708.7,42582.88,43569.76,42258.1,14019123053.869543,42692.9,10308099591.89269,2298.888916015625,2025.699951171875,3.7720000743865967,20926.9,7630124.0,0.4633,41687371.22095319,135536745852.0,585504347.8808628,,6214132.0,0.0008302348,1.595,0.0001
2024-02-06,43098.95,42708.7,43399.98,42574.0,12225402509.46841,43079.1,8429315912.62482,2372.201904296875,2034.5,3.7825000286102295,20926.9,7630124.0,0.4686,45605681.11004667,135501726814.0,638049614.2354698,,4893787.0,0.0008428696,1.538,8.907666666666668e-05
2024-02-07,44349.6,43098.96,44396.5,42788.0,15316253532.658257,44326.2,10954644814.28782,2423.7451171875,2035.199951171875,3.737499952316284,20926.9,7631300.0,0.4818,43308274.41398344,135690698788.0,600517281.1250362,,6173756.0,0.0008610776,1.356,7.068666666666666e-05
2024-02-08,45288.65,44349.6,45614.3,44331.1,19536978851.746246,45269.1,13472865468.76801,2419.906494140625,2032.199951171875,3.705499887466431,20926.9,7631300.0,0.4935,38780701.67184693,135817821243.0,517946153.6867381,,7275186.0,0.0008824792,1.693,6.375e-05
2024-02-09,47132.77,45288.66,48200.0,45242.12,30112598279.471947,47116.1,24408544252.73436,2487.515625,2023.300048828125,3.686000108718872,20926.9,7631300.0,0.5124,48704239.02780656,136177600205.0,623036680.9912964,,11889120.0,0.0009200943,1.567,7.653666666666667e-05
2024-02-10,47751.09,47132.78,48170.0,46800.0,11895413196.376509,47732.6,8517076446.277,2501.228271484375,2023.300048828125,3.686000108718872,20926.9,7631300.0,0.5182,45031765.27814253,136507316371.0,570491420.041345,,4782398.0,0.0009303572,1.422,9.347e-05
2024-02-11,48299.99,47751.08,48592.66,47557.16,14643577379.304296,48303.4,10111698916.38982,2507.570556640625,2023.300048828125,3.686000108718872,20926.9,7631300.0,0.5219,41239301.94574719,136685198238.0,514192923.0780225,,5765005.0,0.0009358733,1.92,0.0001
2024-02-12,49917.27,48300.0,50334.82,47710.01,26632665172.74939,49943.6,22160439674.1704,2658.115966796875,2018.199951171875,3.7284998893737793,20926.9,7631300.0,0.5378,54683849.09817288,136809329644.0,671828711.3325322,,11293921.0,0.0009699843,1.435,0.0001
2024-02-13,49699.59,49917.28,50368.61,48300.95,25055667611.8666,49696.4,18877386934.6482,2642.185302734375,1992.9000244140625,3.71399998664856,20926.9,7631300.0,0.5337,41709754.35374476,136568604162.0,506686456.45593584,,9910788.0,0.000959971,1.54,0.0001
2024-02-14,51795.17,49699.6,52043.71,49225.01,26775060453.8233,51823.2,20230765100.11763,2777.90234375,1990.300048828125,3.700500011444092,20926.9,7633874.0,0.5513340066914422,44278599.1535669,136767920248.0,521699389.7001092,,10377212.0,0.0010020078,1.738,0.00010761
2024-02-15,51880.0,51795.17,52816.62,51314.0,27625273309.724106,51898.5,20470765163.49206,2824.37890625,2002.0999755859373,3.756500005722046,20926.9,7633874.0,0.5490405722107858,51107471.149419904,137113369887.0,606890743.6292629,,10300125.0,0.000999221,1.488,0.0001
2024-02-16,52124.11,51880.01,52572.08,51566.0,20451549143.85338,52148.6,13526420001.52013,2803.69140625,2011.5,3.838000059127808,20926.9,7633874.0,0.5495370629623225,43578834.88606556,137603769436.0,544386619.0220116,,7265265.0,0.001844,1.646,0.0001
2024-02-17,51642.64,52124.1,52162.82,50625.0,14001936198.914305,51679.4,11434408252.82568,2786.672607421875,2011.5,3.838000059127808,20926.9,7633874.0,0.547735488570768,48359525.68817069,137817569552.0,609388005.4074552,,5951203.0,0.001825,1.338,0.0001201366666666
2024-02-18,52137.67,51642.64,52377.0,51163.28,11815538365.831429,52175.9,8636668534.04451,2878.998046875,2011.5,3.838000059127808,20926.9,7633874.0,0.5477163909104006,39135882.62730282,137965500853.0,491572990.75567466,,5079096.0,0.00184,1.492,0.0001654666666666
2024-02-19,51774.73,52137.68,52488.77,51677.0,16053404889.790709,51813.8,10243057368.09604,2943.57470703125,2011.5,3.838000059127808,20926.9,7633874.0,0.549868640656157,44311964.4037554,137971132544.0,552511787.2013328,,6115396.0,0.001827,1.558,0.0001866166666666
2024-02-20,52258.82,51774.74,52985.0,50760.37,25274105827.246773,52297.4,20209071433.34851,3013.503662109375,2027.5,3.866499900817871,20926.9,7633874.0,0.5464830801281205,45706738.14949395,138027204056.0,572824725.2000104,,9975787.0,0.001843,1.506,0.0001387733333333
2024-02-21,51849.39,52258.82,52366.8,50625.0,21415838018.035225,51877.8,15814919137.63912,2970.35546875,2022.300048828125,3.874500036239624,20926.9,7581683.0,0.5503329269088052,44281025.41351375,138109512049.0,560636961.2307789,,8439373.0,0.001821,1.457,0.00010414
2024-02-22,51288.42,51849.38,52065.78,50940.78,18951200748.92324,51316.9,12596855772.34223,2971.00732421875,2019.699951171875,3.8975000381469727,20926.9,7581683.0,0.5457467523867406,43483236.2983025,138267306756.0,548449203.1116722,,6769539.0,0.0009902185,1.696,0.0001201233333333
2024-02-23,50744.15,51288.42,51548.54,50521.0,15783087951.650831,50771.9,11000943935.5279,2921.658203125,2038.5999755859373,3.881999969482422,20926.9,7581683.0,0.5350647848799217,50733415.26956488,138482000121.0,645951285.6149,,5990253.0,0.0009750084,1.481,0.0001099699999999
2024-02-24,51568.22,50744.15,51698.0,50585.0,11313682830.199408,51602.1,5375932540.32768,2992.385986328125,2038.5999755859373,3.881999969482422,20926.9,7581683.0,0.5354131949895811,43779501.81811524,138833674728.0,556574377.1411183,,3366110.0,0.0009893256,1.772,0.0001
2024-02-25,51728.85,51568.21,51958.55,51279.8,11105228654.53203,51764.9,6314690489.48664,3112.697265625,2038.5999755859373,3.881999969482422,20926.9,7581683.0,0.5417157881362764,52929850.6159804,138907857897.0,666264217.7634528,,3737898.0,0.000991086,1.512,0.0001383733333333
2024-02-26,54476.47,51728.85,54910.0,50901.44,25275362191.33232,54511.6,20859521852.00051,3178.99365234375,2028.5,3.8239998817443848,20926.9,7581683.0,0.5419337908575541,43699421.99346149,138953272602.0,540324029.0822262,,9592195.0,0.0010472719,1.53,0.00025185
2024-02-27,57037.34,54476.48,57588.15,54450.13,36530678332.18108,57074.5,28943003745.31963,3244.519287109375,2034.0,3.8310000896453857,20926.9,7581683.0,0.5629654618292023,45573884.5121704,139462905653.0,524073681.0233341,,12893353.0,0.0010888622,1.928,0.00042916
2024-02-28,62432.1,57037.35,64000.0,56691.85,61630183834.71898,62487.9,61121395260.18302,3385.703857421875,2033.0,3.827500104904175,20926.9,7567807.0,0.5766722233112497,56150549.98241666,139730272823.0,605325415.4676697,,22566644.0,0.0011697818,1.688,0.0003464966666666
2024-02-29,61130.98,62432.11,63676.35,60364.7,51383681227.09809,61203.3,36342923573.76713,3341.919677734375,2045.699951171875,3.8345000743865967,20926.9,7567807.0,0.6091796212110475,51590662.744895145,140355180928.0,540324029.0822262,,16110746.0,0.0011609659,1.983,0.0006748633333333
2024-03-01,62387.9,61130.99,63114.23,60777.0,30161808846.58596,62430.6,18555341528.19973,3435.053955078125,2086.89990234375,3.8550000190734863,20973.2,7567807.0,0.5992226408574308,59625848.14408525,140756095217.0,607463923.1349978,,8933298.0,0.0011925754,1.619,0.0005471866666666
2024-03-02,61987.28,62387.9,62433.19,61561.12,17353023221.42049,62039.9,9880073062.42179,3422.0498046875,2086.89990234375,3.8550000190734863,20973.2,7567807.0,0.6057061142389741,49228258.1674797,141382054183.0,500960507.5972892,,5154564.0,0.0011766593,1.999,0.0004899866666666
2024-03-03,63113.97,61987.28,63231.88,61320.0,19408021495.34189,63178.5,12480586261.48198,3490.99365234375,2086.89990234375,3.8550000190734863,20973.2,7567807.0,0.6101231442588005,60322813.32278186,141644485309.0,611408497.2364957,,6288241.0,0.0011964752,1.793,0.00044618
2024-03-04,68245.71,63113.97,68499.0,62300.0,54304435277.66785,68296.4,41606992664.57328,3630.433837890625,2117.699951171875,3.8519999980926514,20973.2,7567807.0,0.6085792429035591,52839616.68990021,141751420421.0,508849650.1201027,,18066773.0,0.0012891446,2.171,0.0005517466666666
2024-03-05,63724.01,68245.71,69000.0,59005.0,77811201865.36084,63747.4,68785497181.28033,3554.964599609375,2133.5,3.8440001010894775,20973.2,7567807.0,0.6096202204705825,68101372.51571663,142144944124.0,658743346.6931943,,26865680.0,0.0012011523,1.875,0.00073359
2024-03-06,66074.04,63724.01,67641.1,62779.14,52276777892.578,66128.1,35282709655.61008,3819.226318359375,2150.300048828125,3.870500087738037,20973.2,7538857.0,0.6036416350918022,57736884.831482,142263779206.0,552239931.1554856,,16048633.0,0.0012481474,2.434,0.0003983666666666
2024-03-07,66823.17,66074.04,67980.0,65551.0,34067454187.25051,66870.0,19831473590.1586,3874.34765625,2158.0,3.919500112533569,20973.2,7538857.0,0.6199198126186596,75251579.7868508,142935446321.0,710022770.2513908,,9793579.0,0.0012696998,2.113,0.0004183733333333
2024-03-08,68124.19,66823.18,69990.0,66082.66,43340349669.43098,68180.2,31244040068.19154,3892.06103515625,2178.60009765625,3.884999990463257,20973.2,7538857.0,0.6171901651050411,65419236.04589584,143009725893.0,607463923.1349978,,13514613.0,0.0012892594,2.231,0.0004707633333333
2024-03-09,68313.27,68124.2,68541.1,67861.1,15166591704.67527,68360.1,6480692325.8141,3915.4189453125,2178.60009765625,3.884999990463257,20973.2,7538857.0,0.6237372641016503,69699956.48215833,144223198741.0,642965061.6475674,,3557577.0,0.0012897595,1.962,0.0002560733333333
2024-03-10,68955.88,68313.28,69887.61,68094.75,26168720224.05769,69001.8,16185393841.67323,3881.193115234375,2178.60009765625,3.884999990463257,20973.2,7538857.0,0.6236771552264513,61921419.07747097,144501390324.0,564073647.779797,,7707868.0,0.001290353,2.433,0.0004964666666666
2024-03-11,72078.1,68955.88,72800.0,67024.96,50575708636.50377,72153.8,33718116318.4871,4066.445068359375,2182.5,3.922499895095825,20973.2,7538857.0,0.6399411383484879,75398290.33680889,145011458216.0,670577063.3175056,,14598384.0,0.0013657217,1.989,0.0006010433333333
2024-03-12,71452.01,72078.1,73000.0,68620.82,48515417713.20935,71503.2,33679961862.9098,3980.273193359375,2160.39990234375,3.924999952316284,20973.2,7538857.0,0.6367444195621424,62911713.96100673,145802348234.0,556184505.2569835,,14614185.0,0.001337698,2.3,0.0004590166666666
2024-03-13,73072.41,71452.0,73650.25,71333.31,36392389193.16928,73127.6,20996680531.98601,4006.45703125,2175.39990234375,4.052499771118164,20973.2,7541969.0,0.635749530933191,72748697.9335025,145853653551.0,631131350.7034383,,9758271.0,0.0013684526,1.976,0.00047682
2024-03-14,71388.94,73072.4,73777.0,68555.0,46392007026.817535,71455.5,36716558419.97936,3883.140380859375,2163.0,4.037000179290772,20973.2,7541969.0,0.6344837320509735,62846622.52694908,146535619119.0,580862770.2919041,,15645823.0,0.0013401296,1.723,0.0003380133333333
2024-03-15,69499.85,71388.94,72419.71,65600.0,61405988135.89102,69552.2,48272589072.43203,3735.22021484375,2157.300048828125,4.112500190734863,20973.2,7541969.0,0.6258303585764298,54354330.99175943,146595686738.0,529980319.0136912,,21295845.0,0.0012937811,1.836,0.0002271633333333
2024-03-16,65300.63,69499.84,70043.0,64780.0,36051705797.02689,65351.0,22541723738.08737,3522.860107421875,2157.300048828125,4.112500190734863,20973.2,7541969.0,0.614658987599848,60945324.425737776,146673288737.0,600922569.4689919,,10758426.0,0.0012388926,1.937,0.0001800499999999
2024-03-17,68393.48,65300.64,68904.4,64533.0,33307605497.96553,68447.9,21028336103.89335,3642.4130859375,2157.300048828125,4.112500190734863,20973.2,7541969.0,0.6067887177283686,60986794.12148733,146892079729.0,609268716.934864,,10282368.0,0.001276352,1.89,0.00018563
2024-03-18,67609.99,68393.47,68956.0,66565.2,37510916367.71747,67660.0,21525969323.10516,3517.985107421875,2160.699951171875,4.114500045776367,20973.2,7541969.0,0.6061088773803749,60857400.92916468,146792968847.0,600922569.4689919,,11226245.0,0.0012577038,1.879,0.0002599099999999
2024-03-19,61937.4,67610.0,68124.11,61555.0,59465278319.02393,61974.1,45022413705.43772,3157.6181640625,2156.300048828125,4.058499813079834,20973.2,7541969.0,0.6027258969188708,63133780.12293506,147433561094.0,655172524.9925482,,20258119.0,0.0011681364,1.946,0.0002666866666666
2024-03-20,67840.51,61937.41,68100.0,60775.0,51160014412.63377,67876.4,40691118766.89385,3513.39306640625,2157.89990234375,4.03849983215332,20973.2,7514348.0,0.6036507292303664,59449596.67954851,147283458148.0,621787935.1290596,,18456715.0,0.0012593501,1.509,0.00014745
2024-03-21,65501.27,67840.51,68240.47,64529.01,34129034395.375607,65539.9,23114287433.97302,3492.9912109375,2182.39990234375,4.046500205993652,20973.2,7514348.0,0.6019667659654795,49899970.40797973,147375181139.0,500768805.88775134,,11534444.0,0.0012153954,1.644,0.0001640566666666
2024-03-22,63796.64,65501.28,66649.62,62260.0,31519470641.97943,63826.0,25742798562.87778,3333.68798828125,2158.10009765625,3.996000051498413,20973.2,7514348.0,0.5871130441421366,54127739.69362315,147765183965.0,563364908.8771799,,12262414.0,0.0011676902,1.92,0.0001275466666666
2024-03-23,63990.01,63796.64,65999.0,63000.0,18197792601.2456,64020.3,15454464441.79797,3336.593994140625,2158.10009765625,3.996000051498413,20973.2,7514348.0,0.5755187039699795,62923679.05125543,147960112249.0,650999448.2549993,,7239877.0,0.0012022123,2.179,0.0001026866666666
2024-03-24,67209.99,63990.02,67628.69,63772.29,20060715756.59044,67260.9,15988550837.61994,3454.636474609375,2158.10009765625,3.996000051498413,20973.2,7514348.0,0.593488199666733,69557116.56754258,148075289390.0,709422480.5161047,,7945047.0,0.001237187,1.757,0.00013617
2024-03-25,69880.01,67210.0,71150.0,66385.06,32837738467.85908,69920.5,27232095366.19894,3590.8837890625,2174.800048828125,4.006999969482422,20973.2,7514348.0,0.5890390962818758,56432928.07157915,148159318551.0,550845690.6829845,,12102661.0,0.0012997843,1.779,0.0002356266666666
2024-03-26,69988.0,69880.0,71561.1,69280.0,27265567855.11421,70044.1,21669886112.75456,3587.5048828125,2175.60009765625,3.996000051498413,20973.2,7514348.0,0.6029199202601065,58876940.6036148,149333684663.0,559191838.1488568,,9922388.0,0.0012938517,1.78,0.0002235833333333
2024-03-27,69469.99,69987.99,71769.54,68359.18,31021853535.58413,69532.6,28455795608.20996,3500.115234375,2190.60009765625,3.992500066757202,20973.2,7484739.0,0.6039025859569772,59291948.87086928,149609103401.0,567537979.6055032,,11803116.0,0.001280063,2.027,0.0003397966666666
2024-03-28,70780.6,69469.99,71552.06,68903.62,25334011626.89758,70838.7,17082567361.70556,3561.2939453125,2217.39990234375,4.003499984741211,20973.2,7484739.0,0.5988589441267251,66961932.92743027,149450020253.0,630471212.2216165,,8136872.0,0.0013038321,1.89,0.0002784133333333
2024-03-29,69850.54,70780.6,70916.16,69009.0,18566591629.48141,69903.6,13153542392.49107,3511.80615234375,2217.39990234375,4.003499984741211,20973.2,7484739.0,0.6059778771696519,62993232.756971866,149902591583.0,595046224.9834744,,6590397.0,0.0012837822,2.02,0.0002462533333333
2024-03-30,69582.18,69850.53,70321.1,69540.0,12271781755.89373,69642.1,6381178971.24793,3507.9443359375,2217.39990234375,4.003499984741211,20973.2,7484739.0,0.599312257988571,67814587.76255219,150118989423.0,640501145.6086524,,3407242.0,0.0012801315,1.82,0.0002875033333333
2024-03-31,71280.01,69582.17,71366.0,69562.99,14578790431.79353,71363.0,9355678962.74715,3647.8564453125,2217.39990234375,4.003499984741211,20973.2,7484739.0,0.5993145596818199,60424474.860927366,150123801238.0,566120367.485718,,4555190.0,0.0012975586,1.946,0.0003751366666666
2024-04-01,69649.8,71280.0,71288.23,68062.86,26850294318.81347,69700.0,19638685563.10507,3505.030029296875,2236.5,4.046000003814697,20958.8,7484739.0,0.6058546454360625,65143350.15773286,150042870277.0,619839819.6746066,,8669553.0,0.0012751784,1.798,0.0004370699999999
2024-04-02,65463.99,69649.81,69674.23,64550.0,39881550609.91702,65505.3,33033080048.77764,3277.234619140625,2261.0,4.070000171661377,20958.8,7484739.0,0.5950401951750001,61288807.253890574,150585827918.0,611575288.1108959,,13905902.0,0.0012006672,1.736,0.0001246066666666
2024-04-03,65963.28,65463.99,66903.63,64493.07,26297427975.90356,65971.9,18154927438.74836,3311.44189453125,2294.39990234375,4.192999839782715,20958.8,7439558.0,0.5733395670607266,58576732.39673127,151474819530.0,586781693.4197637,,8328016.0,0.0012032135,1.741,0.0001
2024-04-04,68487.79,65963.27,69309.91,65064.52,26343883063.11972,68489.9,21993168904.27893,3330.04052734375,2288.800048828125,4.246500015258789,20958.8,7439558.0,0.5836592238698339,58089791.951449566,152516230074.0,570252630.2923422,,9822191.0,0.0012362304,1.848,0.0001
2024-04-05,67820.62,68487.8,68756.67,65952.56,25640658532.015312,67825.7,21110165189.20931,3318.88525390625,2325.699951171875,4.239500045776367,20958.8,7439558.0,0.5836592238698339,62377341.32947313,153547507518.0,611575288.1108959,,9617287.0,0.0012306601,1.963,0.0001
2024-04-06,68896.0,67820.63,69692.0,67447.83,14323229846.23936,68901.6,8691055181.73954,3354.183837890625,2325.699951171875,4.239500045776367,20958.8,7439558.0,0.5832310397790054,66087549.90704335,154399900172.0,640501145.6086524,,4792071.0,0.0012436064,2.153,0.0001
2024-04-07,69360.39,68896.0,70326.29,68824.0,15138811537.86139,69362.7,11941226271.93175,3453.49462890625,2325.699951171875,4.239500045776367,20958.8,7439558.0,0.5898075246313566,73760501.6172083,154606040301.0,702485129.3612517,,6420036.0,0.0012576364,2.061,0.0001
2024-04-08,71620.0,69360.38,72797.99,69043.24,28875649891.54952,71678.4,21244762968.03559,3695.292724609375,2331.699951171875,4.276999950408936,20958.8,7439558.0,0.5906332884612977,70222718.57945289,154587898624.0,652897939.9789873,,10868236.0,0.0013027562,1.828,0.0001839633333333
2024-04-09,69146.0,71620.0,71758.19,68210.0,28405710264.71392,69189.3,23375265337.43875,3505.163330078125,2343.5,4.285999774932861,20958.8,7439558.0,0.6028784961123125,63915841.68705549,154353390684.0,603310756.5471852,,11227571.0,0.0012559021,1.926,0.0002019299999999
2024-04-10,70631.08,69146.0,71172.08,67518.0,28962814434.426994,70681.7,23325641513.82547,3543.737060546875,2329.60009765625,4.2820000648498535,20958.8,7438176.0,0.5888205748104292,65185543.523209296,154042651741.0,627214744.5940204,,11092069.0,0.0012678945,1.668,0.00011462
2024-04-11,70006.23,70631.08,71305.89,69567.21,27552319634.95457,70055.7,18046895525.55698,3505.247802734375,2354.800048828125,4.251999855041504,20958.8,7438176.0,0.5955913331434644,58105715.52308386,154049089708.0,566860611.596584,,9010527.0,0.0012700433,1.642,0.0001796499999999
2024-04-12,67116.52,70006.22,71227.46,65086.86,34177744162.849422,67136.4,28466614548.62947,3243.034912109375,2356.199951171875,4.257500171661377,20958.8,7438176.0,0.5932224983602986,58317201.17258105,154215475620.0,584038201.0151991,,12017686.0,0.0012089615,1.899,0.0001636733333333
2024-04-13,63924.51,67116.52,67929.0,60660.57,40902828338.06994,63939.7,33367903479.68061,3004.900390625,2356.199951171875,4.257500171661377,20958.8,7438176.0,0.5766501637216295,66640663.4470025,154707231490.0,704281364.049109,,14906533.0,0.0011249657,1.844,0.0001
2024-04-14,65661.84,63924.52,65840.0,62134.0,37160799639.592255,65615.9,25338078893.58177,3156.94189453125,2356.199951171875,4.257500171661377,20958.8,7438176.0,0.5611007363909679,62865197.932299614,155557098175.0,674220574.8366151,,12663395.0,0.0011457205,1.595,0.0001
2024-04-15,63419.99,65661.85,66867.07,62274.4,32335365356.54884,63392.7,24677843958.38368,3101.600341796875,2365.800048828125,4.379000186920166,20958.8,7438176.0,0.5662862487942055,56879807.25869296,155471850986.0,605510198.6103525,,12435496.0,0.0011338241,1.872,7.253e-05
2024-04-16,63793.39,63419.99,64365.0,61600.0,31548815966.93896,63765.0,25471361626.3662,3084.920166015625,2390.800048828125,4.305500030517578,20958.8,7438176.0,0.550407403671193,64857618.93756324,155897190730.0,708575759.8577794,,12608062.0,0.0011510873,1.492,6.330333333333333e-05
2024-04-17,61277.37,63793.4,64499.0,59678.16,31596894355.67044,61254.5,27402345105.77818,2984.7275390625,2371.699951171875,4.34250020980835,20958.8,7405506.0,0.5528288318715433,53035115.86179886,156809364211.0,588332603.0078033,,13282838.0,0.0010990625,1.631,5.494333333333333e-05
2024-04-18,63470.08,61277.38,64117.09,60803.35,26148904945.77123,63445.0,22708533755.01486,3066.027587890625,2382.300048828125,4.440499782562256,20958.8,7405506.0,0.5343520652488777,56631797.0073878,154767099052.0,622687788.0289677,,11132897.0,0.001141465,1.678,3.195e-05
2024-04-19,63818.01,63470.09,65450.0,59600.01,37909145972.50822,63787.4,36332133260.93782,3059.278564453125,2398.39990234375,4.501999855041504,20958.8,7405506.0,0.5494796779563597,59812250.08750126,157769529749.0,648454181.4327914,,17086423.0,0.0011537622,0.745,3.133666666666667e-05
2024-04-20,64940.59,63818.01,65419.0,63090.07,15891642026.808817,64897.2,12657413510.99301,3157.627197265625,2398.39990234375,4.501999855041504,20958.8,7405506.0,0.5520365329313791,26280920.471201163,156591892230.0,558271813.7953093,,7024707.0,0.0011606305,0.803,4.479333333333333e-05
2024-04-21,64941.15,64940.58,65695.56,64237.5,14362412903.371738,64912.6,10421155519.373,3147.28857421875,2398.39990234375,4.501999855041504,20958.8,7405506.0,0.5597604333179415,28429394.23073191,156683290109.0,601215796.6177481,,6117733.0,0.0011585746,0.898,3.1213333333333335e-05
2024-04-22,66819.32,64941.15,67232.35,64500.0,20623347001.86002,66778.0,16249055489.46204,3201.652099609375,2332.199951171875,4.500500202178955,20958.8,7405506.0,0.5593268381651709,31336318.858534377,158967375214.0,652748583.4253956,,8856209.0,0.0011883014,0.984,2.601333333333333e-05
2024-04-23,66414.0,66819.32,67183.01,65765.81,19462626265.898613,66386.3,11872124257.8761,3219.91162109375,2327.699951171875,4.490499973297119,20958.8,7405506.0,0.5714300635270595,34884907.2294156,159408128435.0,721458959.6516583,,6578753.0,0.0011837738,0.877,9.736666666666668e-06
2024-04-24,64289.59,66414.0,67070.43,63606.06,27718342554.93626,64250.0,18306883252.6262,3139.80517578125,2324.5,4.4670000076293945,20958.8,7402434.0,0.5514058358671834,31712291.9959088,159415795694.0,672198686.5397469,,9410031.0,0.00114618,0.813,4.587333333333333e-05
2024-04-25,64498.34,64289.58,65297.94,62794.0,28707620993.863045,64478.8,17615966077.8484,3156.509521484375,2329.800048828125,4.570499897003174,20958.8,7402434.0,0.551883893152847,28650533.119267546,159920789908.0,626294685.533232,,9219413.0,0.0011544683,0.747,4.076333333333333e-05
2024-04-26,63770.01,64498.33,64820.01,63297.48,20386064276.94383,63748.8,12953589145.9185,3130.164794921875,2334.800048828125,4.568999767303467,20958.8,7402434.0,0.5536970928554936,26654062.31024177,159969960411.0,582497851.0693291,,7106797.0,0.0011383747,0.782,2.652e-05
2024-04-27,63461.98,63770.0,63923.41,62391.24,15423979925.466522,63421.0,10551185173.9539,3252.168212890625,2334.800048828125,4.568999767303467,20958.8,7402434.0,0.5481085535489507,27598625.21482922,159958906303.0,613155632.0406892,,6033023.0,0.001123994,0.776,6.768e-05
2024-04-28,63118.62,63461.98,64370.0,62781.0,13027183163.054718,63088.3,8016661482.1787,3262.774658203125,2334.800048828125,4.568999767303467,20958.8,7402434.0,,27863850.826668143,160036658405.0,613155632.0406892,,4677229.0,0.0011296777,0.737,5.6900000000000014e-06
2024-04-29,63866.0,63118.62,64228.35,61765.53,22930986561.209618,63842.4,14315434994.6138,3215.428955078125,2345.39990234375,4.658999919891357,20958.8,7402434.0,0.5481349195017877,25685362.52969696,160023388945.0,573738484.1765486,,8191125.0,0.0011175682,0.753,4.948e-05
2024-04-30,60672.0,63866.0,64734.0,59191.6,34462982531.45287,60651.2,25092892151.668,3012.286865234375,2291.39990234375,4.564499855041504,20958.8,7402434.0,0.5471531724156047,27101239.74732257,159811387207.0,617535318.6404513,,13282321.0,0.0010666426,0.676,9.631333333333332e-05
2024-05-01,58364.97,60672.01,60841.63,56552.82,45587834793.80991,58307.6,32693924650.62684,2969.78466796875,2299.89990234375,4.552499771118164,21019.9,7362474.0,0.5250715748801129,23955276.246371184,159865190952.0,578118170.7763107,,16607168.0,0.0010238599,0.756,9.616e-05
2024-05-02,59060.61,58364.97,59625.0,56911.84,28564412476.25579,59036.7,17487969119.06051,2988.16845703125,2299.199951171875,4.49399995803833,21019.9,7362474.0,0.505963558157002,26456252.070934847,159634296287.0,635054046.1192688,,8975541.0,0.0010461314,0.716,4.2266666666666666e-05
2024-05-03,62882.01,59060.6,63333.0,58811.32,29438221526.629417,62853.7,21564253109.5137,3103.5419921875,2299.0,4.573500156402588,21019.9,7362474.0,0.5119799419702787,24532828.072257053,159649622308.0,564979117.283768,,10701145.0,0.0011020505,0.793,9.259999999999998e-06
2024-05-04,63892.04,62882.01,64540.0,62541.03,16936782715.997578,63864.2,13034701951.8815,3117.576416015625,2299.0,4.573500156402588,21019.9,7362474.0,0.5406740945760566,27964279.00311616,160090376533.0,617535318.6404513,,6597038.0,0.0011272405,0.784,5.474333333333334e-05
2024-05-05,64012.0,63892.03,64646.0,62822.17,13467324569.206411,63988.0,11834485753.5008,3137.2490234375,2299.0,4.573500156402588,21019.9,7362474.0,0.5489255963472669,27700404.11819493,160462551100.0,608775951.7476709,,6203624.0,0.0011225648,0.679,3.815333333333334e-05
2024-05-06,63165.19,64012.0,65500.0,62700.0,24876170628.734028,63142.8,19505860305.1004,3062.728759765625,2321.60009765625,4.634500026702881,21019.9,7362474.0,0.5485231670184145,24334405.813075125,160510611325.0,534321336.312408,,9592869.0,0.0011174099,0.67,2.439e-05
2024-05-07,62312.08,63165.18,64422.41,62261.0,22049026892.88978,62296.0,15159034876.2773,3006.5771484375,2315.199951171875,4.625500202178955,21019.9,7362474.0,0.5423373959187155,24210393.818015218,160613420875.0,534321336.312408,,7912643.0,0.0011042692,0.683,5.5576666666666666e-05
2024-05-08,61193.03,62312.07,63020.22,60888.0,22053640413.464703,61157.9,15009452763.9564,2973.6572265625,2313.60009765625,4.561999797821045,21019.9,7353408.0,0.5361044228247455,24669225.20995673,160609913470.0,556219750.3909875,,8054556.0,0.001078414,0.804,6.578666666666666e-05
2024-05-09,63074.01,61193.03,63429.03,60630.0,21294635934.18105,63050.1,14981786317.7292,3036.0205078125,2332.10009765625,4.607500076293945,21019.9,7353408.0,0.5268072145860568,27991288.2991416,160451923334.0,612635655.6510732,,7879324.0,0.0010966752,0.777,5.405333333333333e-05
2024-05-10,60799.99,63074.0,63469.13,60187.12,24078805528.656807,60778.1,18938234544.3996,2909.791259765625,2367.300048828125,4.69350004196167,21019.9,7353408.0,0.5404433151509168,28018910.45813469,160434074841.0,599332434.9336824,,9082260.0,0.0010609032,0.851,4.8710000000000006e-05
2024-05-11,60825.99,60799.99,61515.0,60487.09,10388995618.213184,60809.2,6901847057.2759,2911.60205078125,2367.300048828125,4.69350004196167,21019.9,7353408.0,0.5243775724997871,30266725.61056698,160341090775.0,657199019.7430513,,3926247.0,0.0010658338,0.714,5.906333333333333e-05
2024-05-12,61483.99,60825.99,61888.0,60610.0,9246087366.122952,61455.8,6368574511.4435,2928.701904296875,2367.300048828125,4.69350004196167,21019.9,7353408.0,0.524006327755865,25227385.56792252,160364427600.0,545599186.5386837,,3737252.0,0.0010677615,0.813,5.144666666666666e-05
2024-05-13,62940.08,61484.0,63450.0,60749.21,23379793642.90493,62912.1,16330380829.2882,2949.359619140625,2336.10009765625,4.804500102996826,21019.9,7353408.0,0.5286747751533465,28660203.08087984,160364828111.0,607599089.9064493,,8205345.0,0.0010974088,0.737,9.206666666666666e-05
2024-05-14,61577.49,62940.09,63118.36,61142.77,21730046655.069378,61550.5,15109206760.3044,2881.157958984375,2353.39990234375,4.953499794006348,21019.9,7353408.0,0.5286146557659219,26286992.272501644,160425366690.0,562132490.5322264,,7696620.0,0.0010717552,0.822,8.086e-05
2024-05-15,66206.5,61577.49,66444.16,61319.47,30437916274.842854,66175.4,23386517394.0322,3037.056640625,2388.699951171875,4.9695000648498535,21019.9,7304272.0,0.5278169343673419,28069876.59300073,160218057311.0,582799130.9401395,,11253614.0,0.0011469255,0.815,3.996e-05
2024-05-16,65235.21,66206.51,66752.01,64602.77,24569853597.403145,65217.7,15938380818.0105,2945.131103515625,2380.0,4.892000198364258,21019.9,7304272.0,0.553124447317441,29211402.046940114,160775178591.0,586932455.4505274,,8110933.0,0.0011388701,0.912,3.598e-05
2024-05-17,67024.0,65235.21,67451.2,65106.38,20749662303.095253,66980.0,15063429110.742,3094.11865234375,2412.199951171875,5.057000160217285,21019.9,7304272.0,0.5595422382485956,32123071.223011944,160923494352.0,640665709.7975173,,7388455.0,0.0011602954,0.753,1.7213333333333333e-05
2024-05-18,66915.2,67024.0,67400.01,66600.0,11000171581.755045,66884.9,6486954858.0565,3122.948974609375,2412.199951171875,5.057000160217285,21019.9,7304272.0,0.5639433657062952,26779849.60734891,161197317659.0,529065876.5931496,,3952318.0,0.0011604936,0.896,2.616e-05
2024-05-19,66274.01,66915.2,67700.0,65857.25,11878667888.648054,66239.4,9905372922.9644,3071.843017578125,2412.199951171875,5.057000160217285,21019.9,7304272.0,0.5640523205265756,32186655.75102639,161482128851.0,636532379.3351383,,5287017.0,0.0011463442,0.975,4.4426666666666666e-05
2024-05-20,71446.62,66274.0,71515.56,66060.31,32109403973.015053,71466.5,25053653945.1351,3663.85546875,2433.89990234375,5.087500095367432,21019.9,7304272.0,0.5583712292559958,33226069.240775343,161463666172.0,644799034.3079053,,11837438.0,0.0012043937,0.85,3.546e-05
2024-05-21,70148.34,71446.62,71979.0,69162.94,34481479142.48066,70168.8,18645631790.235,3789.312744140625,2421.699951171875,5.11899995803833,21019.9,7304272.0,0.5861817367365203,30433639.16423496,161149043953.0,570399145.5049936,,9231545.0,0.0012050168,0.927,0.0001017233333333
2024-05-22,69166.62,70148.34,70666.0,68842.19,24405405949.578804,69219.1,13560983941.3547,3737.2177734375,2389.199951171875,4.867499828338623,21019.9,7299566.0,0.5744167508502146,33347347.867816333,161221887300.0,632399054.8247504,,7107241.0,0.0012006127,1.003,0.0001191966666666
2024-05-23,67969.65,69166.62,70096.12,66312.16,34284463234.68788,67999.9,20496503158.0627,3776.92724609375,2335.0,4.816500186920166,21019.9,7299566.0,0.5657588123401593,36141217.9656152,161271868624.0,706501036.6485612,,9355066.0,0.0011729488,0.961,0.0001
2024-05-24,68549.99,67969.66,69250.0,66600.12,21633903763.960644,68584.1,12680535679.1618,3726.9345703125,2332.5,4.778500080108643,21019.9,7299566.0,0.5665317239407099,33916606.42458622,161096083024.0,671140034.0912752,,6411285.0,0.0011863466,0.97,0.0001
2024-05-25,69290.57,68549.99,69610.0,68500.0,10495900591.500792,69314.4,5877646397.3044,3749.236572265625,2332.5,4.778500080108643,21019.9,7299566.0,0.5706713886396382,34485834.18340923,161263125900.0,671140034.0912752,,3230624.0,0.0011894064,1.005,0.0001
2024-05-26,68507.67,69290.56,69562.23,68128.01,10743453859.14972,68524.3,5799029948.6581,3825.8974609375,2332.5,4.778500080108643,21019.9,7299566.0,0.5748887832613487,36192027.12324165,161251524260.0,704697038.5139561,,3266908.0,0.0011761204,0.745,0.0001
2024-05-27,69436.43,68507.67,70687.56,68250.0,19393331371.24826,69461.6,11819516715.6954,3892.0068359375,2332.5,4.778500080108643,21019.9,7299566.0,0.5692314124229748,26581840.253643934,161165869285.0,515938903.7370268,,5918935.0,0.001196015,0.8,0.0001
2024-05-28,68398.39,69436.43,69591.81,67277.91,26308922935.507347,68440.5,15550387849.887,3840.25634765625,2355.199951171875,4.875500202178955,21019.9,7299566.0,0.5672221045695748,28546745.60671022,161185816059.0,562079781.7980828,,8049085.0,0.0011733251,0.809,0.0001
2024-05-29,67652.42,68398.4,68935.68,67124.65,20473177043.049408,67686.7,10750681624.4071,3763.196533203125,2340.300048828125,4.805500030517578,21019.9,7284319.0,0.5604336804814994,29057375.87474089,160980103637.0,574663655.4364581,,7211703.0,0.0011595674,0.735,0.0001085266666666
2024-05-30,68352.17,67652.41,69500.0,67128.0,19629360755.38644,68402.5,13292940496.7956,3746.849609375,2342.89990234375,4.671999931335449,21019.9,7284319.0,0.5552241351392013,26244031.52881913,160618673423.0,515938903.7370268,,7001454.0,0.0011701265,0.871,0.0001
2024-05-31,67540.01,68352.17,69044.1,66670.0,17964704747.776524,67577.9,13295783600.0905,3760.026611328125,2322.89990234375,4.610000133514404,21019.9,7284319.0,0.56014870218012,31416991.561011527,160756795967.0,620804533.4975141,,6718553.0,0.0011547477,0.833,0.00012289
2024-06-01,67766.85,67540.01,67900.0,67428.44,6893548914.431606,67799.2,3450680244.5259,3813.198974609375,2322.89990234375,4.610000133514404,21067.7,7284319.0,0.5547775299536382,29810382.793800507,160891990750.0,591442157.6477985,,2235972.0,0.0011576377,0.828,0.0001008333333333
2024-06-02,67765.63,67766.84,68460.0,67257.47,10337417236.725494,67805.9,6940423185.8599,3780.89599609375,2322.89990234375,4.610000133514404,21067.7,7284319.0,0.5558242319113154,29655422.82003503,160944809729.0,587247529.0748333,,3893484.0,0.0011566696,0.942,0.0001
2024-06-03,68809.9,67765.62,70288.0,67612.48,20630854338.376183,68851.4,15744535070.2934,3766.38916015625,2346.60009765625,4.677000045776367,21067.7,7284319.0,0.553893256091993,33873198.78864517,160877806061.0,658556160.4529,,7946750.0,0.0011771857,0.824,0.0001137833333333
2024-06-04,70537.84,68809.89,71063.45,68567.32,21153235756.783848,70580.0,15102623849.3892,3812.515869140625,2325.5,4.547999858856201,21067.7,7284319.0,0.5605753076665602,29207522.832260013,161206258766.0,562079781.7980828,,7314229.0,0.0011988193,0.762,0.0001066933333333
2024-06-05,71108.0,70537.83,71758.0,70383.66,21611377830.10724,71133.3,14506723806.5747,3864.260986328125,2354.10009765625,4.619500160217285,21067.7,7255687.0,0.5713524210910833,27320302.198329154,161299646211.0,515938903.7370268,,6775395.0,0.0012078942,0.82,0.0001320433333333
2024-06-06,70799.06,71108.0,71700.0,70117.64,16646140657.31176,70830.0,11260906834.1424,3811.60595703125,2370.300048828125,4.690999984741211,21067.7,7255687.0,0.5725758366082142,29504083.265302964,161629010547.0,554745618.7245225,,5348943.0,0.00120146,0.857,0.0001073599999999
2024-06-07,69355.6,70799.06,71997.02,68420.0,24150548376.835327,69377.0,21108000027.7301,3678.629150390625,2305.199951171875,4.494500160217285,21067.7,7255687.0,0.5555725330517509,31250003.84680309,161817294784.0,590944002.2950455,,8809880.0,0.0011736909,1.037,0.0001005533333333
2024-06-08,69310.46,69355.6,69582.2,69168.02,9103535351.835228,69346.5,4564091530.0889,3680.949951171875,2305.199951171875,4.494500160217285,21067.7,7255687.0,0.5624578334542396,37295103.2628293,161960236992.0,715791324.8666921,,2478784.0,0.0011745832,0.926,0.0001
2024-06-09,69648.14,69310.46,69857.14,69130.24,8087010968.122431,69667.1,4729738225.2734,3705.90380859375,2305.199951171875,4.494500160217285,21067.7,7255687.0,0.5623990044340044,33210384.660996325,161980573025.0,636721355.3029393,,2426622.0,0.00117715,0.839,0.0001
2024-06-10,69540.0,69648.15,70195.94,69172.29,13125446101.340216,69558.7,8872795631.3345,3666.717529296875,2307.699951171875,4.55649995803833,21067.7,7255687.0,0.5635266454035599,30232068.309628543,162077165199.0,578459271.8356823,,4157682.0,0.0011747919,0.72,0.0001
2024-06-11,67314.24,69540.0,69590.01,66051.0,28032098119.65617,67320.7,21038478955.2817,3498.33056640625,2307.5,4.5229997634887695,21067.7,7255687.0,0.5618744640746172,25943377.09510684,161917546682.0,511874032.7312927,,9757059.0,0.0011369606,0.865,0.0001
2024-06-12,68263.99,67314.23,69999.0,66905.0,24803241166.91667,68270.3,22649278512.31,3559.61767578125,2336.0,4.581500053405762,21067.7,7258974.0,0.5528292789687533,31168057.459346112,161722611592.0,607590313.5693108,,9246278.0,0.001155183,0.84,0.0001
2024-06-13,66773.01,68263.98,68449.3,66251.78,19942391201.93584,66786.9,16734408853.5457,3469.28125,2300.199951171875,4.507500171661377,21067.7,7258974.0,0.5532544692560832,30544895.721673623,162054331429.0,603428732.7544087,,7681773.0,0.0011265481,0.733,0.0001
2024-06-14,66043.99,66773.01,67370.24,65078.0,19884199284.989216,66039.7,15866317033.6273,3480.27197265625,2331.39990234375,4.551000118255615,21067.7,7258974.0,0.5375271189042572,26539268.420112006,162197487259.0,532681918.8277885,,6947326.0,0.0011177633,0.769,0.0001
2024-06-15,66228.25,66043.99,66478.48,65857.1,8446956212.829191,66213.7,4794362622.7179,3565.549560546875,2331.39990234375,4.551000118255615,21067.7,7258974.0,0.5388692577461478,27703097.727716703,162168809359.0,557651385.7391865,,2370996.0,0.0011105261,0.941,0.0001
2024-06-16,66676.87,66228.25,66998.7,66034.5,7627349097.147101,66653.6,5344491611.4603,3620.5634765625,2331.39990234375,4.551000118255615,21067.7,7258974.0,0.5416580901052387,33831701.222945884,161936852776.0,678337127.4959309,,2432570.0,0.0011159631,0.806,0.0001
2024-06-17,66504.33,66676.86,67298.81,65130.0,20012024274.63333,66472.1,16425433493.3037,3511.37890625,2312.39990234375,4.521500110626221,21067.7,7258974.0,0.541674922825872,28909514.86803361,161974940015.0,582620846.6579129,,7413419.0,0.0011155148,0.857,0.0001
2024-06-18,65175.32,66504.33,66588.23,64060.0,26631220130.98309,65150.0,21816313661.7988,3483.681396484375,2330.39990234375,4.561999797821045,21067.7,7258974.0,0.5411283628141896,30917355.074905504,161855754593.0,632559780.4807088,,9732416.0,0.0010917576,0.769,9.412e-05
2024-06-19,64974.37,65175.32,65727.54,64666.0,13681838636.101627,64933.6,9773747644.9673,3559.347412109375,2330.39990234375,4.561999797821045,21067.7,7252542.0,0.5288281525411629,27874850.845250417,162173954430.0,570136116.1985496,,4803678.0,0.0010879139,0.747,5.698000000000001e-05
2024-06-20,64869.99,64974.37,66482.94,64559.15,16743754430.80676,64854.0,14443082252.526,3511.0869140625,2353.800048828125,4.618000030517578,21067.7,7252542.0,0.5136995272968576,27143958.533865865,162164261686.0,553312848.2609437,,6560296.0,0.0010864483,0.776,5.588666666666667e-05
2024-06-21,64143.56,64869.99,65066.66,63379.35,16962316378.94562,64124.0,13452781556.5892,3516.07568359375,2316.39990234375,4.49399995803833,21067.7,7252542.0,0.5226487113121436,28027744.747245826,162239819673.0,582332777.6713909,,6736166.0,0.0010688007,0.845,6.890666666666668e-05
2024-06-22,64262.01,64143.56,64546.81,63943.82,5470534604.123974,64240.0,3462300794.0067,3494.8134765625,2316.39990234375,4.49399995803833,21067.7,7252542.0,0.5213269695833125,30525743.48032013,162254002198.0,632247019.8647388,,1767771.0,0.0010721165,0.614,8.048666666666667e-05
2024-06-23,63210.01,64262.01,64521.0,63178.32,6441951287.782449,63194.9,4609994525.5694,3418.61181640625,2316.39990234375,4.49399995803833,21067.7,7252542.0,0.5230278397288929,22441640.422022928,162358270816.0,465866224.5329962,,2278380.0,0.0010628971,0.792,5.661e-05
2024-06-24,60293.3,63210.01,63369.8,58402.0,29888351747.14561,60273.6,27225661676.1708,3350.25634765625,2330.0,4.526999950408936,21067.7,7252542.0,0.5192611695833388,28968461.87005353,162331122971.0,632247019.8647388,,11399976.0,0.0009988668,0.663,9.007333333333334e-05
2024-06-25,61806.01,60293.3,62420.0,60257.06,19423005815.86747,61777.8,16245823572.755,3395.029052734375,2316.60009765625,4.38100004196167,21067.7,7252542.0,0.4899209290783277,23763542.904361844,162106175418.0,515780460.7366355,,6702129.0,0.0010284161,0.637,7.049333333333334e-05
2024-06-26,60864.99,61806.01,62487.81,60712.0,14553125252.480404,60860.1,10474223643.7333,3369.477294921875,2299.199951171875,4.367499828338623,21067.7,7231163.0,0.5051756787613599,23239102.037570544,162225044202.0,503301903.1831528,,5151404.0,0.0010128567,0.693,0.0001
2024-06-27,61706.47,60864.98,62389.22,60606.63,13694847654.839924,61682.0,9845346127.8742,3444.800537109375,2324.5,4.328499794006348,21067.7,7231163.0,0.5012667433910694,24900725.10749496,162311297847.0,540737581.8333095,,5047858.0,0.0010203171,0.705,0.0001
2024-06-28,60427.84,61706.46,62225.31,60063.0,16225696721.157251,60429.8,11963155606.5777,3373.635986328125,2327.699951171875,4.390500068664551,21067.7,7231163.0,0.5008626871312596,25794562.355242003,162090212115.0,561535179.7523502,,5918233.0,0.0009983207,0.827,0.0001
2024-06-29,60986.68,60427.84,61224.0,60383.77,7338980390.588537,60982.4,4854467389.0233,3372.9677734375,2327.699951171875,4.390500068664551,21067.7,7231163.0,0.4955132593715812,29851872.602033176,161829116520.0,653044617.7837796,,2571810.0,0.0010101353,0.657,0.0001
2024-06-30,62772.01,60986.68,63058.76,60712.21,10518210858.466644,62766.0,9131797044.0735,3432.88916015625,2327.699951171875,4.390500068664551,21067.7,7231163.0,0.4966380669069338,23286686.46293568,161920144141.0,503301903.1831528,,4266262.0,0.0010238961,0.767,0.0001
2024-07-01,62899.99,62772.01,63861.76,62497.2,16370014109.163906,62883.6,12249759638.5501,3440.341552734375,2327.60009765625,4.426499843597412,21094.4,7231163.0,0.503694836350428,27795751.281669337,161683355862.0,586492300.8490242,,5625910.0,0.0010421702,0.795,0.0001
2024-07-02,62135.47,62900.0,63288.83,61806.28,12764984426.339851,62123.6,10187608652.3055,3416.354736328125,2323.0,4.429500102996826,21094.4,7231163.0,0.5124876976475145,28866361.29099899,161902857496.0,615608939.1336229,,4493644.0,0.0010235822,0.756,0.0001
2024-07-03,60208.58,62135.46,62285.94,59400.0,19233881700.66861,60208.0,17865344372.0136,3292.916748046875,2359.800048828125,4.540999889373779,21094.4,7221520.0,0.503492343093339,27392534.720015723,161810984188.0,603130375.5904316,,7628013.0,0.0009935752,0.696,0.0001
2024-07-04,57050.01,60208.57,60498.19,56771.0,27564346603.061195,57045.9,25874210041.42714,3054.52197265625,2359.800048828125,4.540999889373779,21094.4,7221520.0,0.4886688101195089,25428255.013522927,162025733918.0,582332777.6713909,,11722951.0,0.000962603,0.595,0.0001
2024-07-05,56628.79,57050.02,57546.0,53485.93,36790997572.54493,56604.9,32076653813.40088,2981.5986328125,2388.5,4.6585001945495605,21094.4,7221520.0,0.4744864863906416,21020703.109423164,161976876871.0,480652547.19206446,,15154520.0,0.0009302951,0.833,7.254000000000001e-05
2024-07-06,58230.13,56628.79,58475.0,56018.0,13034891201.39295,58216.0,10197761341.39678,3069.3779296875,2388.5,4.6585001945495605,21094.4,7221520.0,0.4294458142604431,29411717.265386727,162443404829.0,652035051.0748852,,5401624.0,0.0009509511,0.686,5.497e-05
2024-07-07,55857.81,58230.13,58449.46,55724.37,12752858006.652838,55830.9,12037823231.0966,2929.38720703125,2388.5,4.6585001945495605,21094.4,7221520.0,0.4678130489066038,25204589.316917967,162656204569.0,557193592.6181126,,6284615.0,0.0009287831,0.782,9.388e-05
2024-07-08,56714.62,55857.81,58236.73,54260.16,25593768260.32206,56686.4,26076935449.40952,3018.73193359375,2355.199951171875,4.622000217437744,21094.4,7221520.0,0.4570056411021197,27921870.21529507,162639771110.0,628324689.305936,,12702796.0,0.0009299689,0.775,8.709e-05
2024-07-09,58050.0,56714.61,58296.0,56289.45,17637241560.499477,58023.2,14760474094.36112,3064.032958984375,2360.10009765625,4.578000068664551,21094.4,7221520.0,0.4559204651830919,27628900.584654745,162723899047.0,608566046.9111612,,7813098.0,0.000947182,0.681,6.953666666666667e-05
2024-07-10,57725.85,58050.0,59470.0,57157.79,16737422410.216743,57707.0,14799666738.9434,3102.21875,2372.199951171875,4.607500076293945,21094.4,7224079.0,0.4668355590092523,24698026.50978732,162900851107.0,537434950.2233378,,7625028.0,0.0009401176,0.696,8.236666666666666e-05
2024-07-11,57339.89,57725.85,59650.0,57050.0,18529855093.279224,57315.5,17033276319.7474,3100.330810546875,2415.0,4.508500099182129,21094.4,7224079.0,0.4639660411660041,25366943.07942044,163138064955.0,553241861.8629625,,8771650.0,0.0009398302,0.753,0.0001
2024-07-12,57889.1,57339.89,58526.68,56542.47,16237017094.95188,57870.0,13680239863.68945,3134.15869140625,2414.0,4.598499774932861,21094.4,7224079.0,0.4635266420590944,26919986.192215648,163098337535.0,592759140.9620242,,7371935.0,0.0009409557,0.793,4.480333333333334e-05
2024-07-13,59204.02,57889.09,59850.0,57756.63,10255246641.329998,59174.0,9257369124.831,3177.19873046875,2414.0,4.598499774932861,21094.4,7224079.0,0.4646788130743176,28166750.41165106,162518552899.0,608566046.9111612,,4690926.0,0.0009575062,0.883,8.394666666666668e-05
2024-07-14,60797.91,59204.01,61420.69,59194.01,13625609783.963743,60766.0,12501022268.2122,3244.0791015625,2414.0,4.598499774932861,21094.4,7224079.0,0.4743951282170819,31339608.42041632,163314591962.0,659938506.8946975,,6761343.0,0.0009989202,0.859,6.929666666666666e-05
2024-07-15,64724.14,60797.91,64900.0,60632.3,24486687266.690163,64680.6,22163838850.2314,3489.552734375,2422.89990234375,4.52899980545044,21094.4,7224079.0,0.494745802245566,30128415.49152499,163365449117.0,604614321.8464988,,10557889.0,0.0010350718,0.83,2.426e-05
2024-07-16,65043.99,64724.06,65388.97,62373.24,26573414142.48109,65010.0,24015350736.2496,3443.513427734375,2462.39990234375,4.443999767303467,21094.4,7224079.0,0.5042040012385361,29455079.85617476,163653855268.0,580903954.3870618,,11417944.0,0.0010503216,0.885,2.156333333333333e-05
2024-07-17,64087.99,65044.0,66128.63,63854.0,20633979847.49076,64055.7,17971882430.538,3388.75244140625,2454.800048828125,4.39900016784668,21094.4,7208247.0,0.5194982632725097,32308255.43395819,164075891345.0,628324689.305936,,8740448.0,0.0010463896,0.715,1.6633333333333326e-06
2024-07-18,63987.92,64087.99,65133.3,63238.48,17339407182.99022,63959.9,13840486905.3186,3426.258544921875,2451.800048828125,4.265999794006348,21094.4,7208247.0,0.5181375137430527,25946419.51506349,164257148114.0,515736551.8693225,,6804356.0,0.0010361002,0.85,1.7873333333333334e-05
2024-07-19,66660.0,63987.92,67386.0,63300.67,23939411118.65811,66627.9,20380653025.9215,3505.73486328125,2395.5,4.218999862670898,21094.4,7208247.0,0.5128461421884812,29926940.37551524,164247750904.0,599556359.5658232,,9107461.0,0.001086772,0.959,4.496666666666666e-05
2024-07-20,67139.96,66660.01,67598.0,66222.46,11315712098.784033,67095.6,8257377670.6534,3519.29541015625,2395.5,4.218999862670898,21094.4,7208247.0,0.5351556451132414,34445122.25731992,164738619092.0,672971424.2421772,,4143032.0,0.0010872174,0.994,1.6300000000000007e-06
2024-07-21,68165.34,67139.97,68366.66,65777.0,16290099241.96386,68138.0,13911463550.0015,3536.60546875,2395.5,4.218999862670898,21094.4,7208247.0,0.5363281018773479,35455281.13211091,165173699201.0,689285884.3643016,,6585738.0,0.0011004868,1.044,-8.243333333333335e-06
2024-07-22,67532.01,68165.35,68474.55,66559.97,32089581780.093792,67499.2,13023877366.2714,3440.419921875,2392.0,4.180500030517578,21094.4,7208247.0,0.5429771847968075,37820073.48520995,165053605722.0,730072034.6696123,,6745498.0,0.0010970091,0.962,5.9526666666666674e-05
2024-07-23,65936.01,67532.0,67750.98,65441.08,23130018298.19645,65916.4,17980471984.6793,3481.995849609375,2404.60009765625,4.145999908447266,21094.4,7208247.0,0.5392703311961233,35155746.70913687,165241904296.0,689285884.3643016,,8705860.0,0.001064027,0.79,4.553666666666667e-05
2024-07-24,65376.0,65936.0,67102.01,65111.0,17411226587.028496,65350.8,14220076011.1729,3336.33935546875,2413.300048828125,4.098999977111816,21094.4,7205455.0,0.5251092088921524,28907217.224883143,165572532739.0,571006057.2887083,,6772958.0,0.0010563194,0.924,0.0001
2024-07-25,65799.95,65376.01,66175.49,63456.7,24604480729.189667,65773.0,20623007320.1934,3174.42724609375,2351.89990234375,4.112500190734863,21094.4,7205455.0,0.5240197934504937,32908977.19588946,165386743700.0,664814194.1811152,,9467079.0,0.0010611304,0.937,0.0001
2024-07-26,67907.99,65799.95,68200.0,65722.63,19249865878.729744,67882.5,15831346144.9649,3275.951416015625,2380.0,4.104499816894531,21094.4,7205455.0,0.5246870489465796,33645545.79959764,164920400905.0,652578352.0261246,,7102177.0,0.0010869625,0.903,7.780000000000001e-05
2024-07-27,67896.5,67908.0,69399.99,66650.0,21691512490.28658,67873.8,22565690615.4286,3247.60791015625,2380.0,4.104499816894531,21094.4,7205455.0,0.5385942483869142,32806079.23033242,165198489701.0,628106661.8429381,,9382843.0,0.0011064158,0.869,7.892666666666666e-05
2024-07-28,68249.88,67896.49,68318.43,67066.66,10654541194.464966,68215.5,7921123857.983,3271.464599609375,2380.0,4.104499816894531,21094.4,7205455.0,0.544178416934978,31361034.54236846,165318886201.0,603634977.5329568,,4144605.0,0.0010933831,1.025,6.720333333333333e-05
2024-07-29,66784.69,68249.88,70079.99,66428.0,26282704748.21432,66750.0,25468669202.3054,3320.539306640625,2377.300048828125,4.061999797821045,21094.4,7205455.0,0.5381386271020813,38013282.028575264,165296506325.0,725993416.7024785,,10613957.0,0.0010822117,0.854,7.994666666666666e-05
2024-07-30,66188.0,66784.68,67000.0,65302.67,18805706407.890144,66159.3,16326143659.4329,3278.667724609375,2405.0,4.063000202178955,21094.4,7205455.0,0.5347366059059632,31070812.86053176,164919552645.0,611792207.594019,,7533649.0,0.0010613589,0.785,4.883e-05
2024-07-31,64628.0,66188.0,66849.24,64530.0,19366035101.322056,64601.8,16232585005.416,3231.295654296875,2426.5,4.159999847412109,21094.4,7178391.0,0.5261921117934114,29026010.22043735,164800237484.0,615358184.0246311,,7667756.0,0.0010391472,0.785,4.689e-05
2024-08-01,65354.02,64628.01,65659.78,62302.0,27266839674.85677,65328.9,23809052629.4734,3201.564453125,2435.0,4.066500186920166,21185.8,7178391.0,0.5162446462086917,27998603.031627625,164728036167.0,630987878.5179507,,11139479.0,0.0010389368,0.662,9.402666666666668e-05
2024-08-02,61498.33,65354.02,65596.14,61230.01,29402122490.3262,61483.7,26819683037.2612,2986.01318359375,2425.699951171875,4.084000110626221,21185.8,7178391.0,0.5156090085112954,24860853.27909455,164332815226.0,563382038.5632738,,11654074.0,0.0009937404,0.705,0.0001
2024-08-03,60697.99,61498.34,62198.22,59850.0,21490208663.54697,60684.6,17722256113.6817,2903.3857421875,2425.699951171875,4.084000110626221,21185.8,7178391.0,0.4940333657197083,25747780.510960743,164446928136.0,608452598.5330584,,8185524.0,0.0009595465,0.717,8.011666666666667e-05
2024-08-04,58161.0,60697.99,61117.63,57122.77,21724828589.512142,58144.5,20115489532.05642,2686.39892578125,2425.699951171875,4.084000110626221,21185.8,7178391.0,0.4817269521968474,26603319.9934407,164521996707.0,644509051.7010149,,8809494.0,0.0009333829,0.73,8.447666666666668e-05
2024-08-05,54018.81,58161.0,58305.59,49000.0,67697012035.04576,54003.1,67990070656.18278,2417.206298828125,2401.699951171875,3.983999967575073,21185.8,7178391.0,0.4654775333999623,25847668.5558226,164670439038.0,703100778.3637027,,33650508.0,0.0008716219,0.675,6.798666666666666e-05
2024-08-06,56022.01,54018.82,57040.99,53950.0,34356012547.046207,55991.2,24315240364.00699,2458.723876953125,2389.10009765625,4.011499881744385,21185.8,7178391.0,0.4248687143082769,24397939.929370403,164736599351.0,630987878.5179507,,13566522.0,0.0008965728,0.579,1.7353333333333332e-05
2024-08-07,55134.16,56022.0,57736.05,54558.62,29364107608.63677,55102.9,21227975938.72287,2336.58935546875,2390.5,3.9375,21185.8,7175256.0,0.4448728016234406,21414148.935272194,165350510808.0,549860865.3802096,,11245574.0,0.0008805664,0.688,-1.4493333333333334e-05
2024-08-08,61685.99,55133.76,62745.14,54730.0,30636176686.008392,61659.8,27555756968.19537,2683.352783203125,2422.199951171875,3.944999933242798,21185.8,7175256.0,0.4345703023243822,23603696.84954969,165984528519.0,581410258.657091,,13423295.0,0.0009723132,0.68,2.29e-05
2024-08-09,60837.99,61686.0,61744.37,59535.0,23006130127.062096,60808.6,18694923855.7121,2599.5986328125,2432.10009765625,3.9800000190734863,21185.8,7175256.0,0.4848415139802478,24631153.960959326,166465438637.0,585917318.548166,,9221233.0,0.0009560617,0.676,4.008e-05
2024-08-10,60923.51,60837.99,61470.58,60242.0,10273057916.94149,60889.9,7020704932.1334,2610.02294921875,2432.10009765625,3.9800000190734863,21185.8,7175256.0,0.4833335773115378,24500590.62481524,166587366078.0,581410258.657091,,4066468.0,0.000967611,0.816,-2.423333333333333e-05
2024-08-11,58712.59,60923.51,61858.0,58286.73,15485049469.084167,58693.1,12164186045.4941,2553.252197265625,2432.10009765625,3.9800000190734863,21185.8,7175256.0,0.4853118052368733,30240610.938894924,166710136863.0,725636064.838756,,6826659.0,0.000934242,0.701,1.1316666666666666e-05
2024-08-12,59346.64,58712.59,60711.09,57642.21,25602457666.178474,59323.6,21694704705.3928,2724.431884765625,2462.39990234375,4.054999828338623,21185.8,7175256.0,0.4675755930631622,25304637.22382864,166682377992.0,617466711.8250475,,11704803.0,0.0009352885,0.777,2.5526666666666667e-05
2024-08-13,60587.15,59346.64,61578.1,58392.88,20888310575.80285,60550.5,15331334134.775,2703.671875,2466.699951171875,4.035999774932861,21185.8,7175256.0,0.467549297758967,27840989.819014188,167005533481.0,671551385.0868213,,8431895.0,0.0009650073,0.669,9.196666666666666e-06
2024-08-14,58683.39,60587.16,61800.0,58433.18,20810812690.93546,58648.1,17731755290.8926,2662.914794921875,2439.39990234375,4.025000095367432,21185.8,7177688.0,0.4849889053870219,24785575.00200877,167342393119.0,593799520.5910221,,8922162.0,0.0009310752,0.795,-2.663e-05
2024-08-15,57541.06,58683.39,59849.38,56078.54,25232939823.429768,57511.0,20998288458.33781,2570.087646484375,2453.10009765625,4.138999938964844,21185.8,7177688.0,0.4666151526635464,29076305.064521834,167860832448.0,690944705.1107434,,10709421.0,0.0009086727,0.721,-2.776666666666667e-05
2024-08-16,58874.6,57541.05,59817.76,57098.62,20153791361.71921,58854.9,15694579210.80159,2593.1865234375,2498.60009765625,4.127500057220459,21185.8,7177688.0,0.4542055716776401,25923432.357500825,168244448687.0,613213425.7080535,,8519614.0,0.0009299389,0.763,-6.392999999999999e-05
2024-08-17,59491.99,58874.59,59700.0,58785.05,8612236070.322657,59468.5,4568442725.3616,2614.546875,2498.60009765625,4.127500057220459,21185.8,7177688.0,0.468550298509709,27610268.430826467,168814426812.0,643442255.8959327,,2917201.0,0.000934466,0.79,1.979e-05
2024-08-18,58427.35,59491.99,60284.99,58408.92,11433871323.92516,58390.0,8919704463.3393,2613.357177734375,2498.60009765625,4.127500057220459,21185.8,7177688.0,0.470341105874582,29066036.927193392,168904199779.0,673671086.0838118,,4777936.0,0.0009387858,0.665,-1.6866666666666652e-06
2024-08-19,59438.5,58427.35,59617.63,57787.3,17111239718.529305,59398.5,12535025781.4683,2637.306396484375,2501.800048828125,4.166500091552734,21185.8,7177688.0,0.4716017674335174,23834082.059851885,168878279355.0,561392574.845761,,6811117.0,0.0009316145,0.764,-4.1076666666666666e-05
2024-08-20,59013.8,59438.5,61400.0,58548.23,21331616636.39006,58982.9,17203146261.2117,2573.10693359375,2511.300048828125,4.149499893188477,21185.8,7177688.0,0.467615321177774,28189469.0265304,169083595548.0,647760663.7619168,,9156523.0,0.0009319214,0.774,3.7333333333333313e-07
2024-08-21,61156.03,59013.8,61820.93,58783.47,22741576449.989803,61120.0,16243166180.3695,2631.3955078125,2508.39990234375,4.18149995803833,21185.8,7139952.0,0.4705963465345433,27581743.166570418,169340976733.0,634805446.3824669,,8918829.0,0.0009633894,0.832,-2.317e-05
2024-08-22,60375.84,61156.03,61400.0,59724.87,19893802265.57592,60349.9,12796969148.4752,2622.951416015625,2478.89990234375,4.140999794006348,21185.8,7139952.0,0.4868405664444469,30311018.326879792,169799296348.0,690944705.1107434,,7052843.0,0.0009499062,0.904,-2.717333333333333e-05
2024-08-23,64037.24,60375.83,64955.0,60342.14,30267147635.801964,64019.9,23801149141.4363,2764.447021484375,2508.39990234375,4.194499969482422,21185.8,7139952.0,0.4801494252799423,31767599.442920376,169921498110.0,708218324.137675,,11335848.0,0.0010090001,0.842,-1.7516666666666668e-05
2024-08-24,64157.01,64037.24,64494.5,63531.0,14942275924.5314,64116.5,8499031623.6787,2769.3896484375,2508.39990234375,4.194499969482422,21185.8,7139952.0,0.5107453235581032,30652428.485690672,170642041450.0,660715874.9228642,,4635506.0,0.001001034,0.737,1.633333333333333e-05
2024-08-25,64220.0,64157.02,65000.0,63773.27,12666988681.819485,64190.2,7418612747.515,2749.15771484375,2508.39990234375,4.194499969482422,21185.8,7139952.0,0.505528625948664,26684388.24187897,170698976915.0,574347786.0067085,,4172238.0,0.0010068874,0.725,-1.0763333333333332e-05
2024-08-26,62834.0,64219.99,64481.0,62800.0,19434695095.02313,62807.6,12456922931.3165,2681.340576171875,2517.699951171875,4.21150016784668,21185.8,7139952.0,0.5107819523836479,26630815.413666222,170665969408.0,578666193.8726926,,6871859.0,0.0009873525,0.726,3.225333333333333e-05
2024-08-27,59415.0,62834.0,63212.0,58034.01,27192116341.74409,59384.5,20779523749.7268,2458.7265625,2516.0,4.230500221252441,21185.8,7139952.0,0.5014976732440536,27251299.65874569,170711924659.0,613213425.7080535,,10838659.0,0.0009429201,0.816,4.099666666666667e-05
2024-08-28,59034.9,59415.0,60234.98,57860.0,27974540122.409584,59010.0,18562796937.106,2528.41552734375,2501.0,4.144999980926514,21185.8,7123238.0,0.4783176631217354,29776284.538064588,170407103116.0,704440301.0132378,,10304396.0,0.000922395,0.672,-1.0756666666666666e-05
2024-08-29,59359.01,59034.9,61166.99,58713.09,22686423410.74665,59323.2,13998969371.3328,2528.792724609375,2525.699951171875,4.147500038146973,21185.8,7123238.0,0.4666195114843744,24676658.35052087,170573351061.0,587091198.731184,,8140823.0,0.0009275287,0.72,-6.87e-06
2024-08-30,59123.99,59359.0,59944.07,57701.1,32621474475.06167,59096.3,15800867331.9045,2525.822021484375,2493.800048828125,4.144999980926514,21185.8,7123238.0,0.4694625462829069,26196411.150645263,171016417926.0,631567801.6874318,,8474926.0,0.0009186759,0.743,2.4803333333333334e-05
2024-08-31,58973.99,59123.99,59462.38,58744.0,13960165723.667667,58941.9,4066497717.5845,2513.393798828125,2493.800048828125,4.144999980926514,21185.8,7123238.0,0.4665836362654906,27142876.83511612,170896605928.0,653806103.1655557,,2603223.0,0.0009174443,0.698,1.876333333333333e-05
2024-09-01,57301.86,58974.0,59076.59,57201.0,16819726588.030643,57268.1,12933895810.7382,2427.90234375,2493.800048828125,4.144999980926514,21268.6,7123238.0,0.4664663683125372,25777578.06434956,170902145345.0,631567801.6874318,,7084859.0,0.0009061361,0.847,9.966666666666682e-07
2024-09-02,59132.13,57301.77,59425.69,57128.0,18800429993.09647,59112.1,11712610829.437,2538.187255859375,2493.800048828125,4.144999980926514,21268.6,7123238.0,0.4606663045378961,30345061.98079397,170899626396.0,742759315.4826823,,6824395.0,0.0009147506,0.736,-1.167e-05
2024-09-03,57487.73,59132.12,59809.65,57415.0,18920083682.79529,57451.9,13447232675.7519,2420.603759765625,2489.89990234375,4.0320000648498535,21268.6,7123238.0,0.453471187540394,27243692.871295195,170784670999.0,662701425.0377314,,6941051.0,0.0008998912,0.75,5.322e-05
2024-09-04,57970.9,57487.74,58519.0,55606.0,24994527859.89813,57944.8,18654996691.65024,2448.97705078125,2493.39990234375,4.019499778747559,21268.6,7112567.0,0.4570709739866591,26958398.409170248,170566672608.0,671596746.9099072,,9721633.0,0.0009003359,0.745,5.9633333333333336e-06
2024-09-05,56180.0,57970.9,58327.07,55643.65,21896472779.79692,56145.7,16706483191.85918,2367.737548828125,2511.39990234375,4.077499866485596,21268.6,7112567.0,0.4386707701542198,27463558.17133799,170706228327.0,689387390.6542588,,8728078.0,0.0008694263,0.668,4.510333333333333e-05
2024-09-06,53962.97,56180.0,57008.0,52550.0,35288197566.71022,53927.7,26315512592.25967,2223.87646484375,2493.5,4.014500141143799,21268.6,7112567.0,0.439793989162176,24919871.238632765,170647570524.0,644910781.2933799,,14250758.0,0.0008307811,0.731,1.2356666666666665e-05
2024-09-07,54160.86,53962.97,54850.0,53745.54,12906403254.80458,54134.9,6925003321.31154,2274.107177734375,2493.5,4.014500141143799,21268.6,7112567.0,0.414430934511473,26793851.61725509,170627518495.0,702730370.2602069,,4379253.0,0.0008349458,0.784,-5.142333333333334e-05
2024-09-08,54869.95,54160.86,55318.0,53629.01,12122536931.90741,54839.6,8813184978.46583,2297.29296875,2493.5,4.014500141143799,21268.6,7112567.0,0.4167537702920936,28365403.710148275,170756288285.0,742759315.4826823,,5236090.0,0.0008403173,0.709,-2.4996666666666667e-05
2024-09-09,57042.0,54869.95,58088.0,54591.96,24371431289.66211,57010.0,17488710008.5658,2358.482177734375,2501.800048828125,4.084499835968018,21268.6,7112567.0,0.4223019700474624,25269523.870471723,170796537293.0,644910781.2933799,,9601781.0,0.0008869552,0.676,-6.189333333333333e-05
2024-09-10,57635.99,57042.01,58044.36,56386.4,20430665669.09535,57609.1,13034447010.34392,2389.5810546875,2512.300048828125,4.040500164031982,21268.6,7112567.0,0.4529153062219129,24470151.37305774,171108134913.0,609329500.2093079,,7333730.0,0.0008867228,0.53,-3.361333333333333e-05
2024-09-11,57338.0,57635.99,57981.71,55545.19,26521070906.595512,57306.0,19189527027.3001,2339.841552734375,2512.10009765625,4.083000183105469,21268.6,7115001.0,0.4526824083516137,19183640.438682187,171315522180.0,496254188.9565946,,10735295.0,0.0008833214,0.756,-5.470666666666668e-05
2024-09-12,58132.32,57338.0,58588.0,57324.0,23172652197.00061,58097.0,15152600210.5249,2361.78173828125,2551.199951171875,4.132999897003174,21268.6,7115001.0,0.4504892532235881,27549106.97610356,171359606096.0,700222817.5061857,,8125590.0,0.0008915512,0.637,-1.8156666666666665e-05
2024-09-13,60498.0,58132.31,60625.0,57632.62,22822120823.4507,60456.2,16347290879.8579,2441.607177734375,2581.300048828125,4.175000190734863,21268.6,7115001.0,0.4557530346529144,22612075.18642455,171130013336.0,566627674.5179347,,8025804.0,0.0009267302,0.714,-1.127e-05
2024-09-14,59993.03,60497.99,60610.45,59400.0,10585716401.242764,59964.0,6149247444.5159,2418.595703125,2581.300048828125,4.175000190734863,21268.6,7115001.0,0.4763321592135281,26073202.683029555,171876763290.0,640335338.4711612,,3540239.0,0.0009216063,0.764,-1.838e-05
2024-09-15,59132.0,59993.02,60395.8,58691.05,11869991711.108091,59100.5,7800793636.4292,2320.897216796875,2581.300048828125,4.175000190734863,21268.6,7115001.0,0.4743048285919657,28264280.1961508,172341786442.0,695616084.7776585,,4099117.0,0.0009152934,0.623,-2.9333333333333337e-07
2024-09-16,58213.99,59132.0,59210.7,57493.3,22043849991.15733,58187.0,14603341245.0131,2295.28369140625,2580.39990234375,4.2129998207092285,21268.6,7115001.0,0.4701021782439489,22764098.628181547,172084698458.0,575841133.3412993,,7462204.0,0.0008891132,0.773,4.242666666666667e-05
2024-09-17,60313.99,58213.99,61320.0,57610.01,26675858504.51378,60281.0,19038330615.6744,2341.707763671875,2564.300048828125,4.213500022888184,21268.6,7115001.0,0.4556551343317703,27936734.080566466,171899970422.0,691009358.6828212,,9062683.0,0.000924271,0.724,5.255666666666666e-05
2024-09-18,61759.99,60313.99,61786.24,59174.8,28466690554.983368,61735.3,21417510491.0941,2369.72900390625,2570.699951171875,4.23799991607666,21268.6,7109137.0,0.4758090320040991,26006783.48352757,172313605845.0,635728605.742634,,10432751.0,0.0009240842,0.658,2.5566666666666664e-05
2024-09-19,62947.99,61759.98,63850.0,61555.0,29769126647.302444,62926.9,18960165410.2846,2464.752197265625,2588.0,4.285999774932861,21268.6,7109137.0,0.4742106755529072,23914324.87396472,172452056532.0,562020941.7894076,,8940542.0,0.000962921,0.783,3.511e-05
2024-09-20,63201.05,62948.0,64133.32,62350.0,24693126786.282654,63175.7,16250975201.0995,2561.072021484375,2619.89990234375,4.281499862670898,21268.6,7109137.0,0.4952248887542828,28637639.116262387,172658006378.0,667975708.3075649,,7474152.0,0.0009640399,0.731,4.3683333333333336e-05
2024-09-21,63348.96,63201.05,63559.9,62758.0,9306652667.56714,63320.6,4936698095.0651,2615.857177734375,2619.89990234375,4.281499862670898,21268.6,7109137.0,0.4974395724113564,26624240.398088988,172913317432.0,621908420.8244321,,2623611.0,0.0009624839,0.739,7.624e-05
2024-09-22,63578.76,63348.97,64000.0,62357.93,13591186317.018587,63558.4,9395420389.8272,2582.862548828125,2619.89990234375,4.281499862670898,21268.6,7109137.0,0.4969561848091638,26783814.003182564,172977488193.0,626515146.9192694,,4635288.0,0.0009624589,0.79,7.025333333333333e-05
2024-09-23,63339.99,63578.76,64745.88,62538.75,22265226587.22957,63302.0,14896908173.8234,2648.54638671875,2626.5,4.289000034332275,21268.6,7109137.0,0.493963128168051,28998809.095873963,173045648510.0,672582441.036092,,7225786.0,0.0009650938,0.797,4.4046666666666666e-05
2024-09-24,64262.7,63339.99,64688.0,62700.0,21424759946.25309,64243.1,15055312109.7638,2654.35498046875,2651.199951171875,4.429500102996826,21268.6,7109137.0,0.4978911775376178,28786384.51818092,173205622892.0,667975708.3075649,,6873248.0,0.0009757763,0.775,1.679e-05
2024-09-25,63152.01,64262.7,64817.99,62947.08,17646548535.924007,63118.4,11776674397.8463,2579.388671875,2659.199951171875,4.427999973297119,21268.6,7080059.0,0.5033320343311969,28698296.645517785,173290528851.0,655944699.4434932,,5443464.0,0.000964923,0.722,1.2333333333333333e-05
2024-09-26,65173.99,63152.01,65839.0,62670.0,26578728305.68716,65139.2,20718992185.678,2632.199951171875,2669.89990234375,4.580999851226807,21268.6,7080059.0,0.4977115592918012,26132678.635001056,173478822849.0,571298869.5864017,,8753783.0,0.000985791,0.769,5.965333333333333e-05
2024-09-27,65769.95,65173.99,66498.0,64819.9,22849309802.673355,65749.6,14875897055.1134,2695.900634765625,2644.300048828125,4.540999889373779,21268.6,7080059.0,0.5094626388032463,28102148.20755506,173716122114.0,602061115.6314253,,7066250.0,0.0009979634,0.724,6.332333333333334e-05
2024-09-28,65858.0,65769.95,66260.0,65422.23,9549671829.781424,65822.6,6095989647.148,2677.5390625,2644.300048828125,4.540999889373779,21268.6,7080059.0,0.5149268813477856,26513746.49488281,173685818353.0,566904259.3924077,,3016275.0,0.0009948026,0.867,5.056333333333334e-05
2024-09-29,65602.01,65858.0,66076.12,65432.0,9070922890.555346,65568.1,5789646713.0538,2659.346923828125,2644.300048828125,4.540999889373779,21268.6,7080059.0,0.51368771921936,31831261.55146545,173680864519.0,681164035.8409815,,2971943.0,0.0009971273,0.739,3.702e-05
2024-09-30,63327.59,65602.01,65618.8,62856.3,26686174565.387947,63309.1,18997631918.3586,2603.062744140625,2636.10009765625,4.495999813079834,21268.6,7080059.0,0.5151398798767783,27460686.87176026,173899639970.0,602061115.6314253,,9073290.0,0.0009636002,0.815,7.005333333333334e-05
2024-10-01,60805.78,63327.6,64130.63,60164.0,37360646594.41596,60776.8,26755501281.8141,2448.921142578125,2667.300048828125,4.5355000495910645,21331.0,7080059.0,0.4989195967825955,30671885.046010185,173138719964.0,689953249.900736,,13841067.0,0.000921996,0.802,0.0001
2024-10-02,60649.28,60804.92,62390.31,60000.0,29565693317.574966,60622.6,19999405207.7472,2365.231689453125,2647.10009765625,4.5960001945495605,21331.0,7046925.0,0.4775596534408206,29681441.898059003,173479946737.0,681164035.8409815,,10599005.0,0.0009183624,0.818,7.744e-05
2024-10-03,60752.71,60649.27,61477.19,59828.11,26414920684.583523,60727.2,17336091836.27,2349.791259765625,2657.10009765625,4.501999855041504,21331.0,7046925.0,0.4363642273895236,29963232.96083011,173609548631.0,694347853.7664962,,9596091.0,0.000916642,0.893,4.3723333333333335e-05
2024-10-04,62086.0,60752.72,62484.85,60459.9,21160694037.464165,62054.4,14447838961.2182,2414.7939453125,2645.800048828125,4.522500038146973,21331.0,7046925.0,0.4743802184318882,32497052.378613207,173495236330.0,742688527.9310286,,7647909.0,0.000938467,0.797,3.153e-05
2024-10-05,62058.0,62086.0,62370.56,61689.26,8347056246.847114,62023.1,4609154133.5222,2415.6318359375,2645.800048828125,4.522500038146973,21331.0,7046925.0,0.4870406267879339,29286727.126122948,173551917779.0,663585607.7214726,,2666545.0,0.0009312381,0.813,1.1766666666666667e-06
2024-10-06,62819.91,62058.01,62975.0,61798.97,9408328963.421516,62789.3,6017121071.2754,2439.957763671875,2645.800048828125,4.522500038146973,21331.0,7046925.0,0.4837127542883656,29582384.51639305,173628097224.0,667980217.9154667,,3371208.0,0.0009371791,0.823,2.68e-05
2024-10-07,62224.0,62819.91,64478.19,62128.0,24155697222.151527,62190.7,18940835036.916,2421.796630859375,2644.800048828125,4.519000053405762,21331.0,7046925.0,0.4872315182077778,30657656.97975172,173604331549.0,681164035.8409815,,8956489.0,0.000951795,0.883,1.9326666666666662e-05
2024-10-08,62160.49,62224.01,63200.0,61860.31,19419452863.258343,62131.7,14122241997.2083,2439.8408203125,2615.0,4.412000179290772,21331.0,7046925.0,0.4910517219991097,32596316.22531517,173697039857.0,733899313.8712742,,7019141.0,0.0009378112,0.655,4.505333333333333e-05
2024-10-09,60636.02,62160.5,62543.75,60301.0,19264597175.11928,60606.4,13394677570.4442,2368.283447265625,2606.0,4.355000019073486,21331.0,7046840.0,0.4831695569820285,24503951.746669475,173615349744.0,575872986.8706377,,6821817.0,0.000913345,0.794,7.692333333333333e-05
2024-10-10,60326.39,60636.01,61321.68,58946.0,20761511091.16176,60293.2,15860406266.3172,2383.85791015625,2620.60009765625,4.385000228881836,21331.0,7046840.0,0.4704385414179772,29287052.181146484,173638017200.0,709250576.1991408,,7940765.0,0.0008991567,0.744,4.540666666666667e-05
2024-10-11,62540.0,60326.4,63417.56,60087.64,20688427935.347458,62509.0,16300232843.3846,2436.513427734375,2657.60009765625,4.451499938964844,21331.0,7046840.0,0.4366183696956415,26994101.445963245,173415462753.0,640613421.5382025,,7218841.0,0.0009429903,0.769,1.5900000000000009e-06
2024-10-12,63206.22,62539.99,63480.0,62487.23,10483460288.051653,63176.0,6470178939.6978,2476.523193359375,2657.60009765625,4.451499938964844,21331.0,7046840.0,0.4853104249822663,28113373.138444103,173727210693.0,654340856.4238901,,3455367.0,0.0009443761,0.736,3.5776666666666666e-05
2024-10-13,62870.02,63206.23,63285.72,62050.0,11635334801.627705,62839.8,8122753016.4411,2467.677001953125,2657.60009765625,4.451499938964844,21331.0,7046840.0,0.4879273292360876,27047249.86877599,173776899099.0,631461800.4774662,,3984660.0,0.0009399259,0.781,2.0896666666666663e-05
2024-10-14,66083.99,62870.02,66500.0,62457.81,30072598393.07299,66064.9,21963988365.449,2628.89990234375,2647.800048828125,4.363500118255615,21331.0,7046840.0,0.4852157864981578,28102409.839609075,173758990153.0,636037614.3024176,,10022132.0,0.0009826952,0.887,8.476333333333334e-05
2024-10-15,67074.14,66084.0,67950.0,64800.01,32755069118.740013,67044.1,27957041428.0807,2606.02197265625,2661.39990234375,4.30049991607666,21331.0,7046840.0,0.5066616855298326,32289514.62629097,173607395967.0,713826383.4349256,,12737407.0,0.0009889556,0.811,0.0001
2024-10-16,67620.01,67074.14,68424.0,66750.49,25821894947.05359,67592.0,17177776071.0405,2611.10205078125,2674.0,4.331500053405762,21331.0,7039284.0,0.5105124897574875,29760719.610859904,173505726571.0,645189235.3631538,,8649029.0,0.0010070334,0.898,8.941666666666668e-05
2024-10-17,67421.78,67620.0,67939.4,66666.0,21833973119.67361,67401.5,14795216327.4512,2604.2734375,2691.0,4.286499977111816,21331.0,7039284.0,0.5184820658318735,32967075.9791346,173502220377.0,718402197.259877,,7307468.0,0.0009985559,0.79,0.0001
2024-10-18,68428.0,67421.78,69000.0,67192.36,24640908313.489643,68407.8,16730949885.2185,2641.55224609375,2713.699951171875,4.3460001945495605,21331.0,7039284.0,0.5141638482001923,28954935.822898723,173362988584.0,622310179.41673,,7910490.0,0.001016009,1.003,0.0001
2024-10-19,68378.0,68427.99,68693.26,68010.0,8513118442.20249,68357.1,4686325947.3462,2648.656982421875,2713.699951171875,4.3460001945495605,21331.0,7039284.0,0.5226166793684732,36915610.7087628,173692718900.0,791615159.1566001,,2398529.0,0.001013588,1.012,0.0001
2024-10-20,69031.99,68377.99,69400.0,68100.0,11439823675.704708,69020.1,7272050313.902,2746.364013671875,2713.699951171875,4.3460001945495605,21331.0,7039284.0,0.5207061350695473,37015008.0102528,173835465014.0,791615159.1566001,,3451560.0,0.0010195874,0.977,0.0001
2024-10-21,67377.5,69032.0,69519.52,66840.67,25593022302.81552,67368.8,17221797609.5618,2665.712158203125,2723.10009765625,4.322999954223633,21331.0,7039284.0,0.5236540025578482,36373328.554815546,173915349777.0,782463538.0958638,,8018469.0,0.0010047321,0.789,0.0001
2024-10-22,67426.0,67377.5,67836.01,66571.42,21268844616.16281,67406.4,14691178661.737,2620.197509765625,2744.199951171875,4.3480000495910645,21331.0,7039284.0,0.5156109008275422,29011104.287781548,173633796464.0,639026240.6203892,,7068901.0,0.0009983861,0.853,0.0001
2024-10-23,66668.65,67426.01,67472.83,65260.0,22317540614.579857,66647.2,16468539329.4864,2509.098876953125,2714.39990234375,4.304500102996826,21331.0,7029408.0,0.5135959546143611,31399737.020234745,173547243539.0,718143297.5144314,,7739710.0,0.0009845464,0.848,0.0001
2024-10-24,68198.28,66668.65,68850.0,66510.0,21252216309.263687,68173.8,14354067671.9537,2534.49853515625,2734.89990234375,4.319499969482422,21331.0,7029408.0,0.5057845992346511,31032440.3068857,173229710890.0,699119632.4620647,,6886757.0,0.0010103397,0.859,0.0001
2024-10-25,66698.33,68198.27,68771.49,65596.29,28301306791.70868,66662.8,23454022803.9878,2435.93408203125,2740.89990234375,4.339499950408936,21331.0,7029408.0,0.5192639671549777,32168381.93520556,173262282111.0,727655130.0406147,,9985090.0,0.0009923517,0.829,0.0001
2024-10-26,67092.76,66698.32,67454.55,66439.9,12348420508.315876,67071.8,6303068381.5835,2479.603271484375,2740.89990234375,4.339499950408936,21331.0,7029408.0,0.5114862362424841,30545877.12208775,173374573379.0,694363719.6232325,,3563552.0,0.0009911674,0.928,7.441333333333333e-05
2024-10-27,68021.7,67092.76,68332.05,66913.73,10354246091.693457,67992.6,5981933235.9308,2505.940673828125,2740.89990234375,4.339499950408936,21331.0,7029408.0,0.510319656202878,33906520.67166894,173394889313.0,765702460.1453482,,3163880.0,0.0010041871,0.994,9.908e-05
2024-10-28,69962.21,68021.69,70270.0,67618.0,26468134590.84077,69940.0,17649920563.6978,2565.34814453125,2742.89990234375,4.331999778747559,21331.0,7029408.0,0.5168762160655022,36059219.2571441,173467492297.0,798993870.5627302,,8391450.0,0.0010292216,0.966,9.457e-05
2024-10-29,72736.42,69962.21,73620.12,69760.0,39589153262.8828,72739.5,27502269768.0091,2637.95751953125,2768.39990234375,4.332499980926514,21331.0,7029408.0,0.5280174767482968,35125759.3855038,173384830320.0,746678795.0929815,,11845105.0,0.00107022,1.036,0.0001
2024-10-30,72344.74,72736.41,72961.0,71436.0,27033898674.730705,72349.0,16394681792.4545,2657.37255859375,2788.5,4.327499866485596,21331.0,7013490.0,0.544851491069073,38157813.159394965,173741072840.0,803749783.4015627,,7708161.0,0.0010626033,0.941,0.0001
2024-10-31,70292.01,72344.75,72700.0,69685.76,26808890445.91804,70321.9,18260860195.9338,2515.79931640625,2738.300048828125,4.313499927520752,21331.0,7013490.0,0.5424876783258815,35224307.786358654,174075701279.0,751434707.9318137,,8686689.0,0.0010339179,0.9,0.0001
2024-11-01,69496.01,70292.01,71632.95,68820.14,32728973074.859787,69495.5,24669697590.1823,2511.885498046875,2738.60009765625,4.347499847412109,21451.6,7013490.0,0.530322531805307,33375456.62114259,173504390466.0,727655130.0406147,,11217377.0,0.0010172119,0.826,0.0001
2024-11-02,69374.74,69496.0,69914.37,69000.14,11009189233.511415,69366.6,5511280357.915,2491.068603515625,2738.60009765625,4.347499847412109,21451.6,7013490.0,0.5223003113665232,30629936.63820735,173853138435.0,670584141.7320336,,3369724.0,0.0010173208,0.768,0.0001
2024-11-03,68775.99,69374.74,69391.0,67478.73,22325374697.908146,68762.5,15481140255.261,2456.42529296875,2738.60009765625,4.347499847412109,21451.6,7013490.0,0.5176475473954841,28234013.72738848,174148895028.0,627780898.7884681,,7774741.0,0.0010078383,0.867,0.0001
2024-11-04,67850.01,68775.99,69500.0,66835.0,27125414807.26048,67834.3,16709405013.0392,2397.0263671875,2736.10009765625,4.4070000648498535,21451.6,7013490.0,0.5173833539590161,32242312.708922453,174184194567.0,722003987.1010513,,9072076.0,0.0009911006,0.818,0.0001
2024-11-05,69372.01,67850.01,70577.91,67476.63,29972274163.01674,69353.1,18923323986.0867,2422.650634765625,2740.300048828125,4.450500011444092,21451.6,7013490.0,0.5108293474116072,30041929.99077697,175172906416.0,702351990.3092508,,9730476.0,0.0010124509,0.98,0.0001
2024-11-06,75571.99,69372.01,76400.0,69298.0,80933955127.10226,75579.9,50043233600.5665,2724.169189453125,2667.60009765625,4.222499847412109,21451.6,6994299.0,0.5199882787232768,35274205.43420859,175589821601.0,773092476.7620561,,24390000.0,0.0011049433,1.003,0.0001
2024-11-07,75857.89,75571.99,76849.99,74416.0,42768704673.428986,75859.4,21221666454.4856,2895.58544921875,2698.39990234375,4.409999847412109,21451.6,6994299.0,0.5575240045602545,36819074.26439996,177164970093.0,788251150.3516102,,10511105.0,0.0011047858,0.919,0.0001
2024-11-08,76509.78,75857.89,77199.99,75555.0,36799281798.33767,76482.2,17566203957.7434,2962.296630859375,2687.5,4.286499977111816,21451.6,6994299.0,0.5573843437947288,33822074.42273804,177875879453.0,717510663.8988049,,7965521.0,0.0011120847,0.903,0.0001
2024-11-09,76677.46,76509.78,76900.0,75714.66,17931485819.769485,76675.1,8994277678.533,3131.14453125,2687.5,4.286499977111816,21451.6,6994299.0,0.5602699589519111,33209255.18489844,179134891454.0,702351990.3092508,,3992993.0,0.0011110237,1.007,0.0001
2024-11-10,80370.01,76677.46,81500.0,76492.0,51325009058.96859,80410.0,33139797917.8655,3191.331298828125,2687.5,4.286499977111816,21451.6,6994299.0,0.5596035810925295,36710354.39918417,179371261347.0,747828018.3540778,,13841224.0,0.0011700034,1.023,0.0001657199999999
2024-11-11,88647.99,80370.01,89530.54,80216.01,75403594828.14781,88728.9,51921309639.7137,3374.81298828125,2611.199951171875,4.210999965667725,21451.6,6994299.0,0.5779092333637903,35803318.87170762,179622473106.0,687193309.4435323,,19580074.0,0.001260575,1.087,0.0001895933333333
2024-11-12,87952.01,88648.0,89940.0,85072.0,85372565128.24551,87972.0,56145246108.6286,3246.25732421875,2600.0,4.119500160217285,21451.6,6994299.0,0.6116972554143956,39944404.528736494,181278502960.0,737722233.5356535,,23554003.0,0.0012764227,1.054,0.0004387466666666
2024-11-13,90375.2,87952.0,93265.64,86127.99,79926753336.79153,90413.3,49968681554.1639,3192.595947265625,2580.800048828125,4.065999984741211,21451.6,6967108.0,0.6101065779638651,38656245.1725708,181356156880.0,697299094.2619566,,22397947.0,0.0012975261,0.936,0.0001498566666666
2024-11-14,87325.59,90375.21,91790.0,86668.21,56875015144.37376,87382.7,32638189823.3326,3058.94873046875,2568.199951171875,4.072999954223633,21451.6,6967108.0,0.6127733966087462,35454709.3363482,182649787339.0,641717281.3987055,,15950601.0,0.0012702145,1.154,0.0001
2024-11-15,91032.07,87325.59,91850.0,87073.38,48584766106.49519,91074.6,28084223845.5762,3103.04052734375,2565.699951171875,4.051000118255615,21451.6,6967108.0,0.618097460336136,41798243.21923147,184622084244.0,757933803.172502,,12773710.0,0.0013163998,1.2,0.0001032566666666
2024-11-16,90586.92,91032.08,91779.66,90056.17,26521744537.79824,90643.3,11746506687.2478,3133.27392578125,2565.699951171875,4.051000118255615,21451.6,6967108.0,0.6173404573093956,44699311.15202025,185034149478.0,793304046.3989047,,5675789.0,0.0013048081,1.135,0.00011077
2024-11-17,89855.99,90587.98,91449.99,88722.0,28472555999.21053,89899.9,15122853835.9462,3075.66162109375,2565.699951171875,4.051000118255615,21451.6,6967108.0,0.6108620584737514,42333823.05097999,185540454872.0,757933803.172502,,7308286.0,0.0012879563,1.191,0.00012114
2024-11-18,90464.08,89855.98,92594.0,89376.9,47114918553.72838,90507.4,30393971318.505,3207.8564453125,2610.60009765625,4.107999801635742,21451.6,6967108.0,0.608004029640245,44357156.9789987,185785745046.0,789337179.1728685,,12814943.0,0.0013097177,1.36,0.0002258933333333
2024-11-19,92310.79,90464.07,93905.51,90357.0,47219082650.67865,92335.9,27998124860.4433,3111.384033203125,2627.10009765625,4.130000114440918,21451.6,6967108.0,0.6131704459842745,50366071.48134387,185845884719.0,889845956.7430439,,11505155.0,0.0013175631,1.165,0.0002326033333333
2024-11-20,94286.56,92310.8,94831.97,91500.0,44466088883.07896,94288.0,27169810860.1057,3072.18798828125,2648.199951171875,4.143499851226807,21451.6,6923731.0,0.6132970984191752,42983325.30723921,186515855565.0,747470599.856633,,11018098.0,0.0013486521,1.193,0.0001
2024-11-21,98317.12,94286.56,98988.0,94040.0,62031513000.35676,98366.8,40626855808.8208,3361.053955078125,2672.10009765625,4.11299991607666,21451.6,6923731.0,0.6174980679189582,43667607.031296045,188305578076.0,732216100.2096523,,15446083.0,0.0014075405,1.189,0.0001
2024-11-22,98892.0,98317.12,99588.01,97122.11,49018560922.97396,98921.4,26216909526.3785,3331.600830078125,2709.89990234375,4.073999881744385,21451.6,6923731.0,0.5929487175860447,44103747.03522332,189015593695.0,727131269.4347123,,10228817.0,0.0014129185,1.133,0.0001
2024-11-23,97672.4,98892.0,98908.85,97136.0,27203366039.593933,97725.5,11819741402.0844,3396.223388671875,2709.89990234375,4.073999881744385,21451.6,6923731.0,0.6296175780469128,42400304.01600245,191070374105.0,701707093.5935297,,5061653.0,0.0013939401,1.103,0.0001
2024-11-24,97900.04,97672.4,98564.0,95734.77,31281985821.168182,97960.4,16831814834.729,3363.659912109375,2709.89990234375,4.073999881744385,21451.6,6923731.0,0.6261633967434933,40815877.42546385,192610256412.0,681367763.1716092,,7278587.0,0.0013911561,1.323,0.0001645866666666
2024-11-25,93010.01,97900.05,98871.8,92600.19,47883386086.43406,93064.0,31634790118.7792,3413.5439453125,2616.800048828125,4.09149980545044,21451.6,6923731.0,0.6258047930510072,50776149.25286823,193022522692.0,859336950.1269213,,12830843.0,0.0013303745,1.071,0.00018756
2024-11-26,91965.16,93010.01,94973.37,90791.1,51465372486.55699,92021.4,32058954666.3463,3326.517333984375,2620.300048828125,4.039000034332275,21451.6,6923731.0,0.6104960239971139,40396458.19478661,192781640387.0,706791931.6906307,,14133159.0,0.0013072963,1.07,0.0002314566666666
2024-11-27,95863.11,91965.16,97208.21,91792.14,43142993013.64291,95905.2,22446169054.8116,3657.249267578125,2639.89990234375,4.066999912261963,21451.6,6905140.0,0.5986437759356453,39198690.72008354,192617792987.0,676282925.0745082,,9578073.0,0.001365737,1.138,0.0001933333333333
2024-11-28,95643.98,95863.11,96564.0,94640.0,30806360261.04248,95694.4,14702795800.1606,3579.8115234375,2639.89990234375,4.066999912261963,21451.6,6905140.0,0.6159698457873115,42368625.88622738,194141362134.0,722046431.3376113,,6546493.0,0.0013545696,0.987,0.0001206166666666
2024-11-29,97460.0,95643.99,98619.99,95364.99,33310979210.73136,97516.3,18512741566.7861,3593.494384765625,2657.0,4.08050012588501,21451.6,6905140.0,0.6130949624755594,36662202.2795442,194981686713.0,615264919.1644242,,7298752.0,0.0013772773,1.323,0.0001809566666666
2024-11-30,96407.99,97460.0,97463.95,96092.01,18393645079.095627,96475.1,9004708395.7383,3705.705322265625,2657.0,4.08050012588501,21451.6,6905140.0,0.6189926151930303,49580988.49796169,195739878395.0,833912781.6078995,,3770482.0,0.0013618879,1.287,0.0001265733333333
2024-12-01,97185.18,96407.99,97836.0,95693.88,21083467505.88172,97265.1,10975143904.8559,3711.1650390625,2657.0,4.08050012588501,21485.3,6905140.0,0.6150908661695959,47846851.68160712,193866194568.0,803403774.9917771,,4597438.0,0.0013772904,1.016,0.0001516066666666
2024-12-02,95840.62,97185.17,98130.0,94395.0,42857776076.12349,95890.5,24755123881.9079,3644.198486328125,2634.89990234375,4.075500011444092,21485.3,6905140.0,0.6185029925670668,38133681.99404136,194144331514.0,649987948.105684,,9856219.0,0.0013465082,1.259,0.00021223
2024-12-03,95849.69,95840.61,96305.52,93578.17,42186142007.29603,95913.3,19688305230.3451,3620.711669921875,2644.699951171875,4.145999908447266,21485.3,6905140.0,0.6084684329873908,46803303.051068,194860039084.0,811042072.2804599,,8283026.0,0.0013507782,1.214,0.0001655233333333
2024-12-04,98587.32,95849.69,99000.0,94587.83,49542906082.656204,98669.8,26698552379.624,3841.3310546875,2653.800048828125,4.142000198364258,21485.3,6895827.0,0.609618872818123,44407335.20313261,195397070535.0,759383337.5345525,,9775550.0,0.0013811283,1.254,0.0002537399999999
2024-12-05,96945.63,98587.32,104088.0,90500.0,96710114573.29993,97001.5,58190879933.223,3811.00830078125,2626.60009765625,4.135000228881836,21485.3,6895827.0,0.6134826096106976,48450148.82946067,196663504402.0,800710325.3312784,,22654263.0,0.001352822,1.133,0.0004904333333333
2024-12-06,99740.84,96945.63,101898.99,95981.72,62862666271.077644,99802.5,27983159150.5382,4005.810546875,2638.60009765625,4.138500213623047,21485.3,6895827.0,0.6041517628216159,42115102.69003858,197314119516.0,702558733.0334829,,11492854.0,0.0014091951,1.183,0.0001154466666666
2024-12-07,99831.99,99740.84,100439.18,98844.0,29878776292.34844,99899.2,9559737335.7918,4002.692626953125,2638.60009765625,4.138500213623047,21485.3,6895827.0,0.5979557735802213,44288431.18757419,198440759891.0,733553973.8810273,,4604715.0,0.0013970928,1.226,0.0001947866666666
2024-12-08,101109.59,99831.99,101351.0,98657.7,30142025778.87165,101200.0,10964662734.3106,4005.70458984375,2638.60009765625,4.138500213623047,21485.3,6895827.0,0.616429355423066,45575812.4495832,198852584340.0,754217467.7793905,,4851300.0,0.0014011468,1.354,0.0001704566666666
2024-12-09,97276.47,101109.6,101215.93,94150.05,75760334897.74352,97349.1,32095240187.1553,3718.6904296875,2664.89990234375,4.223499774932861,21485.3,6895827.0,0.5825559366431927,51193297.9161624,200030171966.0,862700799.5875101,,13712325.0,0.0013528981,1.241,0.0002085333333333
2024-12-10,96593.0,97276.48,98270.0,94256.54,70277551916.60753,96602.4,28129042004.1955,3631.833740234375,2697.60009765625,4.223499774932861,21485.3,6895827.0,0.5972670724499202,46500378.12536183,199787402804.0,795544448.137259,,13751684.0,0.0013506633,1.196,0.0001
2024-12-11,101125.0,96593.0,101888.0,95658.24,58022085494.38023,101115.3,21990321141.7717,3832.822021484375,2733.800048828125,4.214000225067139,21485.3,6897485.0,0.5995632096621497,43879683.78929573,200432741150.0,733553973.8810273,,10205946.0,0.0014109418,1.231,0.0001
2024-12-12,100004.29,101125.0,102540.0,99311.64,50850791938.31633,99982.4,21703839602.3259,3883.1015625,2687.5,4.195000171661377,21485.3,6897485.0,0.598601370525087,46671732.972670175,202599492882.0,764549214.7285719,,9826062.0,0.001395531,1.429,0.0001
2024-12-13,101424.25,100004.29,101895.26,99205.0,40071865874.747765,101371.9,15327839534.2343,3911.205322265625,2656.0,4.14900016784668,21485.3,6897485.0,0.6113098674235176,53401422.869084224,203083538866.0,878198423.7307109,,7080217.0,0.0014062001,1.337,0.0001
2024-12-14,101420.0,101424.24,102650.0,100609.41,27859974307.52318,101381.0,10931716374.3351,3868.4052734375,2656.0,4.14900016784668,21485.3,6897485.0,0.6142001161418303,50462696.12243229,204009389970.0,821373819.2296414,,5084169.0,0.0014023358,1.188,8.916666666666666e-05
2024-12-15,104463.99,101420.0,105250.0,101237.14,34087707665.23605,104460.4,16239310087.6506,3951.941162109375,2656.0,4.14900016784668,21485.3,6897485.0,0.6132892133424258,43985607.27947338,204251195452.0,707724610.2275023,,7215380.0,0.0014293701,1.298,9.398e-05
2024-12-16,106058.66,104463.99,107793.07,103333.0,60663647753.890335,106023.2,28967203114.5623,3987.48095703125,2651.39990234375,4.143499851226807,21485.3,6897485.0,0.6192032471788139,48756714.85964272,204408626234.0,797498864.7082182,,12300600.0,0.0014628786,1.196,9.727e-05
2024-12-17,106133.74,106058.65,108353.0,105321.49,45357017103.4895,106074.6,21115019475.6999,3886.76611328125,2644.39990234375,4.09149980545044,21485.3,6897485.0,0.6260430624462288,45416623.12555502,204883128182.0,733677846.6894214,,9561778.0,0.0014597495,1.199,9.288666666666669e-05
2024-12-18,100204.01,106133.74,106524.98,100000.0,62100411286.869415,100181.1,33924249957.0183,3618.791259765625,2636.5,4.099999904632568,21485.3,6889332.0,0.6254087092535354,46521621.5645624,205201861771.0,776835370.7386127,,15455053.0,0.0013931955,1.173,9.719666666666666e-05
2024-12-19,97461.86,100204.01,102800.11,95700.0,65018754055.83092,97434.4,37081222303.6621,3417.927978515625,2592.199951171875,4.020500183105469,21485.3,6889332.0,0.6053677497455813,44911581.23882005,205338684662.0,782230057.3605849,,18507841.0,0.0013510396,1.22,0.0001
2024-12-20,97805.44,97461.86,98233.0,92232.54,68952916297.42395,97764.4,37958727658.2742,3472.553466796875,2628.699951171875,4.040999889373779,21485.3,6889332.0,0.5928140455348466,45301761.47483423,205788554367.0,814598200.3974782,,20363862.0,0.0013384675,1.166,0.0001
2024-12-21,97291.99,97805.44,99540.61,96398.39,34219071214.73098,97261.8,15758501543.9687,3337.222412109375,2628.699951171875,4.040999889373779,21485.3,6889332.0,0.5890734061428882,44261049.48870981,206012977893.0,782230057.3605849,,7895717.0,0.0013343706,1.221,7.068666666666668e-05
2024-12-22,95186.27,97292.0,97448.08,94250.35,29160966982.234818,95153.5,14215963268.6506,3277.53515625,2628.699951171875,4.040999889373779,21485.3,6889332.0,0.5874535966264377,46532593.40934933,206030622370.0,836176962.4220737,,7736322.0,0.0013092366,1.091,9.876333333333334e-05
2024-12-23,94881.47,95186.28,96538.92,92520.0,43171454065.66327,94861.1,23352438472.944,3415.785400390625,2612.300048828125,4.0229997634887695,21485.3,6889332.0,0.5753795674938567,41054537.94239102,206141557119.0,749861922.0920451,,12876266.0,0.0012978317,1.078,9.660333333333332e-05
2024-12-24,98663.58,94881.47,99487.99,93569.02,29985955468.77016,98627.2,20467193731.4279,3492.0498046875,2620.0,4.049499988555908,21485.3,6889332.0,0.5741877137439826,39585032.1049884,206237910190.0,712099092.4331796,,10142761.0,0.0013497489,1.24,0.0001
2024-12-25,99429.6,98663.58,99569.15,97632.02,20935753961.439137,99379.7,12284101310.0662,3493.2353515625,2620.0,4.049499988555908,21485.3,6885963.0,0.5892157221235662,46438318.27228899,206604625656.0,814598200.3974782,,6936622.0,0.0013528127,1.24,0.0001
2024-12-26,95791.6,99429.61,99963.7,95199.14,29477995994.37921,95751.0,18828963496.91,3331.225830078125,2638.800048828125,4.072000026702881,21485.3,6885963.0,0.5672766563428272,39594368.84134179,206838178351.0,706704398.0428537,,9766800.0,0.0013069464,1.036,8.621666666666667e-05
2024-12-27,94299.03,95791.6,97544.58,93500.01,32509736208.730927,94258.9,19664748484.4432,3328.9169921875,2617.199951171875,4.0625,21485.3,6885963.0,0.5725288778778599,47134800.27477275,207569249272.0,852361030.0563437,,10779091.0,0.0012880189,1.23,0.0001
2024-12-28,95300.0,94299.03,95733.99,94135.66,14541610071.91785,95259.1,6441586533.2291,3397.90234375,2617.199951171875,4.0625,21485.3,6885963.0,0.5691303170553214,42265972.85235288,207678024343.0,771440684.1166407,,3907652.0,0.0012968293,1.124,7.604e-05
2024-12-29,93738.2,95300.0,95340.0,93009.52,17876344630.608223,93700.0,8949366966.5803,3349.513427734375,2617.199951171875,4.0625,21485.3,6885963.0,0.5724026092905523,46582140.19622272,207533716072.0,853362734.1174871,,5026985.0,0.0012719803,1.219,9.337666666666668e-05
2024-12-30,92792.05,93738.19,95024.5,91530.45,37484267962.60129,92759.3,20718759693.374,3356.392578125,2606.10009765625,4.045499801635742,21485.3,6885963.0,0.5616179148181483,46308213.99750896,207370561179.0,867710158.6044941,,11743526.0,0.0012595958,1.214,6.249666666666667e-05
2024-12-31,93576.0,92792.05,96250.0,92033.73,28549564254.59532,93548.9,16839152825.5285,3332.53173828125,2629.199951171875,3.986000061035156,21485.3,6885963.0,0.5583265508498393,37792377.42171797,206535875772.0,703991256.0098306,,9155288.0,0.0012669405,0.995,0.0001
2025-01-01,94591.79,93576.0,95151.15,92888.0,15656301479.56771,94580.9,8572615379.7751,3353.504150390625,2629.199951171875,3.986000061035156,21547.6,6852491.0,0.5611609026383185,41045956.62119013,205954241372.0,764021519.2467396,,4456211.0,0.0012831672,1.092,0.0001
2025-01-02,96984.79,94591.78,97839.5,94392.0,29962597228.15222,96967.5,17520373569.6746,3451.392578125,2658.89990234375,3.9885001182556152,21547.6,6852491.0,0.5667670314394033,50265431.30100576,205467975146.0,911368526.8668324,,9039017.0,0.001310793,1.334,0.0001
2025-01-03,98174.18,96984.79,98976.91,96100.01,23647651569.66313,98145.7,12191508268.3213,3605.009765625,2645.0,4.039500236511231,21547.6,6852491.0,0.5760239381603012,43155552.6365846,207032862107.0,774936113.2769508,,6232083.0,0.0013269435,1.15,8.414e-05
2025-01-04,98220.5,98174.17,98778.43,97514.79,14460261749.22139,98173.2,7047067115.1575,3657.706787109375,2645.0,4.039500236511231,21547.6,6852491.0,0.5655897350072415,45637428.227276444,208253432248.0,813137188.4534371,,3414457.0,0.0013264564,1.207,6.165666666666668e-05
2025-01-05,98363.61,98220.51,98836.85,97276.79,12870910987.710896,98340.2,7346604757.8706,3634.103759765625,2645.0,4.039500236511231,21547.6,6852491.0,0.5814427333021676,47806032.38659705,208541463864.0,851338263.6299235,,3623712.0,0.0013266043,1.265,9.44e-05
2025-01-06,102235.6,98363.61,102480.0,97920.0,33851722284.09489,102180.4,20828553113.3948,3688.611328125,2638.39990234375,4.126999855041504,21547.6,6852491.0,0.58241825848249,41636731.42141723,208638502044.0,725820444.0702533,,10041789.0,0.0013715672,1.119,0.0001
2025-01-07,96954.61,102235.6,102724.38,96181.81,38336096210.79123,96920.3,25560001123.228,3381.577392578125,2656.699951171875,4.1605000495910645,21547.6,6852491.0,0.5948104492545636,41586418.88564055,209207795723.0,731277745.0146124,,11599663.0,0.0013032945,1.07,9.060666666666666e-05
2025-01-08,95060.61,96954.6,97268.65,92500.9,41636604743.08482,95014.1,24890488875.3657,3326.329345703125,2664.5,4.227499961853027,21547.6,6853554.0,0.5735015102788927,37159840.05766497,208601508781.0,682162075.8079149,,13151913.0,0.0012757871,0.979,0.0001
2025-01-09,92552.49,95060.61,95382.32,91203.67,42337625908.2699,92505.9,23994411572.6975,3219.4306640625,2683.800048828125,4.2795000076293945,21547.6,6853554.0,0.5652777751546167,44330668.57498845,208465006768.0,829509083.4280078,,12222542.0,0.0012395914,1.156,6.43e-05
2025-01-10,94726.11,92552.49,95836.0,92206.02,41977889242.80329,94675.5,24636484066.7169,3267.489990234375,2708.5,4.274499893188477,21547.6,6853554.0,0.5524324234966695,41734385.26694605,208242410999.0,774936113.2769508,,12078641.0,0.0012671596,1.109,3.661333333333333e-05
2025-01-11,94599.99,94726.1,95050.94,93831.73,11980722527.19387,94562.5,6101597708.5398,3282.2177734375,2708.5,4.274499893188477,21547.6,6853554.0,0.5515972957629196,40689967.58169723,208433574740.0,753106925.2165282,,3226821.0,0.0012642625,1.076,4.1143333333333336e-05
2025-01-12,94545.06,94599.99,95450.1,93711.19,13354968504.749882,94499.9,7302019629.8369,3265.951171875,2708.5,4.274499893188477,21547.6,6853554.0,0.5626685989268245,50795479.58602429,208373918711.0,939920313.6991916,,3724792.0,0.0012543178,1.337,4.955333333333333e-05
2025-01-13,94536.1,94545.07,95940.0,89256.69,47640325268.066,94485.3,33357739608.8299,3135.499755859375,2673.5,4.295499801635742,21547.6,6853554.0,0.5598143421044264,36976730.92812542,208638534020.0,702796045.256185,,16081226.0,0.001256445,0.995,4.3786666666666665e-05
2025-01-14,96560.86,94536.11,97371.0,94346.22,35137100633.91981,96514.9,20455516830.0708,3223.6845703125,2677.5,4.310500144958496,21547.6,6853554.0,0.5603000374372394,46160903.09206304,208534524781.0,845551487.3779281,,10126662.0,0.0012854161,1.223,9.832e-05
2025-01-15,100497.35,96560.85,100681.94,96500.0,36000970802.07917,100460.0,21890262973.6529,3450.53759765625,2712.5,4.359499931335449,21547.6,6834070.0,0.5702076029143162,42712145.39309316,208773202690.0,763192581.198388,,9471739.0,0.0013252379,1.144,6.542666666666667e-05
2025-01-16,99987.3,100497.35,100866.66,97335.13,34599497119.13063,99937.4,21512694586.0727,3308.34521484375,2746.39990234375,4.4105000495910645,21547.6,6834070.0,0.5822722773315202,39801895.33281191,209641613439.0,702796045.256185,,9034155.0,0.0013197451,1.051,4.298e-05
2025-01-17,104077.48,99987.3,105865.22,99950.77,46145629959.84011,104042.5,25723721360.3901,3474.107177734375,2744.300048828125,4.337500095367432,21547.6,6834070.0,0.5743312592571627,48185407.23731143,209843661039.0,823589117.1405907,,10258184.0,0.0013828531,1.284,5.805e-05
2025-01-18,104556.23,104077.47,104988.88,102277.55,31732621240.9393,104524.3,17403566499.7749,3305.78955078125,2744.300048828125,4.337500095367432,21547.6,6834070.0,0.5986960584448445,42098685.98518904,211705004594.0,713777234.3280816,,7442946.0,0.0013795946,1.113,8.902333333333334e-05
2025-01-19,101331.57,104556.23,106422.43,99651.6,50126878289.14024,101311.5,29174848452.0504,3208.96435546875,2744.300048828125,4.337500095367432,21547.6,6834070.0,0.5851780586205998,48606848.39986649,211766467244.0,823589117.1405907,,14557860.0,0.0013596063,1.241,0.0001
2025-01-20,102260.01,101331.57,109588.0,99550.0,80747078013.6346,102247.6,55636481995.3162,3278.035400390625,2744.300048828125,4.337500095367432,21547.6,6834070.0,0.5910114346234846,49526805.00010263,212128978785.0,834570306.212487,,33890183.0,0.0013681865,1.277,0.0001
2025-01-21,106143.82,102260.0,107240.81,100119.04,59945791142.4539,106114.5,28422391304.195,3327.40625,2755.0,4.310999870300293,21547.6,6834070.0,0.5931380492445467,43069179.2742915,212000227623.0,730249013.9826986,,17565085.0,0.0013973967,1.154,0.0001
2025-01-22,103706.66,106143.82,106394.46,103339.12,36903525805.31947,103664.9,15829573488.171,3240.224609375,2767.60009765625,4.271500110626221,21547.6,6831760.0,0.601948002351266,49091106.21989752,214749155541.0,823589117.1405907,,9325844.0,0.0013670084,1.274,0.0001
2025-01-23,103910.34,103706.66,106850.0,101262.28,70696322879.58493,103864.1,43515004634.5494,3334.714111328125,2763.10009765625,4.299499988555908,21547.6,6831760.0,0.5913539779496391,44120491.85741803,216005294425.0,746720793.6373154,,24003787.0,0.0013668117,1.159,9.09e-05
2025-01-24,104870.5,103910.35,107120.0,102750.0,35038435299.24917,104808.1,17435123504.2742,3309.554931640625,2777.300048828125,4.289999961853027,21547.6,6831760.0,0.5913592104410861,45914124.70353201,216771598999.0,768683171.7811084,,9516071.0,0.0013801273,1.199,5.8036666666666666e-05
2025-01-25,104746.85,104870.51,105286.52,104106.09,15155032020.978811,104702.0,6869072101.7618,3317.26953125,2777.300048828125,4.289999961853027,21547.6,6831760.0,0.5945283839237928,41878567.891407125,217389573263.0,702796045.256185,,3839407.0,0.0013776444,1.097,7.326333333333333e-05
2025-01-26,102620.0,104746.86,105500.0,102520.44,14268278908.835123,102560.1,7903655326.0526,3236.13427734375,2777.300048828125,4.289999961853027,21547.6,6831760.0,0.5954210498045585,44825880.36064774,217436267904.0,752211392.1264913,,3908708.0,0.0013656729,1.152,8.935333333333333e-05
2025-01-27,102082.83,102620.01,103260.0,97777.77,60718632462.02991,102021.3,32694557659.0746,3178.92041015625,2737.5,4.203499794006348,21547.6,6831760.0,0.5915239936988415,48944631.68375114,217365485110.0,841019046.8641225,,17790379.0,0.001331014,1.299,4.298e-05
2025-01-28,101335.52,102082.83,103800.0,100272.68,31562162583.97164,101279.6,17380446310.6614,3077.112548828125,2766.800048828125,4.2204999923706055,21547.6,6831760.0,0.5644411785973786,47312170.75078911,217624380677.0,795344640.9204768,,9707601.0,0.0013140468,1.223,7.854e-05
2025-01-29,103733.24,101335.52,104782.68,101328.01,31554422706.071934,103698.2,17464739221.2713,3112.9990234375,2769.10009765625,4.257500171661377,21547.6,6818186.0,0.5778767383943917,49695272.62073313,217996001953.0,832962291.9147371,,9062208.0,0.0013494237,1.315,9.983e-05
2025-01-30,104722.94,103733.25,106457.44,103278.54,27824785208.607567,104676.9,14403072504.9993,3247.780029296875,2823.0,4.288000106811523,21547.6,6818186.0,0.58786768763019,47632646.42629424,218218561816.0,779222784.9668733,,7462236.0,0.0013684843,1.241,9.029666666666666e-05
2025-01-31,102429.56,104722.94,106012.0,101560.0,30461843651.779945,102379.7,17878626999.9051,3298.26513671875,2812.5,4.26200008392334,21547.6,6818186.0,0.5931760511486797,40625377.17818841,218908362807.0,671743786.5481225,,8624141.0,0.0013308908,1.042,7.075e-05
2025-02-01,100635.65,102429.56,102783.71,100279.51,17925914287.979897,100603.6,9240331525.5912,3118.32861328125,2812.5,4.26200008392334,21613.2,6818186.0,0.581636260783578,58601536.1409659,219141425362.0,988806850.4558096,,4871861.0,0.0013075045,1.509,6.478333333333334e-05
2025-02-02,97700.59,100635.66,101456.6,96150.0,41082603999.694016,97664.5,22949597609.4826,2868.69287109375,2812.5,4.26200008392334,21613.2,6818186.0,0.5746529285166035,52712470.75214536,219170740325.0,918945495.2928308,,12354009.0,0.0012577521,1.357,2.7810000000000003e-05
2025-02-03,101328.52,97700.59,102500.01,91231.0,75654628127.43593,101293.7,43861859909.7187,2884.566650390625,2833.89990234375,4.294000148773193,21613.2,6818186.0,0.5611702020688203,46026100.10076505,219083189992.0,822214390.5251645,,24672314.0,0.0013178926,1.265,8.281666666666667e-05
2025-02-04,97763.13,101328.51,101732.31,96150.0,49145942018.29208,97709.9,26009379200.5607,2735.05126953125,2853.300048828125,4.34250020980835,21613.2,6818186.0,0.5774705797855743,40597505.99798946,219994542395.0,703987482.9783524,,14382460.0,0.0012485699,1.043,4.516666666666666e-05
2025-02-05,96612.43,97763.14,99149.0,96155.0,31567816312.437668,96553.2,14787603373.4395,2787.779052734375,2871.60009765625,4.434500217437744,21613.2,6810935.0,0.559621754740327,43967574.42677272,222510888614.0,773848838.1413312,,8664815.0,0.0012465225,1.132,1.974333333333333e-05
2025-02-06,96554.35,96612.44,99120.0,95676.64,31106610509.203484,96515.1,15732382004.6025,2688.40087890625,2856.0,4.453499794006348,21613.2,6810935.0,0.5541718818558979,44163469.882279314,223794663310.0,779222784.9668733,,8719167.0,0.0012469116,1.14,2.617e-05
2025-02-07,96506.8,96554.35,100137.99,95620.34,37657796146.03924,96454.5,21837468262.4659,2622.211181640625,2867.300048828125,4.581500053405762,21613.2,6810935.0,0.5547817945545378,52820744.534846425,224449879855.0,929693396.6824036,,10811597.0,0.0012362103,1.356,6.713e-05
2025-02-08,96444.74,96506.8,96880.0,95688.0,14641289895.022717,96411.9,6644122527.1204,2632.308349609375,2867.300048828125,4.581500053405762,21613.2,6810935.0,0.5510669131699718,48160382.79493223,225570273153.0,859832041.5194248,,3586746.0,0.0012420287,1.257,-8.796666666666667e-06
2025-02-09,96462.75,96444.75,97323.09,94713.0,18686094675.46821,96423.6,9736102711.9428,2628.72119140625,2867.300048828125,4.581500053405762,21613.2,6810935.0,0.5527625850959186,43088959.87185139,225479616157.0,796800432.702752,,5181843.0,0.0012368501,1.121,5.437333333333333e-05
2025-02-10,97430.82,96462.75,98345.0,95256.0,26268159181.430367,97379.2,12909986839.9299,2661.166748046875,2914.300048828125,4.700500011444092,21613.2,6810935.0,0.5493776423738911,42210667.45575327,225617851375.0,788864729.4327155,,7178183.0,0.0012497634,1.101,6.145e-05
2025-02-11,95778.2,97430.82,98478.42,94876.88,25491370954.21466,95731.4,14974331187.2319,2602.781982421875,2912.5,4.5945000648498535,21613.2,6810935.0,0.5560884300651565,37639283.77341852,226029535744.0,703735439.5557053,,7284126.0,0.0012266262,0.968,2.954e-05
2025-02-12,97869.99,95778.21,98119.99,94088.23,33096053156.554245,97816.3,19439638352.8794,2736.902099609375,2909.0,4.697999954223633,21613.2,6813513.0,0.5481520988449372,39928716.918759145,226006061037.0,754813011.8474292,,9776019.0,0.001254448,1.059,3.719e-05
2025-02-13,96608.14,97870.0,98083.91,95217.36,24391393261.429623,96560.6,13680787136.6768,2675.902587890625,2925.89990234375,4.769000053405762,21613.2,6813513.0,0.5584689722982668,47585747.08538101,226235758799.0,896695156.1941718,,7173097.0,0.0012333219,1.242,4.974e-05
2025-02-14,97500.48,96608.13,98826.0,96252.82,22908773609.605427,97445.1,14050947379.4366,2726.091552734375,2883.60009765625,4.656499862670898,21613.2,6813513.0,0.5508728992439513,46185640.39002088,226238370226.0,862643446.781297,,6707001.0,0.0012412916,1.207,5.567666666666667e-05
2025-02-15,97569.66,97500.47,97972.26,97223.58,11359305589.133934,97538.0,4625304231.2128,2693.559814453125,2883.60009765625,4.656499862670898,21613.2,6813513.0,0.5543500291654416,48794845.82964267,226760424597.0,908045728.7226008,,2628457.0,0.0012447801,1.272,2.362333333333333e-05
2025-02-16,96118.12,97569.67,97704.47,96046.18,11149975337.810644,96067.0,5495964821.8901,2663.31591796875,2883.60009765625,4.656499862670898,21613.2,6813513.0,0.5558595515627393,45853143.41592811,226909385567.0,856968156.4308769,,2887294.0,0.0012326498,1.183,2.457e-05
2025-02-17,95780.0,96118.12,97046.59,95205.0,19837108598.31587,95743.2,10136667892.9053,2743.19970703125,2883.60009765625,4.656499862670898,21613.2,6813513.0,0.5517989005910766,41138656.58108683,226943712583.0,777514156.9042867,,5368299.0,0.001221706,1.069,4.881666666666667e-05
2025-02-18,95671.74,95780.01,96753.91,93388.09,26422031477.09036,95622.0,17034410558.3045,2669.3388671875,2931.60009765625,4.585000038146973,21613.2,6813513.0,0.5484535225366907,41687584.94603372,226944096125.0,794540011.6107243,,8215254.0,0.0012118773,1.089,9.829333333333334e-05
2025-02-19,96644.37,95671.74,96899.99,95029.99,20355990018.636013,96598.0,11992996490.3516,2715.77099609375,2919.39990234375,4.557000160217285,21613.2,6782332.0,0.5455758119771753,37781083.4081753,226765061953.0,715086012.0841341,,6008688.0,0.0012248235,0.993,7.915333333333333e-05
2025-02-20,98305.0,96644.37,98711.36,96415.09,22489704443.478752,98252.9,12598925800.6449,2740.386474609375,2940.0,4.607999801635742,21613.2,6782332.0,0.5510259704784402,39583838.24468494,227388077909.0,737787157.1409917,,5924803.0,0.001245444,1.043,4.345e-05
2025-02-21,96181.98,98305.01,99475.0,94871.95,35418071856.73976,96127.9,24420588679.3015,2659.655517578125,2937.60009765625,4.559999942779541,21613.2,6782332.0,0.5582344771752785,39408432.99894615,227378600580.0,732111866.7905716,,10791269.0,0.0012150186,1.011,7.706666666666667e-06
2025-02-22,96551.01,96181.99,96980.0,95770.49,13424574192.181824,96503.3,6345520284.0928,2764.029296875,2937.60009765625,4.559999942779541,21613.2,6782332.0,0.5469536104034978,41903063.69933068,227980221220.0,788864729.4327155,,3022324.0,0.0012227486,1.096,6.261333333333333e-05
2025-02-23,96258.0,96551.01,96650.0,95227.94,12355291570.684002,96218.4,6647362791.999,2821.310302734375,2937.60009765625,4.559999942779541,21613.2,6782332.0,0.5507346588303191,38732140.38580116,227936646361.0,727639381.136543,,2851688.0,0.001208336,1.012,2.91e-05
2025-02-24,91552.88,96258.0,96500.0,91349.26,31013284389.079777,91514.5,20543195679.4306,2513.8212890625,2947.89990234375,4.517000198364258,21613.2,6782332.0,0.5473901690050853,38465833.202985294,228157150222.0,714530231.5962585,,9581620.0,0.0011694633,0.976,1.987e-05
2025-02-25,88680.4,91552.88,92540.69,86050.99,56974900064.1904,88639.1,41894200562.9206,2493.592529296875,2904.5,4.486000061035156,21613.2,6782332.0,0.530140622443671,40853821.39238558,227651318468.0,807968795.7163497,,20315424.0,0.001120042,1.067,5.543333333333334e-05
2025-02-26,84250.09,88680.39,89414.15,82256.01,43018547246.297165,84208.5,34536661991.6454,2331.45263671875,2916.800048828125,4.541999816894531,21613.2,6766101.0,0.511719900546386,42276469.33014147,226607184829.0,862932663.9471062,,17171028.0,0.0010667453,1.079,6.508666666666666e-05
2025-02-27,84708.58,84250.09,87078.46,82716.49,36523171939.98207,84668.1,22931080203.5431,2305.484375,2883.199951171875,4.579999923706055,21613.2,6766101.0,0.4871496755370405,39873402.811534576,226010322343.0,824457960.1429749,,12505245.0,0.0010589256,1.04,6.040333333333334e-05
2025-02-28,84349.94,84708.57,85120.0,78258.52,57316690038.3929,84299.6,43686395142.1932,2237.9052734375,2836.800048828125,4.514500141143799,21613.2,6766101.0,0.4873925667143494,39769251.95452056,225887017370.0,857436273.1666323,,24459103.0,0.0010556375,1.077,6.197333333333333e-05
2025-03-01,86064.53,84349.95,86558.0,83824.78,21581541335.064632,86007.7,12515888419.9825,2216.643310546875,2836.800048828125,4.514500141143799,21693.5,6766101.0,0.4850807404985593,38291971.1991248,226712852444.0,791479639.204521,,7126559.0,0.0010811141,1.015,-2.326666666666667e-05
2025-03-02,94270.0,86064.54,95000.0,85050.6,40303643689.77269,94222.8,32943383217.4127,2519.694580078125,2836.800048828125,4.514500141143799,21693.5,6766101.0,0.4963466733164334,35262727.816861875,225928827916.0,692544684.303956,,16203216.0,0.0011805268,0.977,-2.248666666666667e-05
2025-03-03,86220.61,94269.99,94416.46,85117.11,51509406902.20867,86192.7,39107649568.9303,2145.573974609375,2890.199951171875,4.576499938964844,21693.5,6766101.0,0.5395278308833344,42002876.20033956,226059823628.0,824457960.1429749,,21851289.0,0.0010825087,1.065,1.8166666666666656e-06
2025-03-04,87281.98,86221.16,88967.52,81500.0,47546457538.3756,87245.9,36591012063.2103,2170.01513671875,2909.60009765625,4.527500152587891,21693.5,6766101.0,0.4971989554449003,38619523.60173074,226015393636.0,802472412.8506724,,22794364.0,0.0010967577,1.05,-1.6333333333333329e-06
2025-03-05,90606.01,87281.98,91000.0,86334.53,33978840352.48047,90566.1,24826777816.6592,2241.977294921875,2915.300048828125,4.766499996185303,21693.5,6756764.0,0.5042860141870394,37207851.435028136,226340314567.0,736515778.888561,,14926788.0,0.0011269072,1.002,3.954333333333333e-05
2025-03-06,89931.89,90606.0,92810.64,87836.0,34230711301.16637,89887.8,27350634937.0079,2202.476806640625,2916.60009765625,4.77899980545044,21693.5,6756764.0,0.5191195579747772,47978240.33673357,227530272764.0,934385688.6896912,,15664883.0,0.0011296129,1.267,5.589666666666667e-05
2025-03-07,86801.75,89931.88,91283.02,84667.03,47224366094.90319,86753.8,39785179157.3045,2138.987548828125,2904.699951171875,4.683000087738037,21693.5,6756764.0,0.5180267566154158,39071558.2694448,227684049170.0,780486865.5583699,,23587778.0,0.0010825967,1.018,-4.1000000000000004e-07
2025-03-08,86222.45,86801.74,86897.25,85218.47,13602689367.381054,86184.7,8274279764.8036,2201.51025390625,2904.699951171875,4.683000087738037,21693.5,6756764.0,0.4978920172700931,36868609.71293311,228766677368.0,753004935.4003899,,5318521.0,0.0010758327,0.98,2.303e-05
2025-03-09,80734.37,86222.46,86500.0,80000.0,22318460803.34912,80688.8,18439154205.8068,2015.5091552734373,2904.699951171875,4.683000087738037,21693.5,6756764.0,0.495860534052608,41620008.40169149,228819838848.0,878405393.0064901,,10837473.0,0.0010001795,1.067,3.479666666666667e-05
2025-03-10,78595.86,80734.48,84123.46,77459.91,38989193969.90719,78567.8,33576468153.0327,1861.1513671875,2891.0,4.639500141143799,21693.5,6756764.0,0.459363027480194,38879640.97553155,228775595208.0,858547238.6202688,,19617984.0,0.0009891391,1.014,3.111e-05
2025-03-11,82932.99,78595.86,83617.4,76606.0,37954099140.82234,82896.0,31496850047.1384,1919.844970703125,2912.89990234375,4.739999771118164,21693.5,6756764.0,0.4541281397030287,34730987.78818675,228350491436.0,769347526.0381613,,17953721.0,0.0010332616,0.954,5.570333333333333e-05
2025-03-12,83680.12,82932.99,84539.85,80607.65,28737383489.5142,83640.7,25257040236.9463,1908.982666015625,2939.10009765625,4.821000099182129,21693.5,6759571.0,0.4766076577465837,39461709.47481944,228922216266.0,852972260.096126,,14153042.0,0.001038069,1.071,3.467999999999999e-05
2025-03-13,81115.78,83680.12,84336.33,79939.9,23399365360.855057,81085.4,20339091216.6417,1862.9696044921875,2984.300048828125,4.898499965667725,21693.5,6759571.0,0.479907358789744,40876268.20848582,229532546415.0,886422155.3249063,,10855633.0,0.0010086375,1.082,1.896333333333333e-05
2025-03-14,83983.2,81115.78,85309.71,80818.84,22576047683.27507,83939.8,19480400183.0068,1909.467529296875,2994.5,4.869500160217285,21693.5,6759571.0,0.4650276082172043,36962667.32064222,229646535833.0,791647456.1906818,,10027466.0,0.0010454513,1.004,3.691333333333333e-05
2025-03-15,84338.44,83983.19,84676.28,83618.0,10416793722.568775,84302.9,6452002481.0053,1937.3946533203125,2994.5,4.869500160217285,21693.5,6759571.0,0.4842738356153049,34747417.6501207,230244194655.0,735897638.8373549,,3439968.0,0.0010434928,0.938,-2.915e-05
2025-03-16,82574.53,84338.44,85117.04,81981.12,15402772004.282837,82541.6,14560229989.6632,1887.43505859375,2994.5,4.869500160217285,21693.5,6759571.0,0.4840436123012365,37849228.282166906,230400293335.0,808372399.791085,,8224201.0,0.0010178597,1.009,1.9716666666666667e-05
2025-03-17,84010.03,82574.52,84756.83,82456.0,18146762409.387966,83962.9,15243760952.7371,1927.0029296875,3000.0,4.933499813079834,21693.5,6759571.0,0.4701123104696471,36529657.16729193,230369595258.0,780497491.1144216,,8430189.0,0.0010392823,0.994,3.4660000000000004e-05
2025-03-18,82715.03,84010.02,84021.74,81134.66,17458111624.91172,82666.1,15546964609.4973,1932.54345703125,3035.10009765625,4.993000030517578,21693.5,6759571.0,0.4817859295797449,36591732.22371716,230782536133.0,791647456.1906818,,8725520.0,0.0010154823,0.994,2.092e-05
2025-03-19,86845.94,82715.03,87000.0,82547.16,24256689935.946785,86809.8,21278400806.1707,2057.7490234375,3035.89990234375,5.076000213623047,21693.5,6755982.0,0.471607303136658,39994172.06022968,231050339034.0,847397281.5719829,,10784052.0,0.0010613875,1.118,3.7283333333333336e-05
2025-03-20,84223.39,86845.93,87453.67,83655.23,20654505415.115646,84183.6,20712134490.6818,1982.099853515625,3040.0,5.085000038146973,21693.5,6755982.0,0.494038869126953,37878833.00343833,231718355635.0,791647456.1906818,,9845394.0,0.0010355219,1.015,2.273333333333333e-05
2025-03-21,84088.79,84223.38,84850.33,83175.25,13637687347.44247,84050.3,12128213315.5817,1964.8475341796875,3018.199951171875,5.087500095367432,21693.5,6755982.0,0.478940946640577,38090086.58174366,231575631292.0,808372399.791085,,6313396.0,0.0010346342,1.036,3.152333333333333e-05
2025-03-22,83840.59,84088.79,84539.17,83625.1,6827959104.638031,83804.9,4391946161.3191,1980.037841796875,3018.199951171875,5.087500095367432,21693.5,6755982.0,0.4814376284444851,39454449.78930351,232158588703.0,836247316.4957225,,2216293.0,0.0010311165,1.07,2.0526666666666668e-05
2025-03-23,86082.5,83840.59,86129.64,83809.75,9123351121.02251,86044.2,7717260188.0899,2005.2991943359373,3018.199951171875,5.087500095367432,21693.5,6755982.0,0.4806036484508119,41281950.20218746,233089710515.0,876971228.9099866,,3799470.0,0.0010469402,1.14,1.978333333333333e-05
2025-03-24,87498.16,86082.5,88765.43,85519.09,24512482606.545822,87463.4,18432550277.6387,2077.47900390625,3013.10009765625,5.064000129699707,21693.5,6755982.0,0.4892363701276587,42096995.99349683,233424836581.0,870857127.4297614,,9114979.0,0.0010709921,1.149,1.3763333333333333e-05
2025-03-25,87392.87,87498.16,88539.63,86310.0,21214689591.68225,87369.8,15155815871.099,2067.76416015625,3023.699951171875,5.183000087738037,21693.5,6755982.0,0.501002395139366,40653013.292986274,234439074205.0,842582547.0624223,,7968062.0,0.0010725784,1.114,-9.576666666666666e-06
2025-03-26,86909.17,87392.88,88275.0,85860.0,18869163074.209908,86873.8,16368183043.4019,2009.1893310546875,3020.89990234375,5.216000080108643,21693.5,6740253.0,0.5007889618624852,41455546.269228384,235548220387.0,859547301.7972895,,7413667.0,0.0010638411,1.13,-1.471e-05
2025-03-27,87232.01,86909.17,87756.39,85800.0,16826735455.50351,87191.2,14210148345.9687,2002.357421875,3060.199951171875,5.097499847412109,21693.5,6740253.0,0.4969894556092885,40289464.06329908,235720482001.0,836927634.2461863,,7073344.0,0.0010676585,1.107,1.6293333333333332e-05
2025-03-28,84424.38,87232.01,87515.67,83585.0,23541030943.957745,84380.8,18906017105.6124,1895.5029296875,3086.5,5.112500190734863,21693.5,6740253.0,0.4774965737099366,40973111.76026557,235318629625.0,870857127.4297614,,9608907.0,0.0010298907,1.116,3.081666666666667e-05
2025-03-29,82648.54,84424.38,84624.73,81644.81,11849069358.56332,82604.7,11234711035.3115,1827.3203125,3086.5,5.112500190734863,21693.5,6740253.0,0.4823648878130368,36632407.5174235,234701952538.0,797343220.1032952,,6679377.0,0.0010285845,1.002,5.369333333333333e-05
2025-03-30,82389.99,82648.53,83534.64,81565.0,10620610035.569511,82352.8,9064725716.8179,1806.2186279296875,3086.5,5.112500190734863,21693.5,6740253.0,0.4684289834711036,35430373.69531008,234754037335.0,774723552.5521919,,5734093.0,0.0010006534,0.972,1.7853333333333334e-05
2025-03-31,82550.01,82390.0,83943.08,81278.52,20245102217.95253,82517.5,17489658395.7987,1823.47998046875,3122.800048828125,5.019999980926514,21693.5,6740253.0,0.4655864543899397,38114489.92222863,234876698491.0,836927634.2461863,,10551838.0,0.0010049389,1.055,3.502666666666667e-05
2025-04-01,85158.34,82550.0,85579.46,82432.74,19400389605.392384,85120.9,16592830383.7936,1905.491455078125,3118.89990234375,5.019000053405762,21775.5,6740253.0,0.4705625260722464,35443895.134349346,235051891992.0,763413718.7766402,,9515122.0,0.0010362033,0.997,3.474333333333333e-05
2025-04-02,82516.29,85158.35,88500.0,82320.0,30446734598.92996,82485.1,29832752692.1704,1795.313232421875,3139.89990234375,5.023499965667725,21775.5,6723452.0,0.4869374638711952,45907373.69587404,235161909299.0,972645623.2666467,,16667155.0,0.001028669,1.232,5.523333333333333e-06
2025-04-03,83213.09,82516.28,83998.02,81211.24,22808344442.252003,83181.5,19745607618.6561,1815.63720703125,3097.0,4.810999870300293,21775.5,6723452.0,0.4825510666589117,39280698.92619482,235733010941.0,859547301.7972895,,10960650.0,0.001003046,1.095,5.7946666666666665e-05
2025-04-04,83889.87,83213.09,84720.0,81659.0,27704925185.81186,83861.3,29383845902.268,1815.335205078125,3012.0,4.384500026702881,21775.5,6723452.0,0.4699911064117125,46831416.36692062,235660974732.0,1017884958.3688536,,15478472.0,0.0010226349,1.312,5.685666666666666e-05
2025-04-05,83537.99,83889.87,84266.0,82379.95,9347655059.682844,83506.1,8287351555.4536,1805.9732666015625,3012.0,4.384500026702881,21775.5,6723452.0,0.4798158680475205,42702768.2336997,235182063341.0,950907688.4520772,,4658012.0,0.0010046841,1.19,5.467999999999999e-05
2025-04-06,78430.0,83537.99,83817.63,77153.83,21810811140.21474,78390.0,22582931441.791,1576.72802734375,3012.0,4.384500026702881,21775.5,6723452.0,0.4718767408708191,36600370.36945238,235127944477.0,875826844.1440289,,13374070.0,0.0009557023,0.987,1.6603333333333334e-05
2025-04-07,79163.24,78430.0,81243.58,74508.0,49612578511.18493,79140.0,53937100469.049,1555.240966796875,2951.300048828125,4.169000148773193,21775.5,6723452.0,0.44323009667186,35294939.34327155,234604490913.0,875826844.1440289,,31522328.0,0.0009540675,1.009,5.600333333333334e-05
2025-04-08,76322.42,79163.24,80867.99,76239.9,27896073097.13179,76297.9,25796580911.5206,1472.5531005859375,2968.39990234375,4.127500057220459,21775.5,6723452.0,0.4479094424394677,37623862.55052871,234297838569.0,924148329.2792507,,16133169.0,0.0009305849,1.026,3.594333333333333e-05
2025-04-09,82615.22,76322.42,83588.0,74620.0,46624336437.04562,82588.0,44072322884.0975,1668.0400390625,3056.5,4.17549991607666,21775.5,6727416.0,0.4313218869531857,32058153.515562464,233838830039.0,791264253.8552573,,27193609.0,0.0010041907,0.954,4.724e-05
2025-04-10,79607.3,82615.22,82753.21,78464.36,26507013275.900654,79560.2,23687469484.8299,1522.518798828125,3155.199951171875,4.321000099182129,21775.5,6727416.0,0.4741673956708339,36285700.3718719,233995397922.0,869786662.8510596,,14880798.0,0.0009606113,1.011,4.864666666666667e-05
2025-04-11,83423.84,79607.3,84300.0,78969.58,26066110776.99384,83378.3,24267636755.0135,1567.1497802734375,3222.199951171875,4.507500171661377,21775.5,6727416.0,0.4499765590545933,37925858.42328715,233834575722.0,893947405.4186704,,14026534.0,0.0010082082,1.09,3.5366666666666674e-06
2025-04-12,85276.9,83423.83,85905.0,82792.95,15295375471.678291,85237.8,13313650656.6862,1643.528564453125,3222.199951171875,4.507500171661377,21775.5,6727416.0,0.4756514735229601,37875759.84551343,233653532911.0,869786662.8510596,,8007252.0,0.0010262629,1.086,4.894e-05
2025-04-13,83760.0,85276.91,86100.0,83034.23,19474554347.190006,83713.7,17457667797.3317,1596.685791015625,3222.199951171875,4.507500171661377,21775.5,6727416.0,0.4862752280200933,45336776.23640396,233879175313.0,1038911843.4286025,,10173946.0,0.0010040844,1.274,7.709333333333334e-05
2025-04-14,84591.58,83760.0,85799.99,83678.0,22383340734.65056,84553.9,17726843976.2684,1622.7698974609375,3204.800048828125,4.610499858856201,21775.5,6727416.0,0.4748770610434433,39426761.70162987,233624038630.0,899987586.7116399,,11232334.0,0.0010149678,1.119,5.889333333333333e-05
2025-04-15,83643.99,84591.58,86496.42,83600.0,18555389018.005875,83608.7,15709860552.1604,1588.6324462890625,3218.699951171875,4.611000061035156,21775.5,6727416.0,0.4811680038642187,38258165.248419605,233770195148.0,869786662.8510596,,9657446.0,0.0010079961,1.071,2.138666666666667e-05
2025-04-16,84030.38,83643.99,85500.0,83111.64,18878906899.268265,83990.0,17600465000.7882,1578.1053466796875,3326.60009765625,4.673999786376953,21775.5,6727113.0,0.4769791601881441,38859297.09074687,234210580118.0,893947405.4186704,,10240392.0,0.0010134471,1.11,3.7743333333333335e-05
2025-04-17,84947.91,84030.38,85470.01,83736.26,14055717582.608765,84915.0,11925437240.4436,1582.54833984375,3308.699951171875,4.731500148773193,21775.5,6727113.0,0.4822516440206814,40443543.67581947,234427762199.0,924148329.2792507,,7154562.0,0.0010172802,1.159,3.502666666666666e-05
2025-04-18,84474.69,84947.92,85132.08,84303.96,7070877712.916479,84421.0,4669701038.4181,1588.9246826171875,3308.699951171875,4.731500148773193,21775.5,6727113.0,0.4851804821041323,35966669.5503776,234767789311.0,821465177.7158377,,2844152.0,0.001011131,1.026,3.951333333333333e-05
2025-04-19,85077.01,84474.7,85677.99,84364.45,8656884556.957281,85046.9,6243873371.14,1612.9228515625,3308.699951171875,4.731500148773193,21775.5,6727113.0,0.482483844036969,36953692.69543323,234229819961.0,847825370.5576408,,3584468.0,0.001018602,1.059,2.3336666666666663e-05
2025-04-20,85179.24,85077.0,85320.76,83949.52,9092057723.961617,85138.8,7672458746.815,1587.5142822265625,3308.699951171875,4.731500148773193,21775.5,6727113.0,0.4866532690129178,32577879.96477267,234457858142.0,753499805.3802222,,4089698.0,0.0010137704,0.936,-1.2113333333333331e-05
2025-04-21,87516.23,85179.24,88465.99,85144.76,26646945661.33218,87466.0,23894438019.9122,1579.7344970703125,3406.199951171875,4.7210001945495605,21775.5,6727113.0,0.4839907586969348,34318546.49465444,234463629105.0,771877846.40168,,11988025.0,0.0010397504,0.984,4.062666666666667e-05
2025-04-22,93442.99,87516.22,93888.0,87076.03,35793273012.82776,93404.9,30146810687.6233,1757.3316650390625,3400.800048828125,4.870500087738037,21775.5,6727113.0,0.4965986337867028,43668724.2119689,234619406086.0,949532272.3473084,,14517137.0,0.0011028603,1.294,-1.333333333333321e-07
2025-04-23,93691.08,93442.99,94696.05,91935.41,28937149817.354355,93632.1,21736791484.5585,1796.104248046875,3276.300048828125,4.8354997634887695,21775.5,6726930.0,0.5272091204330148,33299948.53922156,236005561221.0,698365673.494388,,11829748.0,0.0011101398,0.954,1.524e-05
2025-04-24,93980.47,93691.07,94005.0,91660.01,21229085853.696327,93931.6,14589477688.5148,1769.8316650390625,3332.0,4.849999904632568,21775.5,6726930.0,0.5279506631877333,40967833.8067258,236537820986.0,863768069.1518909,,8450446.0,0.0011080695,1.181,1.246666666666666e-06
2025-04-25,94638.68,93980.47,95758.04,92855.96,26417480576.544044,94591.8,18114328489.7902,1786.634521484375,3282.39990234375,4.8354997634887695,21775.5,6726930.0,0.5257814675166624,42437698.034677535,237437568003.0,882146110.1733487,,10408049.0,0.0011219169,1.217,-4.913333333333333e-06
2025-04-26,94628.0,94638.68,95199.0,93870.69,11023134201.255505,94575.7,6848477987.1194,1821.881103515625,3282.39990234375,4.8354997634887695,21775.5,6726930.0,0.5319342543691633,39275826.11855343,238021625574.0,814759947.9993888,,4149909.0,0.0011169482,1.122,-3.3346666666666664e-05
2025-04-27,93749.3,94628.0,95369.0,93602.58,11601187465.493174,93697.1,7891352346.555,1792.864990234375,3282.39990234375,4.8354997634887695,21775.5,6726930.0,0.5302736128506804,39721937.908874206,238841984549.0,827011978.2875142,,4565843.0,0.0011161766,1.127,-8.603333333333335e-06
2025-04-28,95011.18,93749.29,95630.0,92800.01,22641111399.0688,94969.0,18333704018.2604,1798.851806640625,3332.5,4.8379998207092285,21775.5,6726930.0,0.5291602530823877,41568092.428789325,239566994403.0,863768069.1518909,,9327346.0,0.0011169964,1.191,-1.734e-05
2025-04-29,94256.82,95011.18,95461.53,93742.54,18794363673.019764,94200.1,14010734428.5148,1799.1756591796875,3318.800048828125,4.822999954223633,21775.5,6726930.0,0.5299575490379399,43275689.85622077,240070430816.0,894398140.4614741,,7813337.0,0.001116726,1.22,3.15e-06
2025-04-30,94172.0,94256.82,95228.45,92910.0,19136977660.08881,94125.1,16099511642.4903,1793.775390625,3305.0,4.559999942779541,21775.5,6709277.0,0.5294874808621329,38930291.80625592,241735636637.0,808633937.2660567,,8323257.0,0.0011135144,1.103,-2.013e-05
2025-05-01,96489.91,94172.0,97424.02,94130.43,22613706094.91085,96423.3,17724494702.1216,1839.2215576171875,3210.0,4.580999851226807,21833.8,6709277.0,0.528713530657216,40469584.99248614,241809757491.0,827011978.2875142,,9255502.0,0.0011369613,1.153,4.153333333333333e-06
2025-05-02,96887.14,96489.9,97895.68,96350.0,17696905237.31229,96831.2,13503167893.5523,1842.7078857421875,3231.89990234375,4.627500057220459,21833.8,6709277.0,0.5378107216930624,48204171.919401854,242137107236.0,974036332.9235592,,7664663.0,0.0011404634,1.362,-0.00010101
2025-05-03,95856.42,96887.13,96935.67,95753.01,10326405632.14528,95803.3,6871382895.5311,1833.8397216796875,3231.89990234375,4.627500057220459,21833.8,6709277.0,0.5384046354230114,49379197.083755136,242586336937.0,998934428.304872,,3831789.0,0.0011317326,1.389,-1.4126666666666666e-05
2025-05-04,94277.62,95856.42,96304.48,94151.38,12216409545.097752,94230.2,8988011491.011,1808.59423828125,3231.89990234375,4.627500057220459,21833.8,6709277.0,0.536182388379495,41518298.22594642,242928992676.0,823060872.6106743,,5321536.0,0.001123897,1.157,2.448e-05
2025-05-05,94733.68,94277.61,95199.0,93514.1,17976805351.63603,94696.7,14600852881.6568,1819.697509765625,3311.300048828125,4.65500020980835,21833.8,6709277.0,0.5320157210657129,51597342.64683125,242897519716.0,1036227716.8248532,,7936254.0,0.0011117895,1.461,-3.383333333333334e-06
2025-05-06,96834.02,94733.68,96920.65,93377.0,18001327907.23613,96798.9,16444015298.9578,1815.0875244140625,3411.39990234375,4.735000133514404,21833.8,6709277.0,0.5274870033257366,40784807.10128821,242778014725.0,817139566.6454616,,8325826.0,0.0011087055,1.173,2.391666666666667e-05
2025-05-07,97030.5,96834.02,97732.0,95784.61,21589403528.20026,96988.4,17927424779.6889,1811.606689453125,3381.39990234375,4.616499900817871,21833.8,6710889.0,0.526525444432853,45685504.85731528,242002692826.0,894116484.5065093,,9440819.0,0.0011363692,1.287,8.376666666666667e-06
2025-05-08,103261.6,97030.5,104145.76,96876.29,36984905996.98957,103228.1,31823810370.5613,2206.5146484375,3296.60009765625,4.560999870300293,21833.8,6710889.0,0.5368221540023792,49843345.05895883,242124924709.0,941486898.1215152,,17361086.0,0.0012050705,1.435,4.2180000000000006e-05
2025-05-09,102971.99,103261.61,104361.3,102315.14,29621914842.90954,102941.9,17811570329.7221,2345.50732421875,3335.39990234375,4.611000061035156,21833.8,6710889.0,0.5606722022904579,45077503.01729888,242738848856.0,828982170.0492132,,12666598.0,0.0012020266,1.26,8.126e-05
2025-05-10,104809.53,102971.99,104984.57,102818.76,16733304752.836351,104788.8,10820371034.8627,2582.422607421875,3335.39990234375,4.611000061035156,21833.8,6710889.0,0.5622845328013514,48512206.235085785,242618904763.0,888195187.0679704,,7619101.0,0.0012041074,1.37,7.971333333333333e-05
2025-05-11,104118.0,104809.53,104972.0,103345.06,19810626043.572563,104072.7,14486322662.4281,2510.23779296875,3335.39990234375,4.611000061035156,21833.8,6710889.0,0.5647548160329414,48480622.30347893,242865133485.0,882273881.1027578,,10170243.0,0.0012139713,1.351,8.05e-05
2025-05-12,102791.32,104118.0,105819.45,100718.37,31631667130.5488,102739.3,26551603069.1406,2496.397705078125,3220.0,4.578499794006348,21833.8,6710889.0,0.5666238073431009,46863942.02302215,242855323646.0,858588674.2952547,,17152028.0,0.0011924315,1.299,5.585e-05
2025-05-13,104103.72,102791.32,104976.25,101429.7,24202302610.13898,104082.0,16783134050.1225,2680.129638671875,3240.300048828125,4.68149995803833,21833.8,6710889.0,0.5571173168814818,41986387.86007443,242312885446.0,769769161.5571296,,12930117.0,0.0012118815,1.177,8.034333333333333e-05
2025-05-14,103507.82,104103.72,104356.95,102602.05,20450074921.38364,103458.1,13068576865.3795,2610.063232421875,3181.39990234375,4.611000061035156,21833.8,6713270.0,0.5617370518221684,46617308.47414366,242184346338.0,852667376.856716,,11160986.0,0.0012027804,1.295,6.879333333333332e-05
2025-05-15,103763.71,103507.83,104192.7,101383.07,23238250754.94513,103714.5,18109801387.1545,2546.85693359375,3220.699951171875,4.644499778747559,21833.8,6713270.0,0.5608872440078868,46906483.83799877,242601109310.0,864509980.2604675,,16508106.0,0.0011959243,1.22,3.251e-05
2025-05-16,103463.9,103763.71,104550.33,103100.49,19814647292.30185,103412.2,11990203384.412,2536.297607421875,3182.0,4.555500030517578,21833.8,6713270.0,0.5587255758745822,44134783.00233296,243205514462.0,805296963.2417101,,11102220.0,0.0011991111,1.277,5.6023333333333336e-05
2025-05-17,103126.65,103463.9,103709.86,102612.5,14533056944.614489,103079.6,9316018419.6171,2475.75439453125,3182.0,4.555500030517578,21833.8,6713270.0,0.5600493021788525,46109808.59491258,243747273296.0,853949349.7167878,,8338108.0,0.0011941466,1.483,2.2526666666666666e-05
2025-05-18,106454.26,103126.65,106660.0,103105.09,23048347744.043365,106407.6,18124062039.3125,2498.233642578125,3182.0,4.555500030517578,21833.8,6713270.0,0.5582312804172817,52813723.867214896,243781184371.0,979723251.2998108,,15944561.0,0.0012060171,1.284,7.548333333333333e-05
2025-05-19,105573.74,106454.27,107108.62,102000.0,32412275406.77599,105531.6,26840364600.388,2529.166748046875,3228.89990234375,4.633500099182129,21833.8,6713270.0,0.5609515311982636,45955116.16521616,243907874167.0,852722091.9971635,,22934259.0,0.0012123463,1.363,4.713333333333333e-05
2025-05-20,106849.99,105573.73,107320.0,104184.72,27007661987.46744,106800.1,23924084086.0768,2524.173095703125,3280.300048828125,4.619500160217285,21833.8,6713270.0,0.5654864011554128,48939929.331761375,243871482280.0,895055811.7647127,,19554097.0,0.0012285036,1.359,5.583666666666667e-05
2025-05-21,109643.99,106850.0,110797.38,106100.01,45100918433.7531,109609.5,44576303267.8202,2552.34716796875,3309.300048828125,4.638000011444092,21833.8,6688726.0,0.5692904883615423,48472609.92507758,244184221632.0,870865112.2664986,,29872910.0,0.0012482805,1.436,7.011e-05
2025-05-22,111696.21,109643.99,111980.0,109177.37,36406896744.38746,111662.7,27295716075.3018,2664.156982421875,3292.300048828125,4.648499965667725,21833.8,6688726.0,0.575109491051804,52040383.59191306,245201427851.0,907151161.5138196,,23173301.0,0.0012744847,1.427,0.0001
2025-05-23,107318.3,111696.22,111800.0,106800.0,34979536299.3069,107271.5,30543709259.4438,2526.44189453125,3363.60009765625,4.80649995803833,21833.8,6688726.0,0.5839106879787644,53121665.113204695,245732672338.0,937389531.5322616,,28289907.0,0.0012405602,1.304,8.398666666666666e-05
2025-05-24,107761.91,107318.3,109506.03,106875.41,18881029456.093216,107698.9,17895241893.0697,2530.646240234375,3363.60009765625,4.80649995803833,21833.8,6688726.0,0.5739490892047764,47795369.37308133,246070915097.0,852722091.9971635,,16023105.0,0.0012471631,1.408,5.317e-05
2025-05-25,109004.19,107761.9,109299.99,106600.64,20370203297.43998,108955.9,17159184232.0091,2551.763916015625,3363.60009765625,4.80649995803833,21833.8,6688726.0,0.5754764147023266,50848708.20489513,246157813664.0,913198832.0340476,,18345751.0,0.0012315788,1.431,6.186e-05
2025-05-26,109434.79,109004.2,110422.22,108670.58,19770047207.45694,109386.8,16103265896.3352,2564.138427734375,3363.60009765625,4.80649995803833,21833.8,6688726.0,0.5686334986079034,52407019.89184137,246182723065.0,925294181.7831548,,17611938.0,0.0012502403,1.313,9.037666666666669e-05
2025-05-27,108938.17,109434.78,110718.0,107516.57,27445409199.29449,108889.3,24452829099.8677,2663.06982421875,3299.10009765625,4.710000038146973,21833.8,6688726.0,0.5750215392802196,48195505.19736672,246419225091.0,852722091.9971635,,23149437.0,0.0012454346,1.507,5.797333333333333e-05
2025-05-28,107781.78,108938.17,109284.7,106769.43,21151481509.541656,107723.1,17119395349.8769,2682.212890625,3293.60009765625,4.644000053405762,21833.8,6673244.0,0.572671467588371,55496973.4542233,246381780935.0,991818601.048918,,18803258.0,0.0012252361,1.43,3.597333333333333e-05
2025-05-29,105589.75,107781.78,108891.91,105322.86,28493357849.11401,105539.9,22850297579.7762,2632.65478515625,3317.10009765625,4.653500080108643,21833.8,6673244.0,0.5663668954953844,53407434.7103707,246393301975.0,961580231.030476,,23990579.0,0.0012108978,1.368,4.792333333333333e-05
2025-05-30,103985.48,105589.75,106313.12,103621.0,29301906438.948418,103950.0,23083176001.5792,2529.943603515625,3288.89990234375,4.652500152587891,21833.8,6673244.0,0.5616944717448922,50994837.59698704,246533266830.0,938712777.7441466,,25090015.0,0.0011908175,1.429,4.621e-05
2025-05-31,104591.88,103985.47,104900.0,103068.55,15120411667.93607,104544.7,10771231013.7278,2529.08740234375,3288.89990234375,4.652500152587891,21833.8,6673244.0,0.5544924045315424,52358055.239648215,246714795484.0,1016284108.9276664,,12230293.0,0.0011912286,1.191,6.915e-05
2025-06-01,105642.93,104591.88,105866.91,103752.49,13350705564.05455,105583.3,10189734693.2765,2536.266357421875,3288.89990234375,4.652500152587891,21938.7,6673244.0,0.5552576333093058,43493665.24802945,246837903973.0,839539042.158194,,10225457.0,0.0011967036,1.191,1.9566666666666667e-05
2025-06-02,105857.99,105642.93,105935.63,103659.88,20101327463.116177,105814.3,16568774033.5745,2607.097412109375,3370.60009765625,4.834499835968018,21938.7,6673244.0,0.5568658498780562,43608691.13030481,246884179737.0,839539042.158194,,16419729.0,0.0011878765,1.283,3.139333333333333e-05
2025-06-03,105376.89,105858.0,106794.67,104872.5,20023603325.901714,105330.1,14728115908.7851,2593.2802734375,3350.199951171875,4.809500217437744,21938.7,6673244.0,0.5534293313275969,47598503.42888663,247361694926.0,908974603.1294425,,15499409.0,0.0011926955,1.114,5.1756666666666665e-05
2025-06-04,104696.86,105376.9,106000.0,104179.0,20006693677.200764,104641.8,12459563151.8403,2608.64306640625,3373.5,4.864500045776367,21938.7,6672885.0,0.5542193182219081,41436935.19709211,248229294803.0,795352777.7382623,,13740974.0,0.0011874477,1.149,1.1873333333333334e-05
2025-06-05,101508.68,104696.86,105909.71,100372.26,29218094244.512634,101458.6,25426533952.9847,2416.28564453125,3350.699951171875,4.91349983215332,21938.7,6672885.0,0.5521278101682954,43403944.44255758,248831982355.0,845851370.8408964,,26996720.0,0.0011466631,1.179,2.7003333333333333e-05
2025-06-06,104288.44,101508.69,105333.0,101095.8,23162007870.39548,104240.0,18075103218.6038,2477.19482421875,3322.699951171875,4.829999923706055,21938.7,6672885.0,0.5362850831782782,43432774.372932106,248455546449.0,845851370.8408964,,17405296.0,0.0011779062,1.271,-3.172e-05
2025-06-07,105552.15,104288.43,105900.0,103871.09,14002389752.796576,105507.5,8393331490.526,2526.50537109375,3322.699951171875,4.829999923706055,21938.7,6672885.0,0.5493407668252515,47045497.07727149,249087700145.0,902662283.5364864,,8252197.0,0.0011927102,1.359,-1.918e-05
2025-06-08,105734.0,105552.15,106488.14,104964.14,12230989718.622734,105676.5,7939013396.4349,2510.787109375,3322.699951171875,4.829999923706055,21938.7,6672885.0,0.5550869566069295,50562761.33421809,249415942399.0,965785515.8250328,,8306842.0,0.0011967524,1.295,2.2730000000000004e-05
2025-06-09,110263.02,105734.01,110530.17,105318.37,26552489422.57541,110227.9,20800388814.9273,2681.51708984375,3332.10009765625,4.9095001220703125,21938.7,6672885.0,0.5567748700234794,47032933.68960002,249428836821.0,883725306.5781256,,21335845.0,0.0012355551,1.558,1.639e-05
2025-06-10,110274.39,110263.02,110400.0,108331.03,25992191022.719704,110235.4,16647654303.5421,2813.517578125,3320.89990234375,4.883999824523926,21938.7,6672885.0,0.5712869793681714,57779368.93878359,249965352317.0,1066782692.9405544,,20618339.0,0.0012332867,1.281,8.179666666666667e-05
2025-06-11,108645.12,110274.39,110392.01,108064.0,21873848105.02533,108600.0,14691641846.5674,2773.529296875,3321.300048828125,4.801000118255615,21938.7,6677155.0,0.5699857226890049,48206816.00251571,249619404435.0,890037635.2608279,,18438894.0,0.0012171376,1.31,7.402666666666667e-05
2025-06-12,105671.73,108645.13,108813.55,105671.72,25408641387.083218,105609.5,19916220925.2797,2651.795166015625,3380.89990234375,4.821499824523926,21938.7,6677155.0,0.564077052032532,49704054.11875022,250277500566.0,934223899.6807595,,19724277.0,0.0011887199,1.283,3.4336666666666666e-05
2025-06-13,106066.59,105671.74,106179.53,102664.31,32953830176.6678,106027.3,25704797377.6442,2579.486083984375,3431.199951171875,4.802999973297119,21938.7,6677155.0,0.5447027072771427,47414495.14412332,250118358126.0,915286922.7223988,,26050046.0,0.0011816232,1.326,5.953333333333333e-06
2025-06-14,105414.64,106066.59,106252.0,104300.0,12734755406.801746,105359.9,8391666383.1509,2533.444091796875,3431.199951171875,4.802999973297119,21938.7,6677155.0,0.5518205554870164,49611976.82420424,250846408365.0,949074580.5847822,,9635300.0,0.0011770752,1.194,2.317e-05
2025-06-15,105594.01,105414.63,106128.57,104494.53,12102510047.406364,105534.6,8299752647.8676,2546.837158203125,3431.199951171875,4.802999973297119,21938.7,6677155.0,0.5503723885031698,44800266.0544711,250712840620.0,854616739.0187659,,9982320.0,0.0011692009,1.301,1.722333333333333e-05
2025-06-16,106794.53,105594.02,108952.38,104980.37,22691338046.224583,106750.1,17887208567.0373,2540.60498046875,3396.39990234375,4.826499938964844,21938.7,6677155.0,0.5468963786021034,48883593.123643465,250714070879.0,917456210.4459592,,21305610.0,0.0012101301,1.025,2.933e-05
2025-06-17,104551.17,106794.53,107771.34,103371.02,26102157503.11309,104508.0,23808393905.4278,2510.761474609375,3386.60009765625,4.80049991607666,21938.7,6677155.0,0.5628200172043459,38955773.85887239,250796922571.0,741505699.4987009,,27030482.0,0.0011621761,1.217,3.278e-05
2025-06-18,104886.78,104551.17,105550.27,103500.0,20740275719.365177,104832.8,18052952724.8775,2524.301513671875,3389.800048828125,4.84499979019165,21938.7,6681056.0,0.5452944824514699,45810658.41374218,250989595276.0,879752527.5896434,,23020224.0,0.0011654237,1.102,2.8783333333333333e-05
2025-06-19,104658.59,104886.79,105226.17,103929.27,12670796697.000444,104607.1,9170655647.4608,2521.653564453125,3389.800048828125,4.84499979019165,21938.7,6681056.0,0.54737687612601,41534539.22153188,251042114126.0,798061219.2587334,,10601130.0,0.0011596553,1.29,1.2856666666666668e-05
2025-06-20,103297.99,104658.59,106524.65,102345.0,22428259376.01078,103246.1,20795551830.7014,2407.30419921875,3368.10009765625,4.826000213623047,21938.7,6681056.0,0.5270653738595299,49332380.31028782,250906526414.0,948875941.6351144,,20386959.0,0.0011503662,1.183,4.609000000000001e-05
2025-06-21,102120.01,103297.98,103982.64,100837.9,15017917310.615366,102079.8,12390156115.4865,2300.49560546875,3368.10009765625,4.826000213623047,21938.7,6681056.0,0.5404150073545139,45415043.17907853,250699988371.0,886036479.2568041,,13093491.0,0.0011258748,0.892,4.45e-05
2025-06-22,100963.87,102120.02,103399.62,98200.0,32824813900.81086,100904.7,29530840749.9246,2228.213134765625,3368.10009765625,4.826000213623047,21938.7,6681056.0,0.5310243876221437,33783147.34795951,250675289628.0,672382294.5021127,,36341004.0,0.0010999558,0.932,5.676e-05
2025-06-23,105333.93,100963.87,106074.2,99613.33,33517083578.729504,105290.9,30424122122.1681,2421.824951171875,3377.699951171875,4.8429999351501465,21938.7,6681056.0,0.5215662978642215,34187077.18417142,250678314765.0,672382294.5021127,,36075239.0,0.0011467129,1.022,3.3966666666666675e-06
2025-06-24,106083.0,105333.94,106290.0,104622.02,21872538895.351944,106034.9,15211187542.8234,2448.0087890625,3317.39990234375,4.867000102996826,21938.7,6681056.0,0.5400293060733022,38566558.699297786,250291597648.0,735221756.8804231,,19661717.0,0.0011709316,1.263,9.7e-06
2025-06-25,107340.58,106083.0,108135.3,105808.03,22892356191.694824,107280.0,17055576325.5144,2419.310302734375,3327.10009765625,4.913000106811523,21938.7,6662200.0,0.5489158544089812,47827837.7395408,252049760774.0,898604373.5422429,,20045279.0,0.002384,1.38,1.7833333333333338e-06
2025-06-26,106947.06,107340.59,108272.45,106562.5,16119639439.33435,106913.7,12286992617.7236,2416.146728515625,3333.5,5.065499782562256,21938.7,6662200.0,0.5542801682856069,52744842.07244289,251903682270.0,986579624.4914304,,17730164.0,0.0011790667,1.011,1.542666666666667e-05
2025-06-27,107047.59,106947.06,107735.34,106356.76,17952376793.302517,107010.7,12685404247.2056,2423.866943359375,3273.699951171875,5.06850004196167,21938.7,6662200.0,0.5513500994707468,38484183.14023566,252060657959.0,722653862.5949843,,16626930.0,0.0011788564,1.275,2.1110000000000003e-05
2025-06-28,107296.79,107047.58,107577.75,106811.51,6648109967.533211,107241.0,3824571878.0348,2437.109375,3273.699951171875,5.06850004196167,21938.7,6662200.0,0.5516441108768495,48628286.38966181,252378739355.0,911172258.7787983,,4387280.0,0.0011787493,1.497,3.108666666666667e-05
2025-06-29,108356.93,107296.79,108528.5,107172.52,10616574501.865372,108309.8,8563401844.1215,2500.9599609375,3273.699951171875,5.06850004196167,21938.7,6662200.0,0.5524069296965733,56878220.85167728,252543522888.0,992910582.8334956,,9600293.0,0.001180515,1.268,5.5366666666666666e-05
2025-06-30,107146.5,108356.93,108789.99,106733.33,16283670586.431189,107087.4,12341253790.3646,2486.46435546875,3294.39990234375,5.03000020980835,21938.7,6662200.0,0.5522286885727731,48825793.254423,252521562378.0,843035675.6364995,,12270484.0,0.0011750618,1.153,2.988666666666667e-05
2025-07-01,105681.14,107146.51,107540.0,105250.85,17689703745.169052,105637.9,12798966761.0981,2405.792724609375,3336.699951171875,5.047999858856201,22019.9,6662200.0,0.5502616265251037,44598483.198518746,252792279378.0,779081252.2306603,,12917501.0,0.0011605257,1.356,2.165333333333333e-05
2025-07-02,108849.6,105681.13,109730.0,105100.19,25155435448.480003,108800.0,19179636772.5586,2571.33544921875,3348.0,5.14900016784668,22019.9,6659598.0,0.5439829062967969,51554174.00108743,253063003569.0,889547992.7013456,,16262501.0,0.0011973703,1.345,3.113333333333333e-05
2025-07-03,109584.78,108849.59,110529.18,108530.4,20564670704.84578,109545.2,15492329480.4931,2591.00732421875,3331.60009765625,5.0970001220703125,22019.9,6659598.0,0.558571592865547,51661630.019943535,253655877112.0,877919913.4351343,,15616167.0,0.0011997323,1.393,4.487e-05
2025-07-04,107984.24,109584.77,109767.59,107245.0,16910058432.669498,107935.4,14316422935.2606,2508.518310546875,3332.5,5.018499851226807,22019.9,6659598.0,0.5555393166255743,53916959.42106945,253946373675.0,924432230.4999804,,11438078.0,0.0011780547,1.375,4.012e-05
2025-07-05,108198.12,107984.25,108420.56,107756.31,7147271916.448004,108153.4,3960654262.1664,2517.280029296875,3332.5,5.018499851226807,22019.9,6659598.0,0.5476841713191606,53041188.10465115,254073971135.0,912804151.2337688,,3936307.0,0.0011784784,1.411,2.7086666666666663e-05
2025-07-06,109203.84,108198.12,109700.0,107800.01,10271361857.642302,109145.8,7864421489.3231,2571.236572265625,3332.5,5.018499851226807,22019.9,6659598.0,0.5483519549368554,54217161.52754465,254123248831.0,930246265.946978,,7721231.0,0.0011886219,1.318,1.5446666666666666e-05
2025-07-07,108262.94,109203.85,109700.0,107513.2,18315513675.45862,108203.9,11536683412.6303,2543.01318359375,3332.199951171875,4.984499931335449,22019.9,6659598.0,0.5522361811468638,51259204.15149236,254181861706.0,877919913.4351343,,11312965.0,0.0011766385,1.245,3.356333333333334e-05
2025-07-08,108922.98,108262.94,109216.56,107429.57,16208694510.306911,108873.1,10320330229.2738,2615.505859375,3307.0,5.644999980926514,22019.9,6659598.0,0.5472080700394677,48143963.56453972,254347179096.0,825593560.9232903,,10126076.0,0.0011839111,1.468,3.079e-05
2025-07-09,111233.99,108922.99,111999.79,108324.53,25161561641.53192,111199.9,18458201635.8988,2770.777587890625,3311.60009765625,5.44350004196167,22019.9,6661912.0,0.549286424460225,56094366.224182814,254280918767.0,953502424.4794012,,14491337.0,0.0012052933,1.588,3.5806666666666664e-05
2025-07-10,116010.0,111234.0,116868.0,110500.0,35026345077.13392,115979.2,25573716456.3733,2954.84521484375,3317.39990234375,5.547999858856201,22019.9,6661912.0,0.5565964452398979,60283720.24108161,254944938596.0,994200697.7250332,,14202518.0,0.0012623636,1.411,6.810333333333333e-05
2025-07-11,117527.66,116010.01,118869.98,115222.22,40558248954.9518,117500.0,23468288934.0047,2957.88623046875,3356.0,5.561999797821045,22019.9,6661912.0,0.575557003106196,55090312.44493882,256059310505.0,872105877.9881365,,19611060.0,0.0012733008,1.396,0.0001
2025-07-12,117420.0,117527.66,118200.0,116900.05,15267489477.571665,117389.3,7488784312.8489,2942.91162109375,3356.0,5.561999797821045,22019.9,6661912.0,0.5794911179614648,54766967.63748103,257062351309.0,920455694.528146,,7734058.0,0.001269852,1.298,0.0001
2025-07-13,119086.64,117420.0,119488.0,117224.79,16889667794.054008,119038.3,10670541370.9112,2973.35888671875,3356.0,5.561999797821045,22019.9,6661912.0,0.5787352889114943,50653752.73698848,257328587906.0,859946007.0619582,,9081127.0,0.0012841223,1.383,0.0001
2025-07-14,119841.18,119086.65,123218.0,118905.18,41700619337.87518,119816.5,26804448428.8877,3013.350830078125,3351.5,5.514999866485596,22019.9,6661912.0,0.5806278388218332,54771108.25393913,257491796148.0,910161827.211625,,23069376.0,0.0012945605,1.533,9.350333333333332e-05
2025-07-15,117758.09,119841.17,119940.83,115736.92,46783633723.98503,117738.5,31656599892.9497,3139.8896484375,3329.800048828125,5.546000003814697,22019.9,6661912.0,0.5853126172121983,60087227.45240405,257131109268.0,1029424417.014924,,31610000.0,0.0012630221,1.233,0.0001
2025-07-16,118630.43,117758.08,120063.84,117017.29,29724311240.71629,118590.7,18903224038.5254,3371.5068359375,3352.5,5.496500015258789,22019.9,6659273.0,0.5731420003094471,48587983.04368642,256101024525.0,822284135.1705718,,20927150.0,0.0012854604,1.287,0.0001
2025-07-17,119177.56,118630.44,120998.71,117453.57,28941565170.59185,119176.6,19529125659.9034,3476.784423828125,3340.10009765625,5.486000061035156,22019.9,6659273.0,0.5787282355822981,50506468.99899194,258619061468.0,853669023.8939697,,22047819.0,0.0012970903,1.342,0.0001
2025-07-18,117924.84,119177.56,120820.71,116812.76,33440089593.14221,117896.4,19250655213.5986,3549.016357421875,3353.0,5.578000068664551,22019.9,6659273.0,0.5806781243221293,53499978.72116229,259256808247.0,903884853.0824848,,22264405.0,0.0012642279,1.321,0.0001
2025-07-19,117840.0,117924.84,118499.9,117277.34,12612556046.98762,117814.4,6197160791.5471,3595.273681640625,3353.0,5.578000068664551,22019.9,6659273.0,0.5709317140651975,52410705.36354117,260065979437.0,891330895.7853558,,7099341.0,0.0012610413,1.377,0.0001
2025-07-20,117265.12,117840.01,118856.8,116467.02,20470209413.89631,117216.0,9710161747.2649,3759.471435546875,3353.0,5.578000068664551,22019.9,6659273.0,0.5708653384449924,54948633.44412354,260415263099.0,935269741.8058826,,11042069.0,0.0012629531,1.386,0.0001
2025-07-21,117380.36,117265.11,119676.73,116515.0,27918439029.11627,117330.2,16757943321.4359,3763.371337890625,3401.89990234375,5.610499858856201,22019.9,6659273.0,0.5704098821131273,55351339.42227252,260796441882.0,941546724.9738712,,19322500.0,0.0012525463,1.416,0.0001
2025-07-22,119954.42,117380.36,120247.8,116128.0,33046690648.35984,119993.7,22133221784.4276,3749.1455078125,3439.199951171875,5.697000026702881,22019.9,6659273.0,0.5676031325433607,55533413.60732544,261248298506.0,941546724.9738712,,23515086.0,0.0012752346,1.304,0.0001
2025-07-23,118755.99,119954.43,120090.0,117301.0,24980233665.047085,118713.5,16199890830.6418,3629.70361328125,3394.10009765625,5.795000076293945,22019.9,6657715.0,0.5747373675438803,51828004.17187033,261740870848.0,878776938.4882272,,19394408.0,0.0012562128,1.364,0.0001
2025-07-24,118340.99,118756.0,119450.0,117103.1,26667535863.437267,118294.3,16275419265.9469,3708.005615234375,3371.0,5.776999950408936,22019.9,6657715.0,0.5689039118695342,54493422.10810812,262546281712.0,922715784.5087537,,20660324.0,0.0012620345,1.471,0.0001
2025-07-25,117614.31,118340.98,118451.57,114723.16,49996679168.81235,117583.5,30217394710.2149,3727.266845703125,3334.0,5.763500213623047,22019.9,6657715.0,0.569806457175801,58125166.95413579,263880267659.0,1004316502.4206665,,32254833.0,0.001245082,1.41,0.0001
2025-07-26,117919.99,117614.31,118297.35,117138.38,12797867403.135498,117889.2,6739341628.4194,3741.39599609375,3334.0,5.763500213623047,22019.9,6657715.0,0.5645685443445863,56330548.419642895,263674953437.0,970368223.0482396,,6947610.0,0.0012527033,1.277,0.0001
2025-07-27,119415.55,117919.99,119766.65,117825.5,15837411060.136517,119423.4,9021870261.9343,3875.24658203125,3334.0,5.763500213623047,22019.9,6657715.0,0.5675465962840507,50738855.8476632,264301719171.0,869131964.3263081,,10113201.0,0.0012644295,1.333,0.0001
2025-07-28,118062.32,119415.56,119800.0,117427.5,25080955570.87048,118041.4,12646588023.95,3787.42578125,3309.10009765625,5.59499979019165,22019.9,6657715.0,0.571985975893386,53774012.1116721,264479291070.0,919884190.6853192,,18094496.0,0.0012496647,1.028,0.0001
2025-07-29,117950.76,118062.32,119273.36,116950.75,24130470767.10616,117897.0,13605158270.3445,3793.454833984375,3323.39990234375,5.603499889373779,22019.9,6657715.0,0.5666310363262577,41364289.733587,264474859746.0,710531242.1093704,,18634017.0,0.0012421444,1.254,0.0001
2025-07-30,117840.3,117950.75,118792.0,115796.23,24889410820.90949,117771.0,14671863277.403,3808.20166015625,3295.800048828125,5.570000171661377,22019.9,6642578.0,0.5641779514208256,50391051.20346883,264678439245.0,869131964.3263081,,20066579.0,0.0012377815,1.385,0.0001
2025-07-31,115764.08,117840.29,118922.45,115500.0,27755266893.597355,115697.3,15883505625.6346,3696.707763671875,3293.199951171875,4.33050012588501,22019.9,6642578.0,0.5444916976330354,56748023.59118596,265349064527.0,976980451.0488333,,17176726.0,0.0012279224,1.326,8.564666666666667e-05
2025-08-01,113297.93,115764.07,116052.0,112722.58,40792735396.27342,113244.8,25374879723.7736,3488.365966796875,3347.699951171875,4.412499904632568,22086.8,6642578.0,0.558579577532203,54170814.7441789,265962416016.0,957948367.3061292,,34952900.0,0.0012024489,1.262,1.9406666666666665e-05
2025-08-02,112546.35,113297.92,114063.49,112003.0,18845898341.474804,112508.8,11582327925.5756,3392.7412109375,3347.699951171875,4.412499904632568,22086.8,6642578.0,0.5492866553129186,51334714.164574586,266242362743.0,919884190.6853192,,13817542.0,0.0011880053,1.367,3.380333333333333e-05
2025-08-03,114208.8,112546.35,114799.97,111920.0,13432349203.21921,114150.8,7180260356.7661,3497.379150390625,3347.699951171875,4.412499904632568,22086.8,6642578.0,0.5450458753302376,55125766.92663026,266197859349.0,983324485.0533355,,9347914.0,0.0012038025,1.517,5.89e-05
2025-08-04,115055.03,114208.81,115720.0,114107.6,18612046874.2136,115002.1,9566449201.0507,3718.986083984375,3374.39990234375,4.414999961853027,22086.8,6642578.0,0.5510227421388106,61297291.278984524,266724740687.0,1084828946.9067595,,14421971.0,0.0012102536,1.211,4.606333333333334e-05
2025-08-05,114129.75,115055.03,115127.81,112650.0,22033794221.68302,114069.6,13578532103.2508,3611.8994140625,3381.89990234375,4.363999843597412,22086.8,6642578.0,0.5532385363688249,49214614.24706294,267055744698.0,875475989.1954092,,20635820.0,0.0011918835,1.271,6.824666666666668e-05
2025-08-06,114992.27,114129.75,115716.0,113355.13,18748534307.377167,114941.0,11289146520.5982,3683.920654296875,3380.0,4.390999794006348,22086.8,6640843.0,0.546513547661501,51499396.77742192,267201423882.0,913540165.8162186,,15547941.0,0.0012054443,1.448,7.578333333333334e-05
2025-08-07,117472.01,114992.27,117621.0,114259.0,23835449377.380505,117419.9,15603976236.9276,3914.325927734375,3400.300048828125,4.378499984741211,22086.8,6640843.0,0.5520630661216643,58317503.253973365,267309304440.0,1021388661.6741452,,17818732.0,0.0012256194,1.222,6.230666666666666e-05
2025-08-08,116674.74,117472.02,117630.0,115878.71,20899845018.34225,116628.2,10476168967.7768,4009.848876953125,3439.10009765625,4.45550012588501,22086.8,6640843.0,0.5592852610640862,49971114.31697322,268459200534.0,870936594.9483011,,14114623.0,0.0012224838,1.032,4.035e-05
2025-08-09,116462.25,116674.74,117944.05,116299.13,17040612752.37436,116422.1,9109077804.5382,4263.59912109375,3439.10009765625,4.45550012588501,22086.8,6640843.0,0.5583992888108511,42335680.89839186,269037730032.0,746374217.5096608,,9419055.0,0.0012165498,1.226,7.691000000000001e-05
2025-08-10,119294.01,116462.25,119311.11,116460.63,23301551456.66484,119255.3,15402998283.6403,4254.2177734375,3439.10009765625,4.45550012588501,22086.8,6640843.0,0.5566488388654166,49832675.28884695,269577567392.0,868625162.1369319,,16576295.0,0.0012379091,1.328,9.949666666666668e-05
2025-08-11,118686.0,119294.27,122335.16,118050.11,41272412698.252914,118641.9,26140833129.3272,4226.966796875,3353.10009765625,4.423500061035156,22086.8,6640843.0,0.5645571116590906,55293680.09438347,268958682756.0,945836284.5717696,,31179645.0,0.0012367728,1.25,0.0001
2025-08-12,120134.08,118686.0,120324.43,118207.47,30426924851.674667,120081.0,14984075258.1463,4590.9248046875,3348.89990234375,4.508500099182129,22086.8,6640843.0,0.5640376131279188,51046824.08741782,269755229704.0,881493684.0869607,,26970464.0,0.0012471771,1.459,8.843666666666666e-05
2025-08-13,123306.43,120134.09,123667.79,118920.92,40019228096.87836,123323.9,22796282824.2241,4756.27587890625,3358.699951171875,4.48199987411499,22086.8,6643615.0,0.5678391977527361,59005506.67269114,270564179346.0,1003744628.7142318,,46676430.0,0.0012729472,1.452,9.041e-05
2025-08-14,118295.09,123306.44,124474.0,117180.0,48809162131.26854,118242.2,31188419054.0993,4548.16650390625,3335.199951171875,4.464499950408936,22086.8,6643615.0,0.5763172612396498,60789344.94134808,272041123021.0,1042350194.5643184,,79419744.0,0.0012210001,1.187,0.0001
2025-08-15,117342.05,118295.09,119216.82,116803.99,26740506259.625275,117279.2,14214818128.9724,4439.98876953125,3336.0,4.478000164031982,22086.8,6643615.0,0.5588147847326325,49519058.9903391,273862048384.0,862190905.794585,,51875874.0,0.0012155256,1.345,4.5503333333333335e-05
2025-08-16,117380.66,117342.04,117898.99,117143.98,12832669601.125532,117329.7,5485340879.1925,4426.18017578125,3336.0,4.478000164031982,22086.8,6643615.0,0.5556711744854174,55889868.73126392,275190617815.0,978007594.0795093,,20444125.0,0.0012163992,1.345,8.713666666666667e-05
2025-08-17,117405.01,117380.66,118575.0,117172.21,12054578112.323526,117353.8,6411151083.0242,4473.271484375,3336.0,4.478000164031982,22086.8,6643615.0,0.5559922485356789,56044883.275534905,275133054979.0,978007594.0795093,,22495197.0,0.0012171011,1.345,4.916e-05
2025-08-18,116227.05,117405.01,117543.75,114640.14,31123544614.67297,116183.6,17039158070.2288,4312.5048828125,3331.699951171875,4.456999778747559,22086.8,6643615.0,0.557122084936954,55789511.04625718,276322473876.0,990876106.7642032,,52102666.0,0.0012025939,1.134,2.4866666666666667e-05
2025-08-19,112872.94,116227.05,116725.69,112732.58,31400740240.08536,112824.2,16131720046.5887,4073.464111328125,3313.39990234375,4.408999919891357,22086.8,6643615.0,0.5525493666078506,48017131.683440365,276354850457.0,862190905.794585,,23890544.0,0.0011708088,1.206,5.522e-05
2025-08-20,114271.24,112872.95,114615.38,112380.0,28677720939.05984,114220.5,14819274146.3868,4334.50048828125,3343.39990234375,4.426000118255615,22086.8,6618415.0,0.5394877648284652,50079153.52096454,276314942987.0,907230727.9870186,,22588067.0,0.0011779962,1.251,3.614333333333333e-05
2025-08-21,112500.0,114271.23,114821.76,112015.67,22283115700.963768,112462.2,10907840294.1414,4223.2099609375,3336.89990234375,4.43149995803833,22086.8,6618415.0,0.5433541887481975,52753614.26840116,276570652950.0,958704806.5217984,,21259891.0,0.0011588842,1.273,5.438000000000001e-05
2025-08-22,116935.99,112500.0,117429.05,111684.79,36111999335.087845,116897.5,22883791440.7028,4831.3486328125,3374.39990234375,4.447500228881836,22086.8,6618415.0,0.5351293999153451,52263812.43249812,275638595196.0,939651300.6862692,,27917105.0,0.0012027555,1.306,7.721e-05
2025-08-23,115438.05,116936.0,117030.0,114560.0,19163008697.8413,115377.1,9054235281.6278,4776.09033203125,3374.39990234375,4.447500228881836,22086.8,6618415.0,0.5385737675221755,54839881.50811191,275518160736.0,980001773.7404906,,12296738.0,0.0011826205,1.385,9.903666666666667e-05
2025-08-24,113493.59,115438.06,115666.68,110680.0,30057427255.510857,113446.3,15148067971.3495,4779.6474609375,3374.39990234375,4.447500228881836,22086.8,6618415.0,0.5241010159083945,58460309.35982863,276817264828.0,1057370331.4047614,,20357836.0,0.0011584422,1.153,0.0001
2025-08-25,110111.98,113493.59,113667.28,109274.1,40121642896.12482,110064.0,22818722034.3374,4372.98779296875,3373.800048828125,4.46649980545044,22086.8,6618415.0,0.5316017372632051,49185450.96417929,276852719657.0,909080592.0131476,,32393258.0,0.0011290342,1.245,9.448000000000002e-05
2025-08-26,111763.22,110111.98,112371.0,108666.66,27702206200.24383,111709.9,15983443440.8915,4600.4267578125,3388.60009765625,4.450500011444092,22086.8,6618415.0,0.5286776080364682,51689453.697327554,278728742750.0,967107012.5824076,,26402885.0,0.0011377377,1.235,6.140666666666667e-05
2025-08-27,111262.01,111763.22,112625.0,110345.42,22656565937.538567,111194.9,12739237648.6494,4503.39306640625,3404.60009765625,4.414500236511231,22086.8,6603384.0,0.5333169887500059,52304949.7010164,278821317178.0,967107012.5824076,,23853796.0,0.0011385435,1.322,3.600333333333333e-05
2025-08-28,112566.9,111262.01,113485.9,110862.42,20231765315.348347,112507.3,10988621821.8074,4507.177734375,3431.800048828125,4.463500022888184,22086.8,6603384.0,0.5141534419276245,55909202.436899714,279546211669.0,1025133433.1516676,,19814916.0,0.00114392,1.32,7.500666666666666e-05
2025-08-29,108377.4,112566.9,112638.64,107463.9,30938546193.35012,108332.4,19688668760.0572,4360.15283203125,3473.699951171875,4.518499851226807,22086.8,6603384.0,0.5152528820313385,56562942.18965996,281952287341.0,1063817707.3416892,,28124889.0,0.0011050289,1.265,3.587e-05
2025-08-30,108816.33,108377.4,108926.15,107350.1,15788597708.26812,108757.9,6572709736.3117,4374.1533203125,3473.699951171875,4.518499851226807,22086.8,6603384.0,0.5152528820313385,53548849.641796514,282092041420.0,1018686047.9305124,,10011238.0,0.0011056,1.051,7.848000000000001e-05
2025-08-31,108246.35,108816.33,109480.02,108076.93,14331259905.261633,108208.4,7626942442.611,4390.01904296875,3473.699951171875,4.518499851226807,22086.8,6603384.0,0.5132478228373896,44882333.99480636,282455422064.0,851054171.4438878,,10861692.0,0.0011092216,1.288,4.5056666666666665e-05
2025-09-01,109237.42,108246.36,109912.4,107255.0,24444574345.37181,109187.9,16311045147.8882,4314.47021484375,3473.699951171875,4.518499851226807,22169.8,6603384.0,0.5160479405402433,54625310.162467375,283198469797.0,1038028194.3097504,,26342409.0,0.0010953133,1.328,6.541e-05
2025-09-02,111240.01,109237.43,111771.52,108393.39,27595921051.074364,111188.0,19401297224.9434,4325.36572265625,3549.39990234375,4.569499969482422,22169.8,6603384.0,0.5251859799312366,56190935.69470507,283207635146.0,1050922946.1836064,,29056430.0,0.0011292416,1.121,7.369e-05
2025-09-03,111705.71,111240.01,112575.27,110528.71,20061998186.70552,111659.8,11770759661.8071,4450.38916015625,3593.199951171875,4.558499813079834,22169.8,6602071.0,0.5276951599238994,47769734.31176402,282352680267.0,883291069.6969818,,21778938.0,0.001135136,1.135,2.746e-05
2025-09-04,110730.87,111705.72,112180.0,109329.12,20725802502.485703,110679.4,13516026898.7113,4298.744140625,3565.800048828125,4.48799991607666,22169.8,6602071.0,0.5235717132188104,48407750.23241932,284187053743.0,902633206.7919924,,21748024.0,0.0011194778,1.155,4.7113333333333335e-05
2025-09-05,110659.99,110730.87,113384.62,110206.96,30587873360.686462,110614.9,21608268964.6591,4306.98876953125,3613.199951171875,4.482500076293945,22169.8,6602071.0,0.5217319795145169,49929716.90700381,286824546103.0,959168799.5148376,,29596970.0,0.0011192615,1.125,8.468000000000001e-05
2025-09-06,110187.97,110660.0,111307.7,109977.0,9224512180.36974,110135.3,5113475710.4939,4274.2421875,3613.199951171875,4.482500076293945,22169.8,6602071.0,0.5195687287247126,48399138.40195301,285276738477.0,946761024.1894388,,8228249.0,0.0011135296,1.247,4.022333333333333e-05
2025-09-07,111137.34,110187.98,111600.0,110180.0,10421826804.31738,111076.0,5973071292.8472,4305.34765625,3613.199951171875,4.482500076293945,22169.8,6602071.0,0.523986538049509,53395695.620569445,285314142701.0,1041437124.66076,,9618289.0,0.0011209946,1.303,4.183333333333334e-05
2025-09-08,112065.23,111137.35,112924.37,110621.78,19946171038.004387,112012.6,11088708293.0036,4308.072265625,3638.10009765625,4.490499973297119,22169.8,6602071.0,0.5270914983129281,55886699.843281865,285099845480.0,1082012600.4648032,,19648733.0,0.00113026,1.349,7.799e-05
2025-09-09,111546.39,112065.23,113293.29,110766.66,23916026398.37273,111499.9,15364017571.6421,4309.04150390625,3643.300048828125,4.500999927520752,22169.8,6602071.0,0.5242046772215156,58413960.42179231,285259164071.0,1129350650.700464,,23127261.0,0.0011220744,1.4,7.933e-05
2025-09-10,113960.0,111546.38,114313.13,110917.45,28696569808.77461,113896.8,17159405921.2062,4349.14599609375,3643.60009765625,4.550000190734863,22169.8,6605962.0,0.5340451471581086,59917809.151006535,285743310736.0,1149638393.4715424,,24739251.0,0.0011448436,1.249,6.943666666666667e-05
2025-09-11,115482.69,113960.0,115488.09,113430.0,24276830711.03339,115427.0,12912039322.4644,4461.2333984375,3636.89990234375,4.590499877929688,22169.8,6605962.0,0.5397225493627164,53572182.98267313,285856733573.0,1014386817.1961776,,21240775.0,0.0011502466,1.005,4.484e-05
2025-09-12,116029.42,115482.69,116665.63,114740.99,27249417189.72687,115978.4,13753804629.9552,4715.24609375,3649.39990234375,4.588500022888184,22169.8,6605962.0,0.5421051204049371,43331279.90152898,286478581003.0,811509447.9140741,,22055897.0,0.0011633961,1.176,5.598666666666667e-05
2025-09-13,115918.29,116029.41,116298.78,115127.27,16285823977.711006,115862.7,6078193412.4006,4668.1796875,3649.39990234375,4.588500022888184,22169.8,6605962.0,0.5411045760733221,51054886.30752238,287855815071.0,953523608.3591692,,9249895.0,0.0011611535,1.268,1.278e-05
2025-09-14,115268.01,115918.29,116165.19,115135.0,17800538935.27635,115210.0,6368498171.5133,4609.59765625,3649.39990234375,4.588500022888184,22169.8,6605962.0,0.5405384804236145,55354932.42869847,288557236535.0,1034674550.2291428,,10398155.0,0.0011613983,1.348,5.359e-05
2025-09-15,115349.71,115268.01,116757.99,114384.0,27668341733.13808,115300.6,13585379833.8268,4526.8203125,3682.199951171875,4.6554999351501465,22169.8,6605962.0,0.5383478418977624,58743446.75533864,288772543073.0,1102300333.4977684,,24610301.0,0.0011550685,1.336,7.551666666666667e-05
2025-09-16,116788.96,115349.71,116964.27,114737.11,24446132472.68105,116747.3,11513690825.0447,4503.564453125,3688.89990234375,4.632999897003174,22169.8,6605962.0,0.5433743636609157,57918351.43003831,289083896599.0,1082012600.4648032,,19901505.0,0.0011653502,1.066,4.82e-05
2025-09-17,116447.59,116788.96,117286.73,114720.81,34262124054.183773,116402.5,18348171466.3525,4592.7333984375,3681.800048828125,4.571000099182129,22169.8,6608597.0,0.5428661192710645,46513507.71418061,289889368207.0,865610082.3194653,,30339951.0,0.0011572858,1.318,7.238666666666666e-05
2025-09-18,117073.53,116447.6,117900.0,116092.76,27338934694.03088,117017.1,12568414009.019,4589.9189453125,3643.699951171875,4.540999889373779,22169.8,6608597.0,0.5393896409513396,57905512.21379112,290052765930.0,1089165928.993784,,22447602.0,0.0011697543,1.381,6.025666666666666e-05
2025-09-19,115632.38,117073.53,117459.99,115100.0,21065429135.87966,115569.5,10241717036.8935,4470.9169921875,3671.5,4.568999767303467,22169.8,6608597.0,0.536792717219112,61103352.78403568,291191569215.0,1188749384.1862063,,18017037.0,0.0011493686,1.258,2.3806666666666663e-05
2025-09-20,115685.63,115632.39,116121.81,115408.47,11219462441.221012,115624.9,3744545955.4796,4482.265625,3671.5,4.568999767303467,22169.8,6608597.0,0.5371524710221932,55374531.85451641,291961969133.0,1082611043.2192636,,5327948.0,0.0011514528,1.324,9.08e-06
2025-09-21,115232.29,115685.63,115819.06,115188.0,11338055336.763245,115183.9,3786613657.9565,4451.3291015625,3671.5,4.568999767303467,22169.8,6608597.0,0.5352368900229524,58535434.86716799,292163679353.0,1146294045.7615733,,6396117.0,0.0011463655,1.196,3.276666666666665e-06
2025-09-22,112650.99,115232.29,115379.25,111800.0,39043153097.202286,112604.7,18039188972.427,4202.87744140625,3740.699951171875,4.572999954223633,22169.8,6608597.0,0.5245895088673247,53081954.72393858,292005987557.0,1061383379.1015872,,31766185.0,0.0011200347,1.14,4.415333333333333e-05
2025-09-23,111998.8,112650.99,113290.5,111458.73,26571593357.952545,111947.0,11494032424.4655,4165.50390625,3780.60009765625,4.584499835968018,22169.8,6608597.0,0.5212604243944369,50658341.16845587,293050134112.0,1018928040.676954,,23848132.0,0.0011115991,1.223,7.207666666666666e-05
2025-09-24,113307.0,111998.8,113940.0,111042.66,25748934808.478653,113254.0,11879548716.1957,4153.46923828125,3732.10009765625,4.752500057220459,22169.8,6608395.0,0.5261368921575825,53964425.404508434,293672353068.0,1082611043.2192636,,22495546.0,0.0011231105,1.085,5.649e-05
2025-09-25,108994.49,113307.01,113510.23,108631.51,41813275571.99535,108934.5,19825920968.7404,3868.333984375,3736.89990234375,4.699999809265137,22169.8,6608395.0,0.5077037532951038,48912154.476496704,294698749778.0,997700376.5592778,,37987274.0,0.0010789736,1.019,3.69e-05
2025-09-26,109643.46,108994.49,110300.0,108620.07,31768217326.55337,109588.5,12272701459.1791,4035.887939453125,3775.300048828125,4.715499877929688,22169.8,6608395.0,0.5097287773248037,45145355.55455834,294677488255.0,934017374.016968,,28717623.0,0.0010808291,1.194,5.073e-05
2025-09-27,109635.85,109643.46,109743.91,109064.4,12785393940.863564,109577.3,3923401762.5556,4018.658203125,3775.300048828125,4.715499877929688,22169.8,6608395.0,0.5096198014326067,53031721.23409606,295600465031.0,1096762822.6941414,,7981392.0,0.001080006,1.298,3.745333333333333e-05
2025-09-28,112163.95,109635.85,112350.0,109189.99,17229939628.231483,112119.6,8521046102.0886,4141.4765625,3775.300048828125,4.715499877929688,22169.8,6608395.0,0.520413013121302,56733263.70386823,295850355224.0,1167521709.8792496,,13372385.0,0.0010913579,1.122,4.517e-05
2025-09-29,114311.96,112163.96,114400.0,111560.65,31713532521.792305,114257.1,14160916303.2403,4217.341796875,3820.89990234375,4.841000080108643,22169.8,6608395.0,0.5290926227369877,49372625.06545863,296001814079.0,990624481.7271986,,21690045.0,0.0011245687,1.283,1.216e-05
2025-09-30,114048.93,114311.97,114792.0,112656.27,32185001260.08977,113988.8,13560972134.9725,4145.95751953125,3840.800048828125,4.804999828338623,22169.8,6608395.0,0.526867771752612,57256468.80884895,296827029181.0,1139218161.118775,,25777389.0,0.0011245157,1.248,3.61e-05
2025-10-01,118594.99,114048.94,118649.1,113966.67,38160735097.016205,118552.4,20130425143.6828,4351.1123046875,3867.5,4.83050012588501,22250.4,6587119.0,0.5429372234132741,54880667.91874961,298222463951.0,1079018824.2422624,,29029895.0,0.0011527606,1.143,5.6040000000000006e-05
2025-10-02,120529.35,118594.99,121022.07,118279.31,38790683654.70255,120481.3,17369682490.3087,4487.923828125,3839.699951171875,4.8979997634887695,22250.4,6587119.0,0.5384239260732364,50732442.73460975,298830783233.0,1019764931.6764336,,30790644.0,0.0011787402,1.006,9.109e-05
2025-10-03,122232.0,120529.35,123894.99,119248.3,45631394558.86636,122182.7,20406510432.5745,4514.87060546875,3880.800048828125,5.058000087738037,22250.4,6587119.0,0.5559546048698187,44755419.53641198,300209137494.0,884796043.0252874,,34300103.0,0.0011968798,1.141,9.975333333333333e-05
2025-10-04,122391.0,122232.21,122800.0,121510.0,19320303444.363327,122343.2,8601963052.1653,4489.197265625,3880.800048828125,5.058000087738037,22250.4,6587119.0,0.5559546048698187,51155783.363276094,301816433430.0,1004768398.0907606,,14106202.0,0.0011958508,1.279,9.437333333333332e-05
2025-10-05,123482.31,122390.99,125708.42,122136.0,39558973980.8541,123426.7,20109937991.3764,4515.4228515625,3880.800048828125,5.058000087738037,22250.4,6587119.0,0.5591862223945411,57538545.86781823,302193493139.0,1117242464.7683752,,30260917.0,0.0011993466,1.065,9.404666666666668e-05
2025-10-06,124658.54,123482.32,126199.63,123084.0,39911676021.19603,124628.5,17465215135.0039,4687.771484375,3948.5,4.986999988555908,22250.4,6587119.0,0.5630947046036405,47839290.524224594,301884118327.0,922287409.3820032,,31191463.0,0.0012193232,1.163,7.737e-05
2025-10-07,121332.95,124658.54,125126.0,120574.94,42575887405.33261,121286.5,22319390759.2149,4451.15185546875,3976.60009765625,5.047999858856201,22250.4,6587119.0,0.5624780421623391,53125560.423742495,302526030483.0,1034761476.0596178,,37027165.0,0.0011913226,1.264,8.267333333333333e-05
2025-10-08,123306.0,121332.96,124197.25,121066.14,35631141249.56179,123237.5,15572092969.2554,4527.64794921875,4043.300048828125,5.046000003814697,22250.4,6590815.0,0.555676655438747,56681818.44801769,303174975040.0,1109744197.9755385,,35644588.0,0.0012012481,1.008,5.9793333333333336e-05
2025-10-09,121662.4,123306.01,123762.94,119651.47,40903245481.65055,121579.3,19890276384.5902,4369.1435546875,3946.300048828125,5.075500011444092,22250.4,6590815.0,0.5483642201079383,45675141.44352715,303260617633.0,899792587.4084717,,37840310.0,0.0011815798,1.036,2.716333333333333e-05
2025-10-10,112774.5,121662.41,122550.0,102000.0,78894922092.9021,112714.9,45076825982.4017,3843.0087890625,3975.89990234375,4.848499774932861,22250.4,6590815.0,0.5171460799937585,47586512.34143313,302990278440.0,989771853.7075764,,53037106.0,0.0011012429,1.124,1.892333333333333e-05
2025-10-11,110644.4,112774.49,113322.39,109561.59,60918458770.47763,110579.1,18268163074.1344,3750.611572265625,3975.89990234375,4.848499774932861,22250.4,6590815.0,0.5049117838858315,51366902.08837867,303657260350.0,1102245920.385191,,35347514.0,0.0010751996,1.149,6.822333333333333e-05
2025-10-12,114958.8,110644.4,115770.0,109565.06,50856348861.0437,114894.4,24571794294.0169,4164.427734375,3975.89990234375,4.848499774932861,22250.4,6590815.0,0.522850592461107,50975249.78001831,303274830329.0,1087249376.0020068,,51372618.0,0.0011153968,1.205,-3.701666666666666e-05
2025-10-13,115166.0,114958.81,115963.81,113616.5,40525663356.569534,115111.9,22509504374.6067,4245.4677734375,4108.60009765625,5.100500106811523,22250.4,6590815.0,0.5239243573780449,54682597.78508848,303335273920.0,1139737286.741907,,44188983.0,0.0011146537,1.314,-1.2426666666666666e-05
2025-10-14,113028.14,115166.0,115409.96,109866.0,51885548331.87873,112983.8,29101159307.8663,4125.412109375,4138.7001953125,4.980500221252441,22250.4,6590815.0,0.5141902813703656,59376184.9067693,304293856179.0,1267207897.8027055,,53826266.0,0.0010973767,1.094,-2.609e-05
2025-10-15,110763.28,113028.13,113612.35,110164.0,40226320467.3765,110699.0,14722103584.389,3987.45947265625,4176.89990234375,4.9720001220703125,22250.4,6596454.0,0.5117896788383114,50312778.38649551,305491053423.0,1079751109.2091703,,42627420.0,0.0010701694,1.132,-4.089999999999999e-06
2025-10-16,108194.28,110763.28,111982.45,107427.0,50475117054.42973,108129.4,21245415629.6721,3894.75439453125,4280.2001953125,4.958000183105469,22250.4,6596454.0,0.4892601731747635,52550552.49656044,306367537752.0,1123253238.739343,,49504288.0,0.0010443335,1.159,-2.6583333333333333e-05
2025-10-17,106431.68,108194.27,109240.0,103528.23,55715399500.97659,106378.6,25744733284.1127,3832.558837890625,4189.89990234375,4.93149995803833,22250.4,6596454.0,0.4903384771321815,52861911.90435213,306388117255.0,1159633835.7101064,,50266000.0,0.0010261172,1.206,-4.033333333333333e-06
2025-10-18,107185.01,106431.68,107499.0,106322.2,20054712798.67884,107117.5,7319254840.618,3890.34619140625,4189.89990234375,4.93149995803833,22250.4,6596454.0,0.48412417848813,55147357.26681109,306511742218.0,1203393595.9617257,,16780276.0,0.001031835,1.03,-4.958666666666667e-05
2025-10-19,108642.78,107185.0,109450.07,106103.36,26497444611.255875,108586.2,12227415542.3371,3984.649658203125,4189.89990234375,4.93149995803833,22250.4,6596454.0,0.4914818530252443,46833400.71129663,306524531723.0,1013767943.6992388,,26242052.0,0.001044747,1.0254,9.626666666666664e-06
2025-10-20,110532.09,108642.77,111705.56,107402.52,35511511795.38736,110469.9,15403876134.7218,3980.76025390625,4336.39990234375,4.998000144958496,22250.4,6596454.0,0.5001995508100175,51355310.24479268,306824821294.0,1086700884.4535005,,37907817.0,0.001062922,1.1251,-9.6e-06
2025-10-21,108297.67,110532.09,114000.0,107473.72,58084417983.44972,108253.7,26588100130.4652,3876.76416015625,4087.699951171875,4.929999828338623,22250.4,6596454.0,0.4908455186172325,51577283.77410838,306760248698.0,1093994184.8303332,,50455059.0,0.0010418454,1.1223,-1.9503333333333334e-05
2025-10-22,107567.44,108297.66,109163.88,106666.69,46011218633.85872,107532.0,19528248919.2056,3808.122314453125,4044.39990234375,4.960999965667725,22250.4,6589533.0,0.4851517904809669,51650314.74196794,308038653351.0,1115874064.956143,,42379811.0,0.0010342246,1.1277,1.3116666666666664e-05
2025-10-23,110078.18,107567.45,111293.61,107500.0,32585733643.54633,110025.9,14194391374.774,3856.0263671875,4125.5,5.081999778747559,22250.4,6589533.0,0.4959249103139949,48559372.90202467,307414873841.0,1035647823.8250486,,34508689.0,0.001054901,1.059,5.172333333333333e-05
2025-10-24,111004.89,110078.19,112104.98,109700.01,28575795636.58029,110965.4,12266995720.6384,3934.5673828125,4118.39990234375,5.093500137329102,22250.4,6589533.0,0.5000734004093762,61961086.55099887,307454164257.0,1305499727.7209735,,31559932.0,0.0010624441,1.3492,2.799333333333333e-05
2025-10-25,111646.27,111004.9,111943.19,110672.86,13226321801.064394,111589.4,5042907497.6125,3953.470947265625,4118.39990234375,5.093500137329102,22250.4,6589533.0,0.5025333292234222,55715124.45282328,308052954458.0,1166927125.5845947,,12568811.0,0.0010674499,1.2108,4.024666666666667e-05
2025-10-26,114559.4,111646.27,115466.8,111260.45,24292453129.087032,114497.8,11025832161.8245,4157.9892578125,4118.39990234375,5.093500137329102,22250.4,6589533.0,0.5149032134509169,51885745.91177172,307853293461.0,1072114294.2021794,,23908331.0,0.0010950511,1.1251,3.1140000000000003e-05
2025-10-27,114107.65,114559.41,116400.0,113830.01,36650830872.78763,114064.1,13655124505.5205,4120.1220703125,4001.89990234375,5.140500068664551,22250.4,6589533.0,0.512323984662402,52888667.495996855,307721904349.0,1072114294.2021794,,32200797.0,0.0010891039,1.1471,9.101333333333334e-05
2025-10-28,112898.45,114107.65,116086.0,112211.0,44749057110.29536,112833.5,14968353132.7899,3982.262451171875,3966.199951171875,5.140500068664551,22250.4,6589533.0,0.5114126880827267,57810521.00721848,307347068027.0,1181513715.835916,,35479844.0,0.0010778093,1.2514,5.619e-05
2025-10-29,110021.29,112898.44,113643.73,109200.0,38716937451.34795,109985.6,18302671178.4635,3903.35302734375,3983.699951171875,5.233500003814697,22250.4,6587034.0,0.5056908218535646,42982825.91822042,307534105696.0,932047920.01226,,41155004.0,0.0010472298,0.9341,2.853e-05
2025-10-30,108322.88,110021.3,111592.0,106304.34,43208893325.52763,108263.5,22369109428.5478,3804.375244140625,4001.300048828125,5.078000068664551,22250.4,6587034.0,0.4825614151978847,54398308.57290637,306993925608.0,1240553836.426268,,47143462.0,0.0010303521,1.1781,2.7026666666666667e-05
2025-10-31,109608.01,108322.87,111190.0,108275.28,36358946489.20671,109557.3,16683797487.54,3847.080322265625,3982.199951171875,5.065499782562256,22250.4,6587034.0,0.4898091281048259,47967208.53157237,306754593972.0,1085484605.4773614,,39664578.0,0.0010417217,1.0366,6.737666666666667e-05
2025-11-01,110098.1,109608.01,110564.49,109394.81,15155910405.635498,110047.2,4579668770.1899,3874.18798828125,3982.199951171875,5.065499782562256,22296.5,6587034.0,0.4913226740872193,47459751.83988399,306540878435.0,1069977681.2659724,,13025517.0,0.0010446585,1.0252,9.927333333333334e-05
2025-11-02,110540.68,110098.1,111250.01,109471.34,21002549572.611,110494.9,6744087828.2275,3911.063232421875,3982.199951171875,5.065499782562256,22296.5,6587034.0,0.4929911643046323,53431643.17214669,306661076803.0,1201786531.4802876,,19509749.0,0.0010497823,1.1527,7.328333333333333e-05
2025-11-03,106583.04,110540.69,110750.0,105306.56,44888757641.73372,106544.0,18689862800.3629,3602.30810546875,4000.300048828125,5.046999931335449,22296.5,6587034.0,0.4744554959650579,47650256.720006734,306630532615.0,1100991529.6887505,,48479961.0,0.0010094565,1.0282,6.0933333333333335e-05
2025-11-04,101497.22,106583.05,107299.0,98944.36,68911856604.6204,101450.3,28973193334.5977,3292.574462890625,3947.699951171875,4.926000118255615,22296.5,6587034.0,0.4478328915586831,42240238.5121702,306456729706.0,1015703452.1086028,,59347101.0,0.0009577258,0.9137,7.382333333333334e-05
2025-11-05,103885.16,101497.23,104534.74,98966.8,47800392357.23656,103837.0,17127717826.9393,3425.171142578125,3980.300048828125,4.9629998207092285,22296.5,6572732.0,0.4614714462951402,44039460.29104993,305309972454.0,1069977681.2659724,,45092138.0,0.0009821426,0.9514,4.2596666666666665e-05
2025-11-06,101346.04,103885.16,104200.0,100300.95,38615465469.99276,101305.6,14822272935.6669,3312.2578125,3979.89990234375,4.945499897003174,22296.5,6572732.0,0.44731481188027,44777794.3835207,305354986221.0,1085484605.4773614,,45296148.0,0.0009570414,0.9663,5.465e-05
2025-11-07,103339.08,101346.04,104096.36,99260.86,45486656423.36589,103305.2,16618226412.9992,3435.301025390625,3999.39990234375,4.938000202178955,22296.5,6572732.0,0.4447906790357609,45079949.34234476,305115332713.0,1100991529.6887505,,46512608.0,0.0009758111,0.9695,5.854333333333333e-05
2025-11-08,102312.94,103339.09,103406.22,101454.0,20066055941.2676,102269.3,7229449979.504,3400.3759765625,3999.39990234375,4.938000202178955,22296.5,6572732.0,0.4572595739983974,38347099.43170217,305531006170.0,930415374.5284548,,25516101.0,0.0009657055,0.8239,4.854333333333333e-05
2025-11-09,104722.96,102312.95,105495.62,101400.0,25080918189.00518,104670.6,9539326599.9635,3582.621337890625,3999.39990234375,4.938000202178955,22296.5,6572732.0,0.4636746156457363,45391629.70151811,305034209028.0,1093238073.165548,,30660854.0,0.0009852724,0.9716,3.8316666666666665e-05
2025-11-10,106011.13,104722.95,106670.11,104265.02,34743716624.54442,105966.3,12736544297.3328,3568.4599609375,4111.7998046875,5.086999893188477,22296.5,6572732.0,0.4703287151804258,46297397.53288191,305008318856.0,1085484605.4773614,,35216370.0,0.0009997253,0.9943,7.068000000000001e-05
2025-11-11,103058.99,106011.13,107500.0,102476.09,37088919241.24784,103005.8,13877840027.7205,3415.2822265625,4106.7998046875,5.048500061035156,22296.5,6572732.0,0.4541554148620508,50145836.26956858,305213719410.0,1186279607.2688985,,34219343.0,0.0009681971,1.0716,1.955333333333333e-05
2025-11-12,101654.37,103059.0,105333.33,100813.59,33745865090.737267,101605.8,14516821988.2784,3413.09423828125,4204.39990234375,5.089499950408936,22296.5,6580462.0,0.4470460877844042,45397998.15198624,305314524285.0,1085693709.7267337,,33774178.0,0.0009537319,0.9731,2.9783333333333333e-05
2025-11-13,99692.02,101654.37,104085.01,98000.4,52533029978.67628,99654.3,23845056328.8644,3232.757080078125,4186.89990234375,5.087500095367432,22296.5,6580462.0,0.4469749820914612,47528428.37942877,305546499723.0,1135417896.8857453,,47814889.0,0.000942553,1.02,5.959000000000001e-05
2025-11-14,94594.0,99692.03,99866.02,94012.45,62897023830.54285,94544.9,27699919078.6639,3103.78564453125,4087.60009765625,5.049499988555908,22296.5,6580462.0,0.4059565748467298,43469168.15037238,304347692300.0,1090001177.5223117,,59550224.0,0.0008838191,0.932,8.924333333333333e-05
2025-11-15,95596.24,94594.0,96846.68,94558.49,23421524983.906902,95560.3,8648839692.4375,3166.63134765625,4087.60009765625,5.049499988555908,22296.5,6580462.0,0.4123682192249507,42830898.25956448,303647743188.0,1082431729.7450786,,27555040.0,0.0008952893,0.9175,8.143333333333334e-05
2025-11-16,94261.44,95596.23,96635.11,93005.55,33097050427.66732,94221.7,12858824611.9057,3092.847412109375,4087.60009765625,5.049499988555908,22296.5,6580462.0,0.4039774802288287,47184185.19872901,303485359177.0,1203542970.4808896,,34327708.0,0.0008821121,1.0119,8.268333333333333e-05
2025-11-17,92215.14,94261.45,96043.0,91220.0,50636540749.75781,92169.7,19251468313.7895,3024.538818359375,4068.300048828125,5.0,22296.5,6580462.0,0.3892516489100726,36485244.8764104,303337718917.0,938612123.8775448,,51255792.0,0.000861851,0.7813,8.925333333333334e-05
2025-11-18,92960.83,92215.14,93836.01,89253.78,52508973672.21986,92916.9,21287650102.1971,3122.97900390625,4061.300048828125,4.962500095367432,22296.5,6580462.0,0.3953576645700358,38040310.88285948,302912683118.0,1006737197.4726892,,55905496.0,0.0008674941,0.8177,7.908333333333334e-05
2025-11-19,91554.96,92960.83,92980.22,88608.0,45726172347.09787,91508.9,20531646468.1953,3023.07080078125,4077.699951171875,5.007999897003174,22296.5,6555283.0,0.3858279558637027,38914556.84404423,302980187846.0,1037015010.381645,,52631668.0,0.0008548409,0.835,5.496e-05
2025-11-20,86637.23,91554.96,93160.0,86100.0,52718700010.63179,86601.3,24710128018.0412,2831.777587890625,4056.5,4.959499835968018,22296.5,6555283.0,0.3891969441260159,36740620.73659684,302796517661.0,991598291.0182116,,50446440.0,0.0008072069,0.793,7.752666666666667e-05
2025-11-21,85129.43,86637.22,87498.94,80600.0,73555319744.36227,85093.5,37766204535.2064,2765.69921875,4076.699951171875,5.008500099182129,22296.5,6555283.0,0.3402060443361894,39601664.44150279,302525457356.0,1142987344.6629784,,80437736.0,0.0007933382,0.8548,3.812666666666667e-05
2025-11-22,84739.74,85129.42,85620.0,83500.0,22320459601.90078,84689.4,7944941195.9623,2767.607421875,4076.699951171875,5.008500099182129,22296.5,6555283.0,0.3434039663114299,37718076.50206796,302209284181.0,1082431729.7450786,,37672160.0,0.0007888985,0.8086,4.388333333333333e-05
2025-11-23,86830.0,84739.75,88127.64,84667.57,28153223429.83512,86807.7,12021965924.515,2801.676025390625,4076.699951171875,5.008500099182129,22296.5,6555283.0,0.3507794336637259,38418936.12855624,302342893823.0,1074862271.067834,,36581892.0,0.0008078464,0.8239,1.0240000000000002e-05
2025-11-24,88300.01,86830.0,89228.0,85272.0,35730831088.34361,88247.1,18390268446.5396,2952.71337890625,4091.89990234375,4.961999893188477,22296.5,6555283.0,0.361845125195735,38889965.03289989,302118248188.0,1082431729.7450786,,42677384.0,0.0008204086,0.8357,1.6346666666666667e-05
2025-11-25,87369.96,88300.01,88519.99,86116.0,29422223339.09126,87324.1,13058119938.8809,2957.936279296875,4139.2001953125,4.999499797821045,22296.5,6555283.0,0.3550400265045113,31388171.25691896,303207252896.0,870487050.2824004,,37063312.0,0.0008120608,0.6746,-2.104333333333333e-05
2025-11-26,90484.02,87369.97,90656.08,86306.77,30164281296.490986,90438.1,14035931374.2226,3027.81201171875,4165.2001953125,5.104499816894531,22296.5,6552419.0,0.3757698549610186,45173173.90072035,303931208224.0,1240799633.4969137,,36052102.0,0.0008386057,0.9693,3.002333333333333e-05
2025-11-27,91333.95,90484.01,91950.0,90089.91,24833365370.759087,91292.2,10363381065.7595,3014.542236328125,4165.2001953125,5.104499816894531,22296.5,6552419.0,0.3818989532087898,40772873.38757427,304905171848.0,1061317862.9627872,,26208228.0,0.0008465358,0.8752,1.4776666666666664e-05
2025-11-28,90890.7,91333.94,93092.0,90180.63,27334678113.6027,90847.8,13439159085.5929,3032.304443359375,4218.2998046875,5.185500144958496,22296.5,6552419.0,0.3902223627393925,42840789.92139324,305275991334.0,1113270484.2052977,,30566416.0,0.000842486,0.9181,2.025e-05
2025-11-29,90802.44,90890.71,91165.65,90155.47,12572847268.881498,90765.0,4912678291.2122,2991.685302734375,4218.2998046875,5.185500144958496,22296.5,6552419.0,0.3787007136648471,38843896.64331152,305822184169.0,1016787040.1746083,,14443553.0,0.0008408036,0.8335,8.103333333333333e-06
2025-11-30,90360.0,90802.44,92000.01,90336.9,14630464217.870705,90320.6,6030481989.374,2992.112548828125,4218.2998046875,5.185500144958496,22296.5,6552419.0,0.3772022420755749,47585187.7742898,305853140887.0,1239441132.7407093,,16821327.0,0.0008367444,1.0211,4.506e-05
2025-12-01,86286.01,90360.01,90417.0,83822.76,43867382984.31764,86241.6,25577924246.4796,2800.18896484375,4239.2998046875,5.218999862670898,22386.9,6552419.0,0.3480511115097265,35809856.12536779,305723101368.0,987099824.9824892,,52273520.0,0.0007977491,0.7692,2.7456666666666667e-05
2025-12-02,91277.88,86286.01,92307.65,86184.39,37532423120.62556,91249.1,20398018617.2761,2997.939697265625,4186.60009765625,5.160999774932861,22386.9,6552419.0,0.384084354666242,35282924.27722963,306522915842.0,942569002.1943104,,45554226.0,0.0008431213,0.7565,1.8776666666666663e-05
2025-12-03,93429.95,91277.88,94150.0,90990.23,37218259716.746735,93376.7,18675815044.3044,3191.57177734375,4199.2998046875,5.308000087738037,22386.9,6535781.0,0.3975192928308203,38293514.039417416,307092352380.0,979678026.5281576,,49180296.0,0.0008636851,0.8231,5.296666666666666e-06
2025-12-04,92078.06,93429.95,94080.0,90889.0,29157022381.36367,92034.7,13597441409.6919,3134.31640625,4211.7998046875,5.291500091552734,22386.9,6535781.0,0.3883263445404516,38271734.49024648,307292798144.0,979678026.5281576,,41658511.0,0.0008492765,0.8238,3.656e-05
2025-12-05,89330.04,92078.06,92692.36,88056.0,29142266659.393105,89288.5,16166343889.0462,3024.432861328125,4212.89990234375,5.381999969482422,22386.9,6535781.0,0.3971964853889987,33756131.05209529,307678497213.0,883194582.4974686,,42209588.0,0.0008227705,0.7265,3.3906666666666665e-05
2025-12-06,89236.79,89330.04,90289.97,88908.01,13588672360.293926,89197.1,5087173918.7945,3040.207763671875,4212.89990234375,5.381999969482422,22386.9,6535781.0,0.3763345046115801,45634090.54552253,307974398680.0,1209753917.54859,,16228255.0,0.000819017,0.9815,1.2633333333333332e-05
2025-12-07,90395.31,89236.8,91760.0,87719.28,19393487783.722992,90345.4,11615722866.7767,3061.3017578125,4212.89990234375,5.381999969482422,22386.9,6535781.0,0.3744107526461349,44909720.03072814,307859046822.0,1187488511.498199,,30352947.0,0.0008289469,0.9646,3.69e-05
2025-12-08,90634.34,90395.32,92287.15,89612.0,26024555382.475506,90610.8,13851183299.0389,3125.197998046875,4187.2001953125,5.364500045776367,22386.9,6535781.0,0.3794531347731206,42097917.24756964,307871279833.0,1098426876.609238,,41619994.0,0.0008327716,0.9054,3.133666666666667e-05
2025-12-09,92678.8,90634.35,94588.99,89500.0,31136733193.620987,92638.4,16746767484.4678,3321.114990234375,4206.7001953125,5.240499973297119,22386.9,6535781.0,0.3879945224497468,36932930.88331724,308305796414.0,957412609.79037,,41868093.0,0.0008525217,0.7924,4.224666666666666e-05
2025-12-10,92015.37,92678.81,94476.0,91563.15,30192140035.493767,91977.5,14848606099.6705,3325.39013671875,4196.39990234375,5.2754998207092285,22386.9,6539303.0,0.3994604050647997,44834510.21271114,308521103672.0,1150379497.8517485,,41308074.0,0.0008442991,0.9642,2.659333333333333e-05
2025-12-11,92513.38,92015.38,93555.0,89260.63,29767768582.42885,92477.5,17359221855.9521,3237.056884765625,4285.5,5.427000045776367,22386.9,6539303.0,0.3982946628322839,45391880.09397139,308450432660.0,1179627150.376248,,45704301.0,0.0008479105,0.977,2.371e-05
2025-12-12,90268.42,92513.38,92754.0,89480.0,24013855395.556816,90229.6,13200125050.1882,3084.172607421875,4300.10009765625,5.2835001945495605,22386.9,6539303.0,0.3757342006693701,41400482.64670536,309389579845.0,1068190149.6701112,,24975692.0,0.0008270671,0.8936,4.998333333333334e-05
2025-12-13,90240.01,90268.43,90634.55,89766.39,9942759091.76304,90191.3,3269571102.3341,3116.6953125,4300.10009765625,5.2835001945495605,22386.9,6539303.0,0.3834933269261636,40348406.76592049,309466599973.0,1053456501.7977912,,3458288.0,0.0008259605,0.8696,4.0606666666666665e-05
2025-12-14,88172.17,90240.0,90472.4,87577.36,14994836995.156149,88118.8,8202472245.4301,3060.5947265625,4300.10009765625,5.2835001945495605,22386.9,6539303.0,0.3820567971206813,35770641.43613398,309431112922.0,942954068.4977604,,8263185.0,0.0008064553,0.7725,5.5570000000000005e-05
2025-12-15,86432.08,88172.16,90052.64,85146.64,28322880964.22693,86389.9,17011925792.4325,2964.18310546875,4306.7001953125,5.338500022888184,22386.9,6539303.0,0.3715560844160129,36800400.104342766,309332502202.0,987155043.9394194,,16687776.0,0.000789209,0.7943,7.926666666666666e-06
2025-12-16,87863.42,86432.08,88175.98,85266.0,26299227621.6612,87826.3,12361523043.7964,2964.180908203125,4304.5,5.287000179290772,22386.9,6539303.0,0.3582265954611719,39878989.89420787,309185066433.0,1082923808.150664,,14603778.0,0.0008006899,0.8616,4.3020000000000005e-05
2025-12-17,86243.22,87863.43,90365.85,85314.0,27965091358.686302,86201.6,18228465804.6213,2831.403564453125,4347.5,5.363500118255615,22386.9,6556861.0,0.3464631656898372,37622154.17944179,309054101767.0,1016622350.2922922,,19007988.0,0.0007851934,0.8106,7.041666666666667e-05
2025-12-18,85516.41,86243.23,89477.61,84450.01,32441436193.96104,85469.7,19944082984.3968,2827.069091796875,4339.5,5.366499900817871,22386.9,6556861.0,0.33855095472766,39104787.9202545,309132487314.0,1060823325.7339512,,21449372.0,0.0007787873,0.8436,4.572666666666666e-05
2025-12-19,88136.94,85516.41,89399.97,85110.24,27987557441.85022,88100.0,15617337797.6527,2977.970703125,4361.39990234375,5.439499855041504,22386.9,6556861.0,0.333264301852279,39687142.11787333,308395276006.0,1068190149.6701112,,,0.0008032977,0.8576,8.497000000000001e-05
2025-12-20,88360.9,88136.95,88573.07,87795.76,9123502254.221996,88320.8,3171782778.2374,2977.58251953125,4361.39990234375,5.439499855041504,22386.9,6556861.0,0.3678008031848183,40511866.408876605,308850102933.0,1082923808.150664,,3629138.0,0.0008042845,0.8767,6.135e-05
2025-12-21,88658.86,88360.91,89081.77,87600.04,11638155530.999298,88621.3,5968133891.8196,3001.61376953125,4361.39990234375,5.439499855041504,22386.9,6556861.0,0.3639859109767574,38064945.557455584,309787763399.0,1016622350.2922922,,6876768.0,0.0008048762,0.824,7.510666666666666e-05
2025-12-22,88620.79,88658.87,90588.23,87900.0,23724767897.79088,88581.5,13801598552.2526,3006.07373046875,4444.60009765625,5.4375,22386.9,6556861.0,0.3610236503085873,38719642.44497031,308701121830.0,1023989184.8366852,,15560312.0,0.0008040405,0.8379,5.189e-05
2025-12-23,87486.0,88620.79,88940.0,86601.9,21909200523.33308,87463.0,11714876769.2463,2963.3740234375,4482.7998046875,5.47599983215332,22386.9,6556861.0,0.3551927580115461,39741617.59298014,308833938816.0,1068190149.6701112,,12849943.0,0.0007935032,0.8615,3.219666666666666e-05
2025-12-24,87669.45,87486.0,88049.89,86420.0,16153152744.806976,87627.3,7107553239.5379,2945.590576171875,4480.60009765625,5.498499870300293,22386.9,6581231.0,0.3595534808656093,43350719.16154627,308593604082.0,1171325759.0339825,,8727017.0,0.0007951283,0.9392,8.127333333333334e-05
2025-12-25,87225.27,87669.44,88592.74,86934.72,12278604771.449188,87182.8,5072600548.9633,2903.57958984375,4480.60009765625,5.498499870300293,22386.9,6581231.0,0.3664071450159087,37809501.25165283,308132782561.0,1016989504.585422,,6111130.0,0.0007911227,0.8198,7.409333333333333e-05
2025-12-26,87369.56,87225.27,89567.75,86655.08,25814440528.30444,87318.2,13204732310.098,2925.74560546875,4529.10009765625,5.766499996185303,22386.9,6581231.0,0.362507601452719,42938751.96658501,308206557548.0,1149714805.066739,,12717946.0,0.0007909349,0.9293,6.601666666666667e-05
2025-12-27,87877.01,87369.56,87984.0,87253.05,8187137396.203264,87829.4,2388675294.68,2947.998291015625,4529.10009765625,5.766499996185303,22386.9,6581231.0,0.3581550029226709,37168960.463523,308101483824.0,1002315469.4510928,,2555760.0,0.0007950407,0.806,3.4823333333333336e-05
2025-12-28,87952.71,87877.0,88088.75,87435.0,9118923770.910135,87920.5,3278205503.957,2948.568115234375,4529.10009765625,5.766499996185303,22386.9,6581231.0,0.3756551809226847,42482414.563911065,308003030895.0,1142344843.061695,,3296326.0,0.0007948341,0.9211,5.7943333333333325e-05
2025-12-29,87237.13,87952.71,90406.08,86806.5,30577555039.7798,87203.3,16787751031.7945,2934.538330078125,4325.10009765625,5.490499973297119,22386.9,6581231.0,0.3650325156256184,42447258.199684165,307958922555.0,1134974870.4438992,,14433740.0,0.0007878832,0.9197,8.275333333333335e-05
2025-12-30,88485.49,87237.13,89400.0,86845.66,22747633447.77034,88455.3,11172280215.5508,2971.416748046875,4370.10009765625,5.727499961853027,22386.9,6581231.0,0.3607924047608453,32683797.47814245,307900738785.0,877026041.0760822,,10403514.0,0.0007991046,0.7096,7.652666666666667e-05
2025-12-31,87648.22,88485.5,89200.0,87250.0,21485171583.234634,87608.2,8534611355.54,2967.03759765625,4325.60009765625,5.630000114440918,22386.9,6640618.0,0.3691367620830441,36645073.16214241,307671560031.0,980205572.8232088,,7876832.0,0.0007904494,0.7958,2.708333333333333e-05
2026-01-01,88839.04,87648.21,88919.45,87550.43,11220857794.86347,88800.0,4221684071.5216,3000.394287109375,4325.60009765625,5.630000114440918,22469.1,6640618.0,0.3638820271525862,41460262.04270849,306776252203.0,1112864973.8160155,33151971062.0964,3856423.0,0.0008006759,0.9005,7.237e-05
2026-01-02,89995.13,88839.05,90961.81,88379.88,27934828141.828423,89951.4,15818436364.5132,3124.422607421875,4314.39990234375,5.639999866485596,22469.1,6640618.0,0.375821194939762,40256745.45650375,306461457901.0,1061275207.942452,34153314643.474827,14048724.0,0.0008097025,0.8728,4.88e-05
2026-01-03,90628.01,89995.14,90741.16,89314.01,12119623390.538069,90595.8,5120704164.6601,3125.91748046875,4314.39990234375,5.639999866485596,22469.1,6640618.0,0.3845960427965864,43589926.86280045,307246646875.0,1142344843.061695,34456979663.38463,5605261.0,0.0008155016,0.9468,3.701e-05
2026-01-04,91529.73,90628.01,91810.0,90628.0,16516054782.296663,91497.1,6733223160.202,3140.71044921875,4314.39990234375,5.639999866485596,22469.1,6640618.0,0.3855096528300569,41374154.60570599,307266097440.0,1068645169.947496,34973708830.36951,,0.0008219945,0.8981,6.578999999999999e-05
2026-01-05,93859.71,91529.74,94789.08,91514.81,32443625718.03553,93822.4,17646171283.7405,3226.13037109375,4436.89990234375,5.924499988555908,22469.1,6640618.0,0.3882838301978216,38428902.55322873,307417322935.0,972835610.8181652,36165245719.53646,14625985.0,0.0008443377,0.8355,7.282000000000001e-05
2026-01-06,93747.97,93859.71,94444.44,91262.94,31616424958.682423,93708.0,17445560806.7759,3295.94677734375,4482.2001953125,6.010499954223633,22469.1,6640618.0,0.4065565530728003,37873438.00734755,308013646626.0,958095676.1953253,34683306224.019936,13090004.0,0.0008401293,0.8241,1.377e-05
2026-01-07,91364.16,93747.97,93747.97,90675.52,26510721316.46016,91328.0,13680092151.8126,3166.843994140625,4449.2998046875,5.809000015258789,22469.1,6573602.0,0.4015470907571111,42225834.05868912,307712872451.0,1083385104.570336,35273026747.80503,11786935.0,0.0008195714,0.918,6.489e-05
2026-01-08,91099.99,91364.16,91687.99,89311.0,25796182474.31955,91059.8,15234838673.2306,3104.382568359375,4449.7001953125,5.746500015258789,22469.1,6573602.0,0.3865449322667277,38242426.304593824,307409130079.0,964845793.922634,35149657665.54696,13086269.0,0.0008162903,0.8135,8.376333333333332e-05
2026-01-09,90641.28,91100.0,92082.55,89694.66,23639779104.95828,90603.6,12741216614.7338,3083.047119140625,4490.2998046875,5.855500221252441,22469.1,6573602.0,0.3964833561450731,,307174069862.0,1033929117.8333746,34332013540.97817,12175547.0,0.000811744,0.8753,1.5543333333333334e-05
2026-01-10,90504.7,90641.27,90832.0,90404.0,7081034591.823465,90469.6,2289227865.1467,3082.39599609375,4490.2998046875,5.855500221252441,22469.1,6573602.0,0.3836185563031488,47192741.628271244,307456372051.0,1179552938.5755997,34090062054.02852,2085239.0,0.000809799,0.9968,6.511666666666667e-05
2026-01-11,91013.65,90504.7,91283.89,90236.0,10062162463.667624,90964.4,3951590389.4878,3118.88525390625,4490.2998046875,5.855500221252441,22469.1,6573602.0,0.3823672058145483,,307585147170.0,888305297.0911494,34571397679.15834,3640300.0,0.0008130129,0.7521,5.027e-05
2026-01-12,91296.2,91013.66,92519.95,90128.44,25263010583.33565,91252.6,15460787326.0671,3092.3251953125,4604.2998046875,5.985000133514404,22469.1,6573602.0,0.3829324298141434,41898399.34618774,307508855674.0,1033929117.8333746,33404040948.00148,13944669.0,0.0008150689,0.8821,3.121666666666667e-05
2026-01-13,95414.0,91296.2,96495.0,91042.66,33431947916.75338,95375.2,18702759214.6813,3322.095458984375,4589.2001953125,5.96999979019165,22469.1,6573602.0,0.3883517274305965,39187527.41675724,306849498507.0,982960782.1463332,35868978195.33815,15797922.0,0.0008490995,0.85,5.176e-05
2026-01-14,96951.78,95413.99,97924.49,94559.28,36461822457.91513,96907.9,17517864908.3997,3354.72265625,4626.2998046875,6.008999824523926,22469.1,6581700.0,0.4208915583040976,38606951.33265132,308058652347.0,902867680.2138636,37062504596.74976,15252056.0,0.0008651545,0.8088,2.2340000000000003e-05
2026-01-15,95604.8,96951.78,97193.34,95134.48,31453653344.086857,95567.3,14354929430.5958,3317.101318359375,4616.2998046875,5.947999954223633,22469.1,6581700.0,0.3858155926927643,41812816.36175577,309016023579.0,1012085548.3917612,34881553401.27944,12977577.0,0.0008522653,0.91,9.693333333333333e-06
2026-01-16,95550.94,95604.81,95871.47,94293.46,19485758408.18461,95503.7,9631783779.4691,3295.482177734375,4588.39990234375,5.78849983215332,22469.1,6581700.0,0.4151759280590663,38728962.01734041,310085365901.0,946554829.5820056,34555382097.51085,8246090.0,0.0008499839,0.8433,5.724e-05
2026-01-17,95147.77,95550.94,95639.45,95021.67,8726905616.227673,95107.9,3713666637.4187,3308.8642578125,4588.39990234375,5.78849983215332,22469.1,6581700.0,0.4120864726469697,44358119.216972925,310740999748.0,1084897453.520416,34469427534.86468,2766404.0,0.0008460947,0.9658,1.935e-05
2026-01-18,93673.14,95147.77,95531.12,93615.4,11525353595.060818,93614.0,5933385909.8745,3281.15771484375,4588.39990234375,5.78849983215332,22469.1,6581700.0,0.4110974636344738,41584947.88179416,310821435829.0,1019366734.7106606,33996378628.388542,4247265.0,0.0008402181,0.9063,6.563333333333333e-05
2026-01-19,92631.0,93673.14,93673.14,91910.2,21151359379.43065,92589.6,10038160831.5419,3186.62109375,4588.39990234375,5.78849983215332,22469.1,6581700.0,0.416416539589968,,310879840727.0,1092178650.324231,33249073435.89112,8817506.0,0.0008220047,0.9482,2.6366666666666663e-05
2026-01-20,88427.66,92630.99,92870.0,87895.98,31690230962.24579,88390.6,17018198701.3769,2935.605712890625,4759.60009765625,5.7729997634887695,22469.1,6581700.0,0.3957107861861688,38654976.78246953,310839123998.0,968398399.023619,33713744118.4681,16122348.0,0.0007832982,0.8235,7.365666666666667e-05
2026-01-21,89454.73,88427.66,90574.0,87263.53,32944402675.26455,89411.4,18550738542.8682,2978.901123046875,4831.7998046875,5.729499816894531,22469.1,6584580.0,0.3670455513550061,,308882687793.0,997523165.2690471,32840525678.74703,18587037.0,0.0007924845,0.8337,6.155e-05
2026-01-22,89559.67,89454.73,90359.99,88515.37,20395789260.460613,89518.5,9479318940.2308,2949.63330078125,4908.7998046875,5.742499828338623,22469.1,6584580.0,0.353689299261671,45059984.32113271,308522472319.0,1162718505.7701015,32965261921.36975,11056060.0,0.0007931799,0.9841,6.961333333333333e-05
2026-01-23,89600.26,89559.68,91224.99,88578.36,22567015769.317978,89558.7,11205111434.1844,2953.25634765625,4976.2001953125,5.910999774932861,22469.1,6584580.0,0.3758761562029621,39174642.21067331,308066823411.0,985930372.216906,32073454714.5775,,0.0007928111,0.8548,5.149333333333333e-05
2026-01-24,89225.34,89600.26,89957.39,89162.08,8120190191.750532,89180.7,2749562449.6091,2948.74072265625,4976.2001953125,5.910999774932861,22469.1,6584580.0,0.377158734488486,28729263.387003347,308529826820.0,690151266.636433,32583887777.49569,2269693.0,0.0007903856,0.5985,4.780333333333334e-05
2026-01-25,86670.36,89225.34,89319.13,86074.72,21005269939.127384,86628.9,10926589926.8844,2815.90234375,4976.2001953125,5.910999774932861,22469.1,6584580.0,0.3768160622734978,,308595479984.0,760574860.3057843,32748727886.34575,9918904.0,0.0007644887,0.6496,4.768e-05
2026-01-26,88347.08,86670.36,88860.0,86509.63,27615152353.701347,88300.6,11814857414.2917,2926.45703125,5079.7001953125,5.984000205993652,22469.1,6584580.0,0.3547995358771635,33981262.92781072,308546779742.0,873252616.2613451,32692185286.97396,12622410.0,0.0007816503,0.7439,4.1733333333333336e-05
2026-01-27,89250.0,88347.08,89523.16,87304.33,23626295114.618893,89197.8,10418692062.9808,3022.2109375,5079.89990234375,5.828499794006348,22469.1,6584580.0,0.3671011868961467,,308038522584.0,859167895.4992752,33452091034.95718,10719484.0,0.0007889445,0.7372,5.932666666666667e-05
2026-01-28,89299.99,89249.99,90600.0,88833.65,25186875861.7827,89261.7,11091286350.5205,3006.607421875,5301.60009765625,5.892499923706055,22469.1,6587568.0,0.375987979936499,30719488.6339881,307476652723.0,774659581.067854,33387877778.70482,12388948.0,0.0007874639,0.6729,5.413666666666667e-05
2026-01-29,84650.16,89300.0,89348.0,83383.33,39419749776.823456,84604.7,19452002164.5236,2818.232666015625,5318.39990234375,6.17549991607666,22469.1,6587568.0,0.3763897536316069,,307276183209.0,901422057.7854848,34525574640.36658,17809760.0,0.0007462161,0.7631,5.696333333333334e-05
2026-01-30,84260.49,84650.16,84735.75,81118.0,42958886610.656746,84211.4,21126748812.4862,2702.375244140625,4713.89990234375,5.896999835968018,22469.1,6587568.0,0.3411769017045363,33908982.57533884,305785805039.0,922549133.8580904,32563104588.17951,,0.0007418444,0.747,2.167333333333333e-05
2026-01-31,78741.09,84260.5,84270.02,75719.9,39615733987.904175,78706.8,21725315465.7822,2445.091796875,4713.89990234375,5.896999835968018,22469.1,6587568.0,0.3391872385344679,34571400.56715284,305016061414.0,971845651.454836,29353513254.647408,24418577.0,0.0006928024,0.7728,6.608666666666666e-05
2026-02-01,76968.21,78741.1,79424.0,75700.0,32549655187.13913,76931.5,14530348059.777,2267.96484375,4713.89990234375,5.896999835968018,22667.3,6587568.0,0.2884326545170522,28885556.653668217,304748913528.0,838040819.4266695,28079690824.19609,21507600.0,0.0006799163,0.6376,6.253333333333334e-06
2026-02-02,78738.61,76968.22,79360.0,74604.0,46314885003.350044,78692.5,20033127365.0781,2344.356689453125,4622.5,5.801499843597412,22667.3,6587568.0,0.2815516488074575,28449193.960212767,304868784328.0,830998453.9751356,28188330253.01643,30859735.0,0.0006931432,0.6298,-2.896e-05
2026-02-03,75770.21,78738.6,79186.81,72945.5,41926898459.76761,75732.4,23507272161.9743,2227.558837890625,4903.7001953125,6.0625,22667.3,6587568.0,0.2949624363645605,32668904.952233184,305035172960.0,929591499.3096248,27620129005.52932,,0.0006649698,0.7021,-1.4100000000000005e-06
2026-02-04,73165.83,75770.21,76971.52,71888.0,41444933835.5378,73137.4,21772124047.9519,2143.504150390625,4920.39990234375,5.826000213623047,22667.3,6605909.0,0.2669554178257804,,305623490537.0,1000015092.9789758,28056769143.23381,30471679.0,0.0006419224,0.7357,2.7626666666666664e-05
2026-02-05,62909.86,73165.84,73341.18,62345.0,79217348665.95522,62868.1,45383453171.8165,1821.68310546875,4861.39990234375,5.798999786376953,22667.3,6605909.0,0.242171611972931,28340233.43093726,305858179531.0,894379692.3339508,25526138483.571674,58713799.0,0.0005631752,0.6056,1.5046666666666668e-05
2026-02-06,70580.26,62909.87,71751.33,60000.0,65567732012.8096,70544.5,37147154675.9662,2063.386962890625,4951.2001953125,5.863500118255615,22667.3,6605909.0,0.1402689351608744,29995212.37861336,304919360410.0,1021142169.0515816,25949921970.679188,50653870.0,0.0006190827,0.6739,-9.587666666666666e-05
2026-02-07,69289.38,70580.26,71690.07,67300.0,39220270572.00623,69254.2,18436859331.9978,2090.54931640625,4951.2001953125,5.863500118255615,22667.3,6605909.0,0.2304084139310814,35943554.93942579,305276765643.0,1112468740.242983,24993254312.02549,29495808.0,0.0006065873,0.7946,-8.803666666666665e-05
2026-02-08,70330.38,69289.37,72271.41,68888.0,24606986574.12869,70288.1,11477495028.2572,2088.762939453125,4951.2001953125,5.863500118255615,22667.3,6605909.0,0.2070137879688691,,305485183999.0,1063649664.9870174,24994718283.803394,19157860.0,0.0006156902,0.8268,-3.937666666666667e-05
2026-02-09,70138.0,70330.38,71453.53,68308.0,32074757056.6976,70110.5,15536232970.8153,2103.567626953125,5050.89990234375,5.945000171661377,22667.3,6605909.0,0.2274416153655528,37701555.88624861,306684853368.0,1019852317.996721,24994351254.464165,26103586.0,0.0006146562,0.7901,-1.837666666666667e-05
2026-02-10,68841.29,70138.0,70527.59,67800.0,24378876783.55521,68805.3,12702030089.136,2019.4974365234373,5003.7998046875,5.895999908447266,22667.3,6605909.0,0.2202135162872256,,306577334475.0,900973830.4794544,24423961742.46275,19477644.0,0.0006013303,0.6899,-7.481e-05
2026-02-11,67082.52,68841.28,69292.88,65756.0,29526782456.98856,67054.4,17245163504.0109,1940.621337890625,5071.60009765625,5.948999881744385,22667.3,6622382.0,0.202855579935525,32962343.03050051,306470241308.0,982311747.7332362,24338387193.341644,25478794.0,0.0005859662,0.7331,-2.7286666666666667e-05
2026-02-12,66272.17,67082.52,68410.52,65118.0,25277494587.26333,66243.1,13358290840.2903,1946.940673828125,4923.7001953125,5.770999908447266,22667.3,6622382.0,0.1864810498667925,,306208176878.0,1107447002.9675756,24489887444.24139,21687327.0,0.0005787611,0.8196,1.300000000000001e-06
2026-02-13,68853.96,66272.17,69482.97,65872.46,23720231978.477245,68821.5,12411102395.2804,2048.52734375,5022.0,5.792500019073486,22667.3,6622382.0,0.1735068933679915,31870292.340392303,305943754793.0,944771168.4600128,24956925671.15302,19138320.0,0.0006010875,0.708,1.758666666666667e-05
2026-02-14,69822.95,68853.97,70560.01,68730.13,18369508439.44685,69795.4,7975934194.1541,2086.009765625,5022.0,5.792500019073486,22667.3,6622382.0,0.2105184651432784,36063770.43076281,306709187672.0,1038622612.1382018,25146385450.785004,10430312.0,0.0006087865,0.7996,4.569999999999999e-06
2026-02-15,68832.58,69822.94,70983.0,68000.0,21169401853.930622,68796.9,10503980127.9098,1966.04296875,5022.0,5.792500019073486,22667.3,6622382.0,0.2176869685619129,42798013.82928155,306826994454.0,1232582258.2019153,24621329798.225014,14276382.0,0.0005976463,0.9514,4.083333333333333e-06
2026-02-16,68892.43,68832.59,70126.67,67294.11,18765374124.812,68862.5,10246352235.4022,1997.917724609375,5022.0,5.792500019073486,22667.3,6622382.0,0.2070672777240897,37478604.94439106,306947726215.0,1094933476.5431678,24283924929.409286,14494939.0,0.0006004618,0.8316,-1.5766666666666666e-05
2026-02-17,67503.52,68892.43,69241.5,66621.06,19408521187.279503,67475.9,10110613783.2471,1992.1943359375,4882.89990234375,5.632999897003174,22667.3,6622382.0,0.2038220129273253,35705019.17228733,307194835812.0,1032365844.4211287,24357688969.701767,16269172.0,0.0005879647,0.779,4.544e-05
2026-02-18,66461.0,67503.52,68476.22,65870.0,18751473658.994736,66422.8,11015902259.5555,1953.97412109375,4986.5,5.793499946594238,22667.3,6613395.0,0.1920896114844414,32154488.02799295,306966784526.0,957284694.8844204,24634775043.97629,15250409.0,0.0005782554,0.7148,2.2260000000000004e-05
2026-02-19,67003.73,66461.0,67320.0,65631.83,17819425011.87278,66974.0,9812064348.1862,1948.2010498046875,4975.89990234375,5.730000019073486,22667.3,6613395.0,0.1850657099478281,33128887.56982585,307214549860.0,1025228859.3917795,24533791368.6729,14681334.0,0.0005824045,0.7376,-1.4599999999999996e-05
2026-02-20,68020.01,67003.73,68318.39,66280.2,28816357777.34896,67979.3,15188111219.3469,1969.0223388671875,5059.2998046875,5.830999851226807,22667.3,6613395.0,0.1843552574803055,28903139.56586408,307205851625.0,983397437.0251604,24904313819.844032,17592491.0,0.000590997,0.644,1.9986666666666663e-05
2026-02-21,67975.93,68020.0,68698.7,67534.69,11009747277.354034,67933.1,5962675788.0988,1973.7371826171875,5059.2998046875,5.830999851226807,22667.3,6613395.0,0.1985647455166093,25330542.01070629,306766945173.0,854191934.5012189,25047362506.060665,6472595.0,0.0005913921,0.5644,3.392e-05
2026-02-22,67643.4,67975.93,68245.0,67190.0,11010507182.416737,67613.5,5711913292.3926,1957.805908203125,5059.2998046875,5.830999851226807,22667.3,6613395.0,0.1981164540705711,,306704871076.0,1177205690.811073,24737246753.65873,6457649.0,0.0005872787,0.7745,1.9146666666666667e-05
2026-02-23,64656.02,67643.39,67684.86,63888.79,31568260008.677505,64625.8,18105752523.7873,1855.5028076171875,5204.7001953125,5.7729997634887695,22667.3,6613395.0,0.1944333587492967,30222682.09135021,307679562711.0,1062356356.3827294,23909459657.069687,21552626.0,0.0005605127,0.6749,-4.000000000000008e-07
2026-02-24,64058.15,64656.01,65026.75,62510.28,25518691018.02253,64031.3,14197862756.4856,1852.969482421875,5155.7998046875,5.922999858856201,22667.3,6613395.0,0.1587121623889366,,307578720102.0,1184383769.690652,23890926307.91708,20062792.0,0.0005551427,0.7331,1.4436666666666663e-05
2026-02-25,67988.04,64058.15,69988.83,63913.27,34334482875.77832,67952.5,20064546495.4116,2054.6279296875,5206.39990234375,5.979499816894531,22667.3,6613797.0,0.1506619798779625,33163205.0955439,307638280255.0,1119781018.4286811,24878642495.992893,23831102.0,0.0005889141,0.7257,4.800000000000001e-06
2026-02-26,67485.18,67988.04,68860.0,66500.0,25485999084.67528,67448.2,12034418012.3577,2026.7926025390625,5176.5,5.947000026702881,22667.3,6613797.0,0.2056432641048916,,308248563012.0,1004931684.0003374,24553981391.44463,18303249.0,0.0005843366,0.6629,2.9366666666666685e-06
2026-02-27,65872.1,67485.19,68216.8,64914.46,23980874054.513863,65836.0,13676652433.9822,1930.7618408203125,5230.5,6.004499912261963,22667.3,6613797.0,0.1935092110006977,32978961.78356569,307966392585.0,1012109773.2163564,24383281203.21309,17961029.0,0.0005702685,0.6559,-3.2566666666666674e-05
2026-02-28,66973.26,65872.09,67760.0,63030.0,25030522900.493942,66937.1,16739946355.5953,1965.050537109375,5230.5,6.004499912261963,22667.3,6613797.0,0.1703184838206154,29067483.19325338,308171933552.0,1026465941.3119544,23591173635.99345,21786094.0,0.0005781921,0.6502,-1.3303333333333334e-05
2026-03-01,65776.47,66973.26,68199.99,65056.0,23602448603.545044,65750.0,14595540041.5659,1939.066650390625,5230.5,6.004499912261963,22667.3,6613797.0,0.1900632617792647,31000234.54645769,308356985552.0,1069534435.2623082,23420803377.50811,20116381.0,0.0005681791,0.6947,2.2743333333333333e-05
2026-03-02,68830.06,65776.48,70096.0,65259.21,32868170024.1559,68801.8,18797402666.4924,2027.2689208984373,5294.39990234375,5.894499778747559,22667.3,6613797.0,0.1680884983932473,,308169956697.0,976219347.8091414,25250108824.41576,26525128.0,0.0005945692,0.6407,-1.1126666666666665e-05
2026-03-03,68338.0,68830.06,69258.08,66158.0,28365217357.049866,68295.3,17427071396.1283,1982.7689208984373,5107.39990234375,5.773499965667725,22667.3,6613797.0,0.2176430238296011,29470007.97002152,309063308216.0,961863190.0499836,24132019969.50761,25601192.0,0.0005909652,0.6365,9.106666666666669e-06
2026-03-04,72666.77,68338.01,74050.0,67400.0,43532415810.19821,72641.4,25451510255.9959,2126.50537109375,5120.2001953125,5.855000019073486,22667.3,6628894.0,0.2037210348611674,,309316971480.0,933150853.8587877,28214734142.51078,29685973.0,0.0006244518,0.6476,6.043333333333331e-06
2026-03-05,70890.72,72666.77,73558.15,70645.47,29588395070.9022,70854.8,16281967883.7203,2071.60546875,5065.2998046875,5.752999782562256,22667.3,6628894.0,0.2531514866247261,37410384.04382628,310230686608.0,1193001934.3916588,25880890350.52578,21655472.0,0.0006118985,0.838,2.902e-05
2026-03-06,68114.02,70891.02,71419.98,67744.78,24988980982.690346,68083.0,14828774016.9754,1978.751220703125,5146.10009765625,5.756999969482422,22667.3,6628894.0,0.2382110560109108,,311325015296.0,1052672433.1900944,25346449059.693497,19797416.0,0.000587781,0.7152,-1.1826666666666666e-05
2026-03-07,67262.91,68114.02,68551.04,66915.26,13198206557.85984,67232.1,6406934226.6605,1969.4554443359373,5146.10009765625,5.756999969482422,22667.3,6628894.0,0.1993506206406488,27972052.7543334,311483895833.0,951731243.3842344,25221442198.971863,,0.0005794474,0.6281,-2.433333333333316e-07
2026-03-08,65971.2,67262.91,68200.0,65618.49,19243052374.58578,65934.3,10426897603.0972,1936.604736328125,5146.10009765625,5.756999969482422,22667.3,6628894.0,0.1919734902004598,,311462759580.0,966151414.8397176,24684610917.61678,13267287.0,0.0005685765,0.6318,-2.826333333333333e-05
2026-03-09,68432.16,65971.2,69516.65,65821.97,28205750257.904903,68394.1,16143343325.2073,1992.938232421875,5091.5,5.80049991607666,22667.3,6628894.0,0.1806019618760792,28261022.68587628,311624219347.0,994991747.3681616,25006867975.10802,22272987.0,0.0005884641,0.658,-4.593333333333333e-05
2026-03-10,69948.63,68432.16,71777.0,68391.41,30722178786.462776,69901.9,18671992004.4249,2037.1204833984373,5229.7001953125,5.90399980545044,22667.3,6628894.0,0.2089028265764335,30302316.045048624,312865168913.0,994991747.3681616,25516737763.065056,23009804.0,0.0006007538,0.6821,1.913333333333333e-06
2026-03-11,70191.86,69948.64,71321.0,68977.91,25356438582.50087,70150.0,13717861932.2764,2051.5732421875,5167.39990234375,5.8454999923706055,22667.3,6646344.0,0.2227472658824477,30468366.785816774,313148708303.0,1002201838.2871644,25902222700.67571,18143777.0,0.0006030692,0.6842,-7.376e-05
2026-03-12,70541.34,70191.86,70800.0,69205.91,22539074942.1991,70480.1,13053987974.2205,2073.13623046875,5115.7998046875,5.82450008392334,22667.3,6646344.0,0.2313474407237169,28238803.43890264,313455629720.0,930100981.0097485,26057387597.9983,17442697.0,0.0006058371,0.635,-6.858333333333332e-05
2026-03-13,70930.0,70541.34,73913.74,70386.01,33580194383.07913,70895.5,21593507872.2023,2092.5634765625,5052.5,5.714499950408936,22667.3,6646344.0,0.2272304196775466,27128293.165157355,313853757049.0,872420305.5703381,25645050059.949867,22180368.0,0.0006087739,0.6106,2.786666666666666e-06
2026-03-14,71211.95,70930.01,71307.92,70317.0,12322908734.227476,71174.4,5607440555.4348,2097.086669921875,5052.5,5.714499950408936,22667.3,6646344.0,0.2338597056785569,28300353.77781952,314307334399.0,922890900.473268,25548558918.95474,6294227.0,0.0006103226,0.638,-3.0726666666666665e-05
2026-03-15,72815.24,71211.95,73199.0,70858.82,15013866013.722446,72778.9,9080449373.0048,2177.476318359375,5052.5,5.714499950408936,22667.3,6646344.0,0.2333901611508171,28551032.51716158,314262989254.0,901260648.4813046,,9914094.0,0.0006236717,0.6309,-1.8950000000000003e-05
2026-03-16,74884.67,72815.25,74909.08,72270.41,29881568447.491608,74846.4,19840157846.2003,2351.176025390625,4994.0,5.790500164031982,22667.3,6646344.0,0.2560287025410577,28815176.7589164,314252687152.0,901260648.4813046,27465822473.084435,20657378.0,0.0006390398,0.6487,3.889e-05
2026-03-17,73909.36,74884.67,76000.0,73399.19,27289384537.97421,73872.4,16237908572.5667,2318.053466796875,5001.0,5.726500034332275,22667.3,6646344.0,0.2752482477573572,29530395.69773223,314300137199.0,915680809.5542651,27180508117.122505,18022419.0,0.0006325315,0.6663,-1.1746666666666669e-05
2026-03-18,71246.54,73909.37,74672.34,70500.0,23929991762.964764,71202.9,16383639137.9523,2203.671630859375,4889.89990234375,5.553999900817871,22667.3,6655939.0,0.2698991231672936,,314618659220.0,1002201838.2871644,25928702240.958527,17968486.0,0.0006103236,0.7142,-2.988e-05
2026-03-19,69930.0,71246.55,71613.79,68793.35,22975992889.23062,69887.4,15294450396.1898,2137.423828125,4600.7001953125,5.433000087738037,22667.3,6655939.0,0.23742354095696,29374948.66073057,313966629739.0,966151414.8397176,25698619768.158703,18500848.0,0.0005979553,0.6651,-9.27e-06
2026-03-20,70510.73,69930.01,71367.0,69388.0,20182311405.0058,70472.7,13081138829.4624,2146.4970703125,4570.39990234375,5.34250020980835,22667.3,6655939.0,0.2291350700602278,,314561908893.0,956085963.7654024,25400804152.458942,,0.0006024137,0.6664,3.85e-06
2026-03-21,68918.12,70510.73,71100.94,68571.42,11837992994.2869,68881.5,5205605275.9253,2076.68994140625,4570.39990234375,5.34250020980835,22667.3,6655939.0,0.2339043135067693,31080134.51176869,314512928279.0,917823289.768721,24950715745.111195,6253921.0,0.0005991263,0.6888,-3.793333333333333e-06
2026-03-22,67859.0,68918.12,69588.79,67360.66,16085563508.727646,67830.6,9248443589.3247,2053.04833984375,4570.39990234375,5.34250020980835,22667.3,6655939.0,0.2297653799407517,34752289.29859114,314776296467.0,1077444735.215263,24683195028.6108,12767839.0,0.0005805593,0.7866,-3.485333333333333e-05
2026-03-23,70906.45,67859.0,71817.09,67445.18,27545598174.11386,70865.9,20370260333.7558,2152.14599609375,4404.10009765625,5.439499855041504,22667.3,6655939.0,0.2058561174950978,35403134.78180417,314613340686.0,1064142947.2966102,24641761698.72712,25047242.0,0.0006049905,0.7886,-1.594e-05
2026-03-24,70556.74,70906.45,71400.0,68923.07,21770605829.45774,70523.9,13772645263.8223,2155.704345703125,4399.2998046875,5.422500133514404,22667.3,6655939.0,0.2345271907905915,27459623.00950329,314120014729.0,831361682.6634102,25387817613.11307,17772621.0,0.0006016701,0.6223,3.653333333333334e-05
2026-03-25,71336.53,70556.74,72026.09,70408.0,19040258267.989765,71297.5,11849218843.5443,2168.021484375,4549.7998046875,5.52899980545044,22667.3,6657161.0,0.2308407153675555,34002961.791479975,314394739064.0,1017586694.3699702,26282512926.08112,14979988.0,0.0006069956,0.7705,2.7016666666666665e-05
2026-03-26,68820.31,71336.53,71436.82,68153.0,21625279704.06172,68788.0,12951042505.3498,2059.578369140625,4375.5,5.446499824523926,22667.3,6657161.0,0.2411477063152385,35897886.7737673,314559010967.0,1097397412.304598,26819381308.743763,15918621.0,0.0005859544,0.8154,5.746666666666666e-06
2026-03-27,66407.28,68820.31,69179.05,65548.25,25877391413.68907,66364.2,14210587774.4208,1991.27197265625,4492.0,5.4670000076293945,22667.3,6657161.0,0.2154582444726446,31899708.54559761,314088057319.0,1010935805.1992872,27420062095.363125,17385350.0,0.0005633189,0.7252,-3.071333333333333e-05
2026-03-28,66377.03,66407.28,67288.94,65932.09,762676255.4470605,66334.8,5950578006.8388,1992.694580078125,4492.0,5.4670000076293945,22667.3,6657161.0,0.1823349474725633,36168753.968157895,313786032736.0,1157255453.1498902,26980839812.063576,6974209.0,0.0005646387,0.8209,-5.2883333333333336e-05
2026-03-29,66010.93,66377.04,67130.5,65000.0,667003517.6059871,65977.9,7312091384.9466,1982.5596923828125,4492.0,5.4670000076293945,22667.3,6657161.0,,29891210.18533513,313715212583.0,957728653.5246778,26673963661.65041,9439416.0,0.0005603792,0.679,-3.3833333333333333e-06
2026-03-30,66797.37,66010.93,68169.65,65800.59,1234617690.8920753,66764.4,12563731418.2445,2023.514892578125,4526.0,5.47599983215332,22667.3,6657161.0,0.1887950438187639,28513162.957612444,314023371055.0,904521501.8500684,26141016099.962704,17139034.0,0.0005671274,0.6469,5.166666666666667e-06
2026-03-31,68284.48,66797.38,68589.49,65998.05,1490168487.4548745,68241.5,16388241988.4435,2104.708251953125,4647.60009765625,5.587500095367432,22667.3,6657161.0,0.1912905880948203,28624520.130217053,314329476534.0,904521501.8500684,25979044490.89776,20976592.0,0.0005793945,0.6495,-1.5226666666666668e-05
2026-04-01,68113.92,68284.49,69310.0,67578.75,1301708227.0745244,68086.5,10762216842.0174,2138.737060546875,4783.2001953125,5.624000072479248,22667.3,6675344.0,0.2079447894197906,34638428.27974036,314714605357.0,1077444735.215263,26336268521.72644,14982012.0,0.0005782596,0.7851,-1.111e-05
2026-04-02,66901.99,68113.92,68653.38,65712.12,1349223461.5270572,66868.5,12579517168.5344,2056.8525390625,4651.5,5.563000202178955,22667.3,6675344.0,0.2096160380027378,30353312.33952436,314924022289.0,964379542.695361,25566977620.46032,17198314.0,0.0005673301,0.6866,-1.010666666666667e-05
2026-04-03,66964.3,66901.99,67370.42,66282.0,763535606.9777882,66930.0,5293680077.2063,2053.38525390625,4651.5,5.563000202178955,22667.3,6675344.0,0.1932199446490001,26517760.49162922,315148827928.0,900036039.4277526,25595963124.27509,7413623.0,0.0005675168,0.626,-3.596666666666667e-06
2026-04-04,67300.42,66964.29,67562.93,66775.91,494932017.4232442,67271.0,3410098603.0277,2065.3515625,4651.5,5.563000202178955,22667.3,6675344.0,0.193961957640892,25162084.085050005,315546263140.0,828969678.3136718,25873574390.555054,3558205.0,0.0005701735,0.5726,3.175666666666667e-05
2026-04-05,69034.18,67300.42,69136.2,66611.66,791661977.3234502,68997.9,7083232336.5034,2108.99560546875,4651.5,5.563000202178955,22667.3,6675344.0,0.1987884258272317,33445523.55458401,315491409746.0,1098384831.4750333,26666433539.766056,7721189.0,0.0005840876,0.7605,2.7026666666666667e-05
2026-04-06,68853.66,69034.18,70351.46,68300.0,1408020173.0961628,68817.9,11569303168.5605,2107.761474609375,4656.7998046875,5.583499908447266,22667.3,6675344.0,0.2008583145015232,27736882.252689213,315501872048.0,884234328.1768135,26696846671.49021,15080238.0,0.0005830271,0.6323,4.346666666666667e-05
2026-04-07,71924.22,68853.66,72761.0,67732.01,1649637855.842697,71890.2,16182279542.8739,2241.806640625,4657.10009765625,5.54449987411499,22667.3,6675344.0,0.222512584467444,29922291.72864954,315177509784.0,953315130.5581044,27415303750.38767,19727882.0,0.0006084691,0.6763,3.593666666666667e-05
2026-04-08,71069.93,71924.22,72857.0,70707.23,1418484188.0521238,71038.1,13133483725.5291,2190.33544921875,4749.5,5.759500026702881,22667.3,6693871.0,0.2287155188804569,33105494.79955909,315881919593.0,1022395942.8870316,27552772922.221603,14534392.0,0.0006011132,0.7544,3.877e-05
2026-04-09,71787.97,71069.93,73145.0,70466.0,1300323816.009336,71750.4,12590015134.5603,2189.14404296875,4792.2001953125,5.748000144958496,22667.3,6693871.0,0.244610646121328,32248867.13902428,315890094475.0,994763617.9554608,28233493273.832737,13178455.0,0.0006063711,0.7324,1.0353333333333336e-05
2026-04-10,72962.7,71787.98,73434.0,71426.15,1259195636.055663,72917.4,11339768854.1431,2245.148681640625,4761.89990234375,5.870500087738037,22667.3,6693871.0,0.2521471084554792,28285658.03716727,316090515426.0,863510089.4519536,29929251467.89778,10678925.0,0.0006150599,0.6446,2.273333333333333e-06
2026-04-11,73043.16,72962.71,73790.0,72513.09,662437113.7096702,73013.4,5853687218.5443,2285.39013671875,4761.89990234375,5.870500087738037,22667.3,6693871.0,0.2607165815572833,28055099.224159166,316779165454.0,849693926.986168,29879145506.15077,5683827.0,0.0006163075,0.6399,-6.687666666666666e-05
2026-04-12,70740.98,73043.16,73137.24,70505.88,962825891.8165911,70711.1,9619397053.2532,2192.201171875,4761.89990234375,5.870500087738037,22667.3,6693871.0,0.2656319152277261,34664114.95486569,316891294091.0,1070752506.5434624,27583781988.56743,8278737.0,0.0005966093,0.7896,-4.044333333333333e-05
2026-04-13,74417.99,70741.56,74900.0,70566.99,1753370318.184166,74385.0,15429798791.7153,2370.71484375,4742.39990234375,5.97599983215332,22667.3,6693871.0,0.2374960071271342,33287716.347958684,316945975649.0,1022395942.8870316,30089431784.1342,13039245.0,0.0006281519,0.7562,-1.942e-05
2026-04-14,74131.55,74418.0,76038.0,73795.47,1982728989.60722,74106.9,13694374804.034,2323.30859375,4825.0,6.070499897003174,22667.3,6693871.0,0.2627240031707593,38223678.17367999,317091782481.0,1132925232.6656787,30952837090.332684,12307240.0,0.0006244814,0.8718,-2.785333333333333e-05
2026-04-15,74809.99,74131.55,75425.0,73514.0,1071448612.537022,74776.2,9730355811.3352,2359.43701171875,4800.0,6.072000026702881,22667.3,6705696.0,0.2714154796770689,29044058.33987549,318172155793.0,863510089.4519536,30777096328.445587,11022881.0,0.0006285492,0.6629,-7.183e-05
2026-04-16,75154.29,74809.99,75534.76,73309.85,1274894123.7496114,75106.8,11801394012.9651,2348.64501953125,4785.39990234375,6.066500186920166,22667.3,6705696.0,0.2767852198181415,35485158.18308732,318217671656.0,1050028267.8186024,30642435521.58952,12023914.0,0.0006315841,0.8106,-2.8280000000000004e-05
2026-04-17,77072.0,75154.28,78333.0,74529.4,1987343208.84067,77030.6,18324625150.3757,2421.07177734375,4879.60009765625,6.114500045776367,22667.3,6705696.0,0.2788500484106965,33603430.40593717,318885634362.0,967334466.916483,33711189409.671227,14833141.0,0.0006480769,0.7654,-1.5703333333333333e-05
2026-04-18,75691.76,77072.01,77420.08,75445.16,698008567.9340073,75653.8,8076569348.8235,2351.1005859375,4879.60009765625,6.114500045776367,22667.3,6705696.0,0.3007750372956385,36565633.73504915,319651508023.0,1031290054.5634836,30948587441.51008,7187877.0,0.0006359147,0.8346,-6.588666666666667e-05
2026-04-19,74773.97,75691.76,76240.66,74427.53,723588396.4275244,74740.0,7874587967.5758,2288.9599609375,4879.60009765625,6.114500045776367,22667.3,6705696.0,,,319595152829.02,,,,,,-9.296666666666669e-05
2026-04-21,76336.15,75840.97,76927.57,74821.57,19913181407.65464,76288.2,12500416813.7038,2327.970458984375,4698.39990234375,6.001500129699707,22804.5,6705696.0,0.2890120687240388,32008746.243844472,318950201695.0,909961812.8501323,30364877161.53079,,0.0006400492,0.733,-6.001e-05
2026-04-23,78257.48,78178.22,78662.5,76960.0,21713005383.848816,78216.8,13417395909.757,2331.513916015625,4705.10009765625,6.075500011444092,22804.5,6705696.0,0.3131569993029091,29461943.10311792,319148783132.0,815595404.7855839,32003375786.97729,12417468.0,0.0006550457,0.6743,-6.039666666666666e-05
2026-04-24,77437.13,78257.48,78581.93,77264.08,17854126334.69728,77395.4,9945529700.8213,2315.690185546875,4722.2998046875,6.023499965667725,22804.5,6705696.0,0.3081183701443415,36259606.18681377,318886644828.0,1004328220.9146812,31151163645.73913,9070709.0,0.0006479651,0.8296,-4.948666666666667e-05
2026-04-25,77625.0,77437.13,77885.35,77140.23,8780475892.176735,77585.0,3610097135.4857,2318.8291015625,4722.2998046875,6.023499965667725,22804.5,6705696.0,0.30407396998615,33931102.62168196,318639173316.0,943664100.0580056,30960807141.50129,3319537.0,0.0006491522,0.7772,-4.3370000000000007e-05
2026-04-26,78657.55,77625.0,78961.0,77326.51,11167787972.82348,78613.5,6242573929.5112,2369.72900390625,4722.2998046875,6.023499965667725,22804.5,6705696.0,0.3027146791860012,36322849.51406301,318717044788.0,1004328220.9146812,31410805451.92033,5927664.0,0.0006551828,0.8317,1.9633333333333333e-06
2026-04-27,77371.32,78657.55,79485.66,76459.64,19762618619.40156,77331.2,13145988361.7206,2303.06396484375,4675.39990234375,6.01800012588501,22804.5,6705696.0,,33568160.54905276,318769082925.0,930183183.2336048,31310131329.43565,10526534.0,0.0006455068,0.768,-4.696e-05
2026-04-29,75780.0,76342.78,77904.93,74937.52,21571161724.401367,75749.9,14249560003.828,2253.415771484375,4545.2001953125,5.878499984741211,22804.5,6699950.0,0.2934,30353279.275749546,318738047380.0,856038145.5525278,,10966803.0,0.0006328355,0.6976,6.786666666666667e-06
2026-04-30,76346.57,75780.0,76669.14,75323.65,15587196713.863956,76305.4,7592288630.2618,2256.251220703125,4614.7001953125,5.926000118255615,22804.5,6699950.0,0.298,33296752.838248733,317963232547.0,943664100.0580056,30312696141.003662,8367088.0,0.0006363173,0.7648,-2.987e-05
2026-05-01,78231.13,76346.58,78914.12,76320.42,20671539225.256207,78192.0,11910926993.1926,2295.09375,4629.89990234375,5.932000160217285,22804.5,6699950.0,0.3134,38357022.1750482,318574839422.0,1064992341.7713568,32783382051.21374,9320908.0,0.0006508754,0.881,-2.899666666666667e-05
2026-05-02,78686.85,78231.13,79199.48,78040.0,8902070911.68977,78652.9,4033520631.7541,2316.23193359375,4629.89990234375,5.932000160217285,22804.5,6699950.0,0.3191,33310201.026669446,318979223239.0,896831740.5704167,32792150607.850468,3886151.0,0.00065489,0.7655,-2.8216666666666667e-05
2026-05-03,78568.57,78686.84,79447.0,78084.08,584294330.4516287,78529.0,5665696047.9264,2321.6357421875,4629.89990234375,5.932000160217285,22804.5,6699950.0,0.317,,320342350473.0,1000953351.3604596,,5206245.0,0.0006536022,0.8584,5.316666666666667e-06
2026-05-05,80905.52,79861.01,81791.48,79808.72,20501019873.25276,80861.9,13859497343.3122,2361.1826171875,4555.7998046875,5.942999839782715,22804.5,6699950.0,0.3359,37993911.39464762,319934590501.0,987782911.5285888,36063581361.30259,10012950.0,0.0006722139,0.8747,-4.416333333333333e-05
2026-05-06,81447.01,80905.53,82850.0,80731.14,21503276078.66061,81390.1,12927894460.9271,2350.802001953125,4681.89990234375,6.136499881744385,22804.5,6709505.0,0.3391,35953033.83339887,320627081217.0,928515937.0265276,34623325636.72242,11066499.0,0.0006752484,0.8279,-6.353e-05
2026-05-07,80006.0,81447.01,81708.32,79500.0,19237972726.743607,79969.4,10847675002.3061,2291.107666015625,4699.7998046875,6.127500057220459,22804.5,6709505.0,0.3292,34522158.95062864,320898056914.0,935101152.2011052,33286655062.87767,10602215.0,0.0006638149,0.8249,-4.479333333333333e-05
2026-05-08,80193.17,80006.0,80500.0,79181.48,16857430987.935436,80155.2,8526573357.1195,2306.97216796875,4720.39990234375,6.249000072479248,22804.5,6709505.0,0.3295,36714861.97599904,321156564282.0,968027247.0394244,32896671122.8848,8365230.0,0.0006647635,0.8465,-2.1776666666666668e-05
2026-05-09,80678.4,80193.18,81080.0,80129.85,9025574801.627705,80634.0,4503617575.0946,2326.727294921875,4720.39990234375,6.249000072479248,22804.5,6709505.0,0.334,43000412.94672752,319834662806.0,1126072515.539159,33174731721.76494,4043166.0,0.0006685734,0.9922,5.646666666666665e-06
2026-05-10,82210.07,80678.41,82479.32,80279.77,12831759619.17036,82177.7,7710867902.2652,2369.0439453125,4720.39990234375,6.249000072479248,22804.5,6709505.0,0.3469,37977875.05180835,52942620322.0,987782911.5285888,33841458674.422707,,0.0006818446,0.8762,3.493333333333333e-05
2026-05-12,80504.47,81745.66,81788.0,79843.59,15881783582.25068,80461.0,9789139740.0945,2274.6435546875,4677.60009765625,6.485000133514404,22804.5,6709505.0,0.3316,33826997.992144994,321050092597.0,882419402.3563374,33217360476.907887,8053042.0,0.000665459,0.7821,3.194666666666667e-05
2026-05-13,79313.61,80504.47,81324.64,78754.65,17346895099.170982,79288.3,11167790014.5136,2257.576416015625,4697.7001953125,6.635499954223633,22804.5,6728502.0,0.3216,34851569.82061474,320812193344.0,915345497.194657,33443482706.039,8426546.0,0.0006552399,0.8058,4.184333333333333e-05
2026-05-14,81089.99,79313.61,82048.13,78922.0,21769307099.657795,81048.9,14166202818.0762,2280.934814453125,4678.10009765625,6.567500114440918,22804.5,6728502.0,0.3363,37903441.67000302,320537100602.0,994368126.703166,34147758422.10741,10385741.0,0.000669498,0.8768,3.65e-05
2026-05-15,79113.21,81090.0,81664.45,78659.0,19352817113.94476,79074.0,12292172672.2623,2223.328857421875,4555.7998046875,6.251500129699707,22804.5,6728502.0,0.3201,36278092.47698712,320718787242.0,964723444.1105752,32385970527.5085,10321745.0,0.0006529745,0.8405,-1.528e-05
2026-05-16,78148.05,79113.2,79227.77,77640.0,13269751034.349264,78104.2,6745204001.3567,2179.751953125,4555.7998046875,6.251500129699707,22804.5,6728502.0,0.3123,36993384.22062067,321381993388.0,1025406922.0646992,32454290801.50513,5616863.0,0.0006451217,0.8571,2.894333333333333e-05
2026-05-17,77457.67,78148.05,78599.99,76735.16,10580189882.859137,77430.4,6712948169.9698,2127.645263671875,4555.7998046875,6.251500129699707,22804.5,6728502.0,0.3087,40697281.89198457,321477594442.0,950708403.3976226,31467027904.208096,5951404.0,0.0006408761,0.7923,1.7536666666666668e-05
2026-05-19,76834.36,77001.88,77414.62,76144.71,14021101229.07719,76799.9,7603377917.7864,2109.9638671875,4506.2998046875,6.164999961853027,22804.5,6728502.0,0.3004,34074170.86250738,321462448579.0,964289953.135156,31605113339.723843,8179347.0,0.0006325186,0.792,5.178666666666667e-05
2026-05-20,77552.23,76834.36,77853.04,76516.74,14348520746.41594,77510.3,8314023123.8036,2126.9833984375,4531.2998046875,6.290500164031982,22804.5,6713643.0,0.3061,36682728.81068119,321725041021.0,1032197701.8228234,31410260298.038147,8304510.0,0.0006372523,0.8529,6.031666666666666e-05
2026-05-21,77615.52,77552.24,78200.0,76719.47,14070676040.49616,77586.2,9079126567.9011,2131.41064453125,4539.7998046875,6.256999969482422,22804.5,6713643.0,0.3083,30770015.644631777,320400560829.0,862428334.9930127,31163379806.689827,10181202.0,0.0006384809,0.7169,4.019333333333333e-05
2026-05-22,75539.5,77615.52,77900.0,75359.18,14916108371.36962,75513.1,8909928951.1865,2064.636962890625,4521.0,6.3420000076293945,22804.5,6713643.0,0.2888,37481582.61381862,321207261070.0,1059360791.5191752,31665200276.289032,10569414.0,0.000620327,0.8745,1.8783333333333334e-05
2026-05-23,76752.01,75539.5,77404.18,74289.6,15950489415.443829,76715.2,11619846136.9379,2115.951416015625,4521.0,6.3420000076293945,22804.5,6713643.0,0.2996,38728577.217733786,321309205808.0,1113686990.469309,31451200339.900986,11646530.0,0.0006298214,0.9039,3.416333333333333e-05
2026-05-24,77064.96,76752.0,77543.15,76108.0,15134969867.498655,77030.3,6995184441.0506,2097.993896484375,4521.0,6.3420000076293945,22804.5,6713643.0,0.3031,31391010.02137864,321208640179.0,889591434.4680796,30928886720.750164,7378377.0,0.0006324961,0.7339,7.199666666666666e-05
2026-05-25,77322.01,77064.96,77905.52,76914.25,10500119992.244043,77281.5,5935318058.4616,2111.370361328125,,,22804.5,6713643.0,0.3053,38654590.77842169,320912919436.0,1120477760.4487183,31484869137.47094,6150411.0,0.0006341622,0.9319,3.834e-05
2026-05-26,75930.01,77322.01,78080.0,75677.97,1299609317.6975915,75905.5,12654056290.2857,2070.858154296875,4500.39990234375,6.361000061035156,22804.5,6713643.0,0.2927,33291754.89629748,320789196014.0,943917633.4182136,30680997886.38328,10766466.0,0.0006222666,0.778,5.895333333333334e-05
2026-05-27,74449.3,75930.01,76174.15,74243.99,1270680262.9088244,74418.1,10884781930.5444,2022.1982421875,4447.5,6.304999828338623,22804.5,6704383.0,0.2779,32940398.695925064,320877177631.0,950708403.3976226,31565082884.635445,9261693.0,0.0006088473,0.7722,9.620666666666668e-05
2026-05-28,73617.51,74449.31,74590.77,72582.82,1560808525.5072746,73591.4,13158313710.1554,2007.552734375,4499.2998046875,6.395999908447266,22804.5,6704383.0,0.2707,37116359.35052346,320222118180.0,1100105440.7317758,32115020279.138577,10448135.0,0.0006018819,0.872,8.337e-05
2026-05-29,73460.78,73617.52,74514.1,72512.49,1376106492.906427,73428.2,10744239263.3423,2011.978515625,4560.5,6.359499931335449,22804.5,6704383.0,0.2704,32126595.392936982,319223710413.0,960163852.3585032,31123678960.51388,8105814.0,0.0006008629,0.7553,7.364333333333333e-05
2026-05-30,73884.38,73460.78,74143.76,73216.0,553989386.1115208,73856.8,3872898602.558,2019.458251953125,4560.5,6.359499931335449,22804.5,6704383.0,0.2744,32672566.58388229,318622337888.0,980866172.3203554,31558339650.105133,3125543.0,0.0006037632,0.7686,4.803333333333333e-05
2026-05-31,73674.39,73884.38,74275.66,73400.0,515907532.5891972,73653.2,4298158210.9843,2004.341552734375,4560.5,6.359499931335449,22804.5,6704383.0,0.2727,33194291.19110213,318428354515.0,994681189.9526772,31350895161.311,3946269.0,0.0006016456,0.7821,5.361e-05
2026-06-01,71408.9,73674.39,74092.0,70686.68,1723958338.6828775,71391.5,15378872728.3725,2003.22119140625,4475.2001953125,6.52400016784668,22804.5,6704383.0,0.2504,30444115.31691726,318163365657.0,932513615.5806348,31055032198.402504,10882369.0,0.0005833132,0.7179,6.713666666666667e-05
2026-06-02,66760.83,71408.9,71408.9,66193.0,2253348577.983128,66730.0,23712505169.3278,1857.71630859375,4489.10009765625,6.649499893188477,22804.5,6704383.0,0.1995,23516009.894850034,318220625226.0,759825910.0968298,29503304842.74987,16770904.0,0.0005447401,0.5603,8.111666666666667e-05
2026-06-03,64142.75,66760.84,67516.0,64092.49,1998349981.892944,64117.7,20585781398.0473,1811.7322998046875,4436.7001953125,6.480999946594238,22804.5,6711495.0,0.1706,22350693.02173849,317718674063.0,746010892.4645078,28405829803.830444,16883649.0,0.0005245848,0.5303,7.464666666666667e-05
2026-06-04,63885.99,64142.75,64764.32,61383.56,2759349733.489383,63853.4,27310650403.739,1769.58056640625,4475.7998046875,6.511000156402588,22804.5,6711495.0,0.1606,28102046.30696272,316751478051.0,980866172.3203554,26927584461.33739,26459374.0,0.0005173682,0.6657,1.049e-05
2026-06-05,61056.47,63885.99,63978.0,59130.91,3379021750.503328,61022.0,29361378809.9244,1580.86083984375,4365.2998046875,6.2845001220703125,22804.5,6711495.0,0.1236,25969675.87649857,315462361271.0,932513615.5806348,25645872211.719826,31510536.0,0.0004944118,0.6173,-3.2633333333333336e-06
2026-06-06,60884.62,61056.47,61530.05,59500.0,1202325958.4682336,60849.7,10605474090.515,1568.7677001953125,4365.2998046875,6.2845001220703125,22804.5,6711495.0,0.1268,23130955.521400064,314986169808.0,842716005.943949,25281947243.818504,14841596.0,0.0004958993,0.5488,3.0999999999999995e-06
2026-06-07,63332.01,60884.62,64234.68,60746.0,20688422615.49097,63298.5,13517713522.3448,1686.396240234375,,,22804.5,6711495.0,0.1598,22704686.53585095,314490952183.0,808178466.8365504,25141953590.367035,,0.0005151708,0.5378,1.0699999999999993e-06
2026-06-08,63085.99,63332.01,64200.0,62408.0,20079514560.238293,63057.9,11686149262.5016,1690.1485595703125,4335.89990234375,6.329500198364258,22804.5,6711495.0,0.1584,25133725.72600585,314336792887.0,877253545.0513477,25168128779.30397,15246511.0,0.0005138267,0.5975,2.3696666666666663e-05
2026-06-09,61730.0,63086.0,63526.01,60780.0,23466230165.53029,61695.0,13747227695.6087,1637.7066650390625,4260.0,6.302499771118164,22804.5,6711495.0,0.1411,24114114.910964537,315100138987.0,856531023.5762707,24896823242.6086,14236783.0,0.0005028388,0.575,6.939999999999999e-06
2026-06-10,61510.99,61730.0,62857.99,60755.0,16138149528.705317,61483.7,11904619873.8146,1620.1376953125,4108.2001953125,6.249000072479248,22804.5,6725397.0,0.1369,24282547.920166537,313966486533.0,870346041.2085927,24842075939.44233,16758731.0,0.0004998444,0.5787,-1.593333333333334e-06
2026-06-11,63625.99,61510.99,63933.02,61510.99,16491946020.152586,63597.9,12203645517.4952,1672.2806396484375,4090.300048828125,6.258999824523926,22804.5,6725397.0,0.1656,26526907.98486572,313894320616.0,932513615.5806348,25863985864.49315,13202371.0,0.0005165143,0.6326,1.4833333333333332e-05
2026-06-12,63580.01,63626.0,64394.44,62829.81,15540884327.375856,63547.0,9269070492.5146,1665.1278076171875,4215.0,6.430500030517578,22804.5,6725397.0,0.1656,29189247.44948237,313671026609.0,1015403711.427754,25404648289.522125,10540171.0,0.000516135,0.6988,6.609999999999999e-06
2026-06-13,64458.01,63580.0,64762.77,63418.66,9666378685.406244,64418.2,4875081330.9115,1680.214599609375,4215.0,6.430500030517578,22804.5,6725397.0,0.1765,24774993.79923827,313348017371.0,854439838.152652,26441173049.092915,5029327.0,0.0005225844,0.5932,2.118333333333333e-05
2026-06-14,65746.45,64458.01,65800.0,63678.83,853654539.2638302,65702.1,7543356645.1326,1724.61328125,4215.0,6.430500030517578,22804.5,6725397.0,0.1911,29399489.87476749,313356572553.0,906725183.392705,27059314623.958984,6750087.0,0.0005318754,0.7045,-4.144e-05
2026-06-15,66328.74,65746.45,67292.15,65354.0,18542514561.09171,66285.9,11128369131.6187,1794.961181640625,4328.0,6.482500076293945,22804.5,6725397.0,0.201,30991603.425932307,313342892640.0,931566971.1991992,27484908237.790527,10008405.0,0.0005378954,0.7447,-8.833333333333334e-06
2026-06-16,65675.01,66328.74,66992.0,65360.92,14508032481.877148,65644.8,8530166441.4165,1790.398193359375,4330.89990234375,6.488999843597412,22804.5,6725397.0,0.1935,33435292.563797552,313812785457.0,1006092325.6756396,26952759136.731422,9143713.0,0.0005317782,0.8038,-4.306666666666666e-06
2026-06-17,64509.4,65675.02,66445.93,63915.77,18665132028.780533,64472.9,12993715717.6897,1747.885498046875,4358.89990234375,6.481500148773193,22804.5,6736424.0,0.178,26896891.719544034,313694572767.0,819778935.0130172,25816453453.22628,12847595.0,0.0005222253,0.647,-2.436666666666666e-05
2026-06-18,62958.01,64509.4,64806.0,62272.07,17646130360.686123,62924.1,11913345414.7855,1709.533447265625,4224.10009765625,6.374499797821045,22804.5,6736424.0,0.1586,32794371.267530825,313135906719.0,1024723662.0589892,25701577042.780483,11332915.0,0.0005096845,0.7911,1.8013333333333333e-05
2026-06-19,63543.91,62958.01,63666.0,62316.44,13149550328.717045,63512.6,7054926729.8511,1710.982421875,4224.10009765625,6.374499797821045,22804.5,6736424.0,0.1669,29663421.820613194,313119397699.0,937777413.6793016,25977856622.71698,8061801.0,0.0005142922,0.7154,3.615333333333333e-05
2026-06-20,64298.01,63543.9,64388.0,63184.21,10095899917.348429,64270.0,6097926299.7573,1739.3013916015625,4224.10009765625,6.374499797821045,22804.5,6736424.0,0.1764,30855543.185782284,313291398865.0,962619201.4857962,26024365813.24033,6250547.0,0.0005199952,0.7447,4.144e-05
2026-06-21,63311.99,64298.01,64588.0,63270.0,9167977781.182774,63287.1,5440812226.5408,1704.58056640625,4224.10009765625,6.374499797821045,22804.5,6736424.0,0.163,28231237.7138422,313339698714.0,832199828.9162643,25777863986.800068,5728779.0,0.000511709,0.6485,2.667e-05
2026-06-22,64020.01,63312.0,65622.83,63312.0,15712275423.502754,63990.2,10442533457.2388,1726.5108642578125,4181.89990234375,6.356500148773193,,,0.1722,31363843.740768056,313354181008.0,968829643.965898,25877690226.472435,12126080.0,0.0005170588,0.7581,4.299666666666667e-05
2026-06-23,62734.57,64020.01,64275.38,61938.0,17283537388.657036,62696.7,10846658707.2452,1665.436767578125,4129.89990234375,6.140999794006348,,,0.1558,33931634.39812277,313430988409.0,1074407237.671978,25511017961.40287,10497890.0,0.0005064548,0.8213,1.269e-05
2026-06-24,61077.99,62734.57,63239.06,59102.7,25189940224.453754,61051.2,16952133814.0803,1619.9249267578125,3990.300048828125,5.942999839782715,,6735645.0,0.1319,29713496.02782296,313024091969.0,962619201.4857962,25725411160.98538,15684443.0,0.0004919562,0.7226,1.4383333333333332e-05
2026-06-25,59794.0,61078.0,61962.4,58115.01,24046414151.33068,59771.9,18118740546.7246,1564.816650390625,4030.5,6.070499897003174,,6735645.0,0.1164,31878530.77383497,312696748610.0,1055775901.2886288,25352824228.716347,16808883.0,0.0004825166,0.7778,-5.486666666666665e-06
2026-06-26,60097.27,59794.64,60759.99,58337.0,23799516013.6801,60072.0,16822758418.5105,1576.6160888671875,4078.699951171875,6.141499996185303,,6735645.0,0.1203,28829315.59804492,312611418901.0,962619201.4857962,25014473158.82148,16977763.0,0.0004839036,0.7015,6.17e-05
2026-06-27,60029.0,60097.27,60941.17,59855.16,9398425599.394896,60000.3,4907885655.0171,1571.5882568359375,4078.699951171875,6.141499996185303,,6735645.0,0.12,31652281.24173575,311387097558.0,1113992357.1239765,24954151072.730217,5837953.0,0.0004835084,0.768,4.427e-05
2026-06-28,59577.01,60029.01,60545.01,58905.0,9936539405.046038,59550.2,6193593269.8492,1570.3612060546875,4078.699951171875,6.141499996185303,,6735645.0,0.1149,24108367.158600274,311368188120.0,858457137.2107625,25093721819.54248,7567422.0,0.0004804189,0.5868,3.3476666666666664e-05
2026-06-29,60260.21,59577.01,60780.57,58900.01,18391417268.86379,60224.7,13640923265.6366,1610.205810546875,4022.300048828125,6.097499847412109,,,0.1251,23379607.07143034,311193798599.0,831838318.6049633,25244752273.928986,15758357.0,0.0004852791,0.5702,6.404666666666666e-05
2026-06-30,58624.71,60260.2,60276.54,58201.0,18311633102.61544,58605.4,11294873694.8577,1569.5838623046875,4022.89990234375,6.192500114440918,,,0.1018,27465661.68250048,310683233216.0,991551268.5708677,26102943588.6822,13270047.0,0.0004718373,0.6708,5.950333333333333e-05
2026-07-01,60024.0,58624.71,61334.0,57800.19,20019792189.617767,59999.6,15695432641.0252,1608.960693359375,4068.300048828125,6.123499870300293,,6724564.0,0.1233,26526789.15211157,309713768979.0,951623035.8707803,25472879246.08133,14195915.0,0.0004830633,0.6476,4.819333333333333e-05
2026-07-02,61560.0,60024.0,62200.0,59588.0,19973714285.68396,61540.6,14413324176.5046,1698.16943359375,4112.7001953125,6.114500045776367,,6724564.0,0.1453,24940574.32747117,309721888265.0,871766551.3050507,26562150576.336445,15986417.0,0.0004950048,0.6104,6.166666666666667e-05
2026-07-03,62583.26,61560.0,62979.86,61248.86,12938464552.90865,62565.5,8221425342.5955,1756.5186767578125,4112.7001953125,6.114500045776367,,6724564.0,0.1589,29197212.3450825,309498974361.0,1004860682.665156,27249489679.519283,9461736.0,0.0005029356,0.7152,7.913333333333334e-05
2026-07-04,63144.01,62583.26,63461.99,62328.24,9067339679.654367,63114.8,5005363317.9037,1779.032958984375,4112.7001953125,6.114500045776367,,6724564.0,0.1664,30188189.99887748,309376299276.0,1024824799.0151995,27226395315.81884,6322760.0,0.0005071636,0.7406,9.826666666666668e-05
2026-07-05,63650.0,63144.01,63999.0,62436.59,9258600399.013758,63617.1,5838939676.6096,1783.0059814453125,4112.7001953125,6.114500045776367,,6724564.0,0.1726,25143111.05333837,309348200906.0,851802434.9550071,27308826517.2444,6885838.0,0.0005106926,0.6171,9.004666666666667e-05
2026-07-06,64042.02,63650.01,64700.0,61306.84,17513493087.805027,64023.6,15274506289.3918,1797.57373046875,4155.10009765625,6.177999973297119,,,0.1784,22871831.94833068,309226549722.0,771945959.9720547,26539621065.99908,16981130.0,0.0005139035,0.5638,7.939999999999999e-05
2026-07-07,63363.99,64042.93,64314.0,62671.39,15534679307.121056,63335.4,11244581262.0986,1768.511474609375,4145.2998046875,6.171500205993652,,,0.1694,27741391.62488298,308791149394.0,931658909.9379592,25932624917.16528,14428092.0,0.0005080061,0.6848,7.539000000000001e-05
2026-07-08,62290.0,63364.0,63761.99,61544.56,15308089211.425907,62255.3,10156440443.1993,1742.6776123046875,4070.89990234375,6.054500102996826,,6735609.0,0.1544,25927129.76344924,306838833161.0,885075965.3993391,26018441254.332924,13620553.0,0.0004987252,0.6395,4.247e-05
2026-07-09,63230.0,62290.01,63500.0,61705.29,1050849813.269484,63197.0,9464862498.7085,1744.484619140625,4130.60009765625,6.215000152587891,,6735609.0,0.168,24487994.203182034,306868734590.0,831838318.6049633,26310577253.85036,12659875.0,0.0005065853,0.6064,5.895666666666667e-05
2026-07-10,64161.72,63230.01,64692.83,62926.01,1126097961.002051,64129.5,8884001490.3616,1795.6932373046875,4104.10009765625,6.233500003814697,,6735609.0,0.1804,25990739.57087036,307735514886.0,865111849.0492953,27211429365.042,9918011.0,0.0005135815,0.6448,8.604333333333334e-05
2026-07-11,63819.0,64161.72,64504.11,63819.0,587469874.5668087,63783.0,3443175595.1301,1788.099609375,4104.10009765625,6.233500003814697,,6735609.0,0.1763,27864956.810100444,307905907030.0,913015248.2724112,26922598540.009266,4146970.0,0.0005106326,0.6928,5.032666666666667e-05
2026-07-12,63780.0,63819.01,64290.11,63640.83,889938572.3679434,63750.0,3842437074.5187,1805.7880859375,4104.10009765625,6.233500003814697,,6735609.0,0.1759,28779622.91604468,307840988693.0,910321900.5977668,26689021419.17348,4928176.0,0.0005101313,0.7168,6.181333333333333e-05
2026-07-13,62334.52,63780.0,64425.0,61824.97,1361096729.9510434,62307.0,12292237296.2456,1773.500732421875,3997.0,6.232999801635742,,6735609.0,0.1579,28797819.48227865,307865532296.0,929286937.1591471,27420081720.125504,12201326.0,0.0004982363,0.7187,5.459e-05
2026-07-14,65043.98,62334.52,65100.0,62272.2,1310854500.6805303,65014.7,12181241959.761,1889.4798583984375,4061.10009765625,6.329999923706055,,6735609.0,0.192,30568156.15074358,306468261569.0,973538695.2045144,27558451937.4014,11841410.0,0.0005185545,0.7622,5.7783333333333326e-05
