date,mempool_size_bytes,mempool_tx_count,miners_revenue_usd,cost_per_tx_usd,total_fees_usd,n_transactions,sopr,nupl,sth_sopr,realized_price,sopr_ma7,sopr_ma30,sopr_below_1,nupl_ma30,nupl_capitulation,nupl_euphoria,sth_sopr_ma7,sth_capitulation,mempool_ma7,mempool_congestion,miners_revenue_ma30,miners_revenue_ratio
2019-01-01,1381534.5,3344.5,7012103.64869832,29.8350571576202,11.22870449,234725.0,0.9790313662285498,-0.1917,0.9830229456,4538.3172,0.9780469239628524,0.9749466334427012,1,-0.2754533333333333,1,0,0.9651600252571428,1,3090.6666666666665,1.0821289905090596,6521955.731005008,1.0751535180410956
2019-01-02,,,,,,,0.9952512684330824,-0.164,0.9643254917,4537.6789,0.9789006942103534,0.9733799764571972,1,-0.27298,1,0,0.9647309318428572,1,3090.6666666666665,,6521955.731005008,
2019-01-03,658652.0,1215.5,,,,,0.9808226546643468,-0.1978,0.9465861637,4532.9,0.9783610283594596,0.970826144139332,1,-0.2719233333333333,1,0,0.9610003323142856,1,2753.0,0.4415183436251362,6448463.870743833,
2019-01-04,,,,,,,0.9894755033329824,-0.1838,0.9869833157,4531.0815,0.9833782972806466,0.9745500829971652,1,-0.2689066666666667,1,0,0.9709609997571428,1,2753.0,,6448463.870743833,
2019-01-05,2989003.5,4951.0,8052390.56037927,30.0761974070409,12.27107591,265192.0,0.9958338791884164,-0.1925,0.9815426516,4529.8889,0.9841528558272596,0.9772128314705338,1,-0.2641166666666666,1,0,0.9743224748714284,1,3170.333333333333,1.5616654400168226,6648954.706948262,1.2110761638915055
2019-01-06,,,,,,,0.9839290711603464,-0.1192,0.9850636683,4528.4218,0.9854298617006988,0.9783477872181228,1,-0.2551933333333333,1,0,0.9735463244571428,1,3170.333333333333,,6648954.706948262,
2019-01-07,,,,,,,0.9877974293663973,-0.131,0.972797953,4525.231,0.9874487389105888,0.9787176071811834,1,-0.2471733333333333,1,0,0.9743317413714286,1,3170.333333333333,,6820523.646212417,
2019-01-08,224923.0,619.5,,,,,0.9895346181790238,-0.1328,0.9959814819,4522.7454,0.9889492034749422,0.978729385211578,1,-0.2409433333333333,1,0,0.9761829608428572,1,2262.0,0.2738726790450928,6820523.646212417,
2019-01-09,,,8518054.36444044,26.3872072254281,24.16978699,319056.0,0.9981125485780296,-0.1294,1.0042020177,4522.433,0.9893579577813634,0.9798957706162332,1,-0.2330533333333333,1,0,0.9818796074142856,0,2262.0,,7032714.98599092,1.2112042619967247
2019-01-10,480222.5,1038.0,,,,,0.8757136514135815,-0.2349,0.9896946905,4480.1793,0.9743423858883968,0.9783658274414028,1,-0.2280666666666666,1,0,0.9880379683857144,1,2202.833333333333,0.4712113187561473,7032714.98599092,
2019-01-11,,,,,,,0.9797489739433592,-0.2349,0.9954186574,4475.586,0.9729528816898791,0.978625160580176,1,-0.2240899999999999,1,0,0.9892430172,1,2202.833333333333,,7300189.878314281,
2019-01-12,1885631.0,3169.0,,,,,0.9873561035894356,-0.2368,0.9609814063,4473.4151,0.9717417708900248,0.9790834416621446,1,-0.218,1,0,0.986305696442857,1,1608.8333333333333,1.9697503366828968,7300189.878314281,
2019-01-13,,,6266417.92080623,22.5502377614146,14.17709438,276997.0,0.9849142071396336,-0.2742,0.9639732197,4470.5888,0.9718825046013516,0.9801266779831272,1,-0.2123566666666666,1,0,0.9832927752142858,1,1608.8333333333333,,7170968.383625775,0.8738593709484204
2019-01-14,,,,,,,0.9885402719204086,-0.2188,0.9203388558,4469.1158,0.9719886249662102,0.9808035265159974,1,-0.2047066666666666,1,0,0.9757986184714288,1,1608.8333333333333,,7170968.383625775,
2019-01-15,1242416.5,2657.0,,,,,1.011373274181652,-0.2486,0.8936182595,4471.5722,0.9751084329665858,0.9820282761626058,0,-0.1982533333333333,1,0,0.9611753009857144,1,2288.0,1.1612762237762235,7528734.687317093,
2019-01-16,,,,,,,0.9922815871343028,-0.2393,0.9758028678,4470.1149,0.9742754384746248,0.9823332951920388,1,-0.1956866666666666,1,0,0.9571182795714286,1,2288.0,,7528734.687317093,
2019-01-17,3427634.5,7707.5,5891153.31180589,19.537341888967,23.48759589,296695.0,0.9826937318574482,-0.2272,0.9699581755,4467.3484,0.9895583071094628,0.9832858764677712,1,-0.1947433333333333,1,0,0.9542987774285712,1,4511.166666666667,1.708538072191229,7324037.015378192,0.8043587572586411
2019-01-18,,,,,,,0.988526885025228,-0.237,0.9641107307,4465.0084,0.9908122944068726,0.983213813092957,1,-0.1946066666666666,1,0,0.9498262164714284,1,4511.166666666667,,7324037.015378192,
2019-01-19,1683962.5,2787.5,,,,,0.98601490326293,-0.2104,0.9817068631,4463.158,0.990620694360229,0.9827298069481798,1,-0.1973366666666667,1,0,0.9527869960142856,1,4384.0,0.6358348540145985,7410049.971440318,
2019-01-20,,,,,,,0.9869814010239946,-0.2607,0.9829269318,4460.8105,0.9909160077722806,0.9828332336950144,1,-0.1995666666666666,1,0,0.9554946691714284,1,4384.0,,7410049.971440318,
2019-01-21,,,6879083.71968765,21.1639368925715,19.91907516,315202.0,0.9931813753078008,-0.2611,0.945180832,4458.7027,0.991579022541908,0.9828422445989686,1,-0.2030766666666666,1,0,0.9590435229142856,1,4384.0,,7343679.189971235,0.9367353259496888
2019-01-22,2135205.5,5329.0,,,,,0.9626384641367876,-0.2438,0.9548740704,4449.4678,0.9846169068212132,0.9820130058953204,1,-0.2058166666666666,1,0,0.9677943530428572,1,5274.666666666667,1.0103008088978769,7343679.189971235,
2019-01-23,,,,,,,0.9902443206713344,-0.252,0.9756256563,4446.8367,0.9843258687550748,0.9819357602170636,1,-0.2097833333333333,1,0,0.9677690371142856,1,5274.666666666667,,7216862.821113077,
2019-01-24,875738.0,2131.5,,,,,0.994489233017622,-0.246,0.9764605444,4445.2278,0.9860109403493852,0.9823927941422704,1,-0.2107966666666666,1,0,0.9686979469571428,1,3416.0,0.6239754098360656,7216862.821113077,
2019-01-25,,,6309969.92281265,20.8480330491225,24.82339222,301085.0,0.9917357986502242,-0.2473,0.9662455831,4442.1105,0.9864693565815276,0.9824748248739252,1,-0.21236,1,0,0.9690029258714288,1,3416.0,,7103501.208825524,0.8882901174104151
2019-01-26,1878110.0,5162.0,,,,,0.9887454388979418,-0.2482,0.9763196203,4439.7463,0.986859433100815,0.9826129956498364,1,-0.2115333333333333,1,0,0.9682333197571428,1,4207.5,1.2268568033273917,7103501.208825524,
2019-01-27,,,,,,,0.987211972864318,-0.2544,0.9767033592,4437.6498,0.9868923719351468,0.9837082407158249,1,-0.2142466666666666,1,0,0.9673442379571427,1,4207.5,,6989881.921232922,
2019-01-28,,,,,,,0.9811036933074778,-0.2899,0.9673976507,4431.019,0.9851669887922436,0.9833979648473364,1,-0.2175766666666666,1,0,0.9705180692,1,4207.5,,6989881.921232922,
2019-01-29,1800893.0,5305.5,6364552.33446091,19.2259894890358,23.14980149,326162.0,0.9865928446982954,-0.3036,0.9595837491,4426.9455,0.9885890431581732,0.9837847253357374,1,-0.22142,1,0,0.9711908804428572,1,4199.666666666667,1.263314548773712,6911715.72288642,0.9208353742597204
2019-01-30,,,,,,,0.9887679674524368,-0.2862,0.9453449803,4421.8621,0.9883781355554736,0.984288147954246,1,-0.22325,1,0,0.9668650695857144,1,4199.666666666667,,6911715.72288642,
2019-01-31,6381996.0,11198.5,,,,,0.9935597321083798,-0.2958,0.964206908,4418.7765,0.9882453497112964,0.9847724268169072,1,-0.22672,1,0,0.9651145501,1,7222.0,1.5506092495153696,6897374.590627576,
2019-02-01,,,,,,,0.9934952336590952,-0.2818,0.9445152298,4415.9164,0.9884966975697064,0.9847138923244412,1,-0.2306466666666666,1,0,0.9620102139142858,1,7222.0,,6897374.590627576,
2019-02-02,683456.0,2120.0,6325531.02417506,19.5612192317031,18.92618462,322032.0,0.9951877825293736,-0.2751,0.9619751772,4414.4854,0.9894170323741964,0.985192729919942,1,-0.2332233333333333,1,0,0.9599610077571428,1,6208.0,0.3414948453608247,6825894.144821012,0.92669632578091
2019-02-03,,,,,,,0.990438539354562,-0.2929,0.9733963594,4412.8083,0.9898779704442316,0.9852248311206612,1,-0.23686,1,0,0.9594885792142858,1,6208.0,,6825894.144821012,
2019-02-04,,,,,,,0.9890457451204928,-0.2922,0.9523853492,4408.347,0.9910125492746624,0.9849985599850638,1,-0.2401833333333333,1,0,0.9573439647142856,1,6208.0,,6650680.3711698335,
2019-02-05,640487.0,1882.0,,,,,0.996347021884924,-0.2859,0.9741736693,4406.1372,0.9924060031584664,0.9854124916758832,1,-0.24574,1,0,0.9594282390285714,1,5066.833333333333,0.3714351501595342,6650680.3711698335,
2019-02-06,,,6985845.57387517,19.982624440426,21.79051765,349596.0,0.9932474403004762,-0.307,0.9463585279,4401.3394,0.9930459278510432,0.985594158707019,1,-0.2516066666666666,1,0,0.9595730315428572,1,5066.833333333333,,6692576.021508,1.0438201301598498
2019-02-07,5756532.0,6455.0,,,,,0.9929292554877756,-0.3093,0.9460012943,4397.648,0.9929558597623857,0.9857073132839772,1,-0.25749,1,0,0.9569722295857144,1,3485.6666666666665,1.8518695610595772,6692576.021508,
2019-02-08,,,,,,,0.9973152701069138,-0.2171,0.9648264064,4396.8767,0.9935015792549312,0.9856807373349402,1,-0.2604133333333333,1,0,0.9598738262428572,1,3485.6666666666665,,6431793.40108908,
2019-02-09,3016937.0,8402.0,,,,,0.99990681765102,-0.2141,0.9754746895,4396.4557,0.994175727129452,0.9898205095428548,1,-0.25972,1,0,0.961802328,1,5579.666666666667,1.5058247207121094,6431793.40108908,
2019-02-10,,,6454979.70124316,21.3504215563635,13.62075475,299609.0,0.9967272190289244,-0.207,1.0010910405,4396.0219,0.9950741099400752,0.990386451045707,1,-0.25879,1,0,0.9657587110142856,0,5579.666666666667,,6434691.68860834,1.0031529113773603
2019-02-11,,,,,,,0.9963561262141808,-0.2237,1.0002928107,4393.959,0.9961184500963164,0.9906864517998653,1,-0.2583533333333333,1,0,0.972602634085714,0,5579.666666666667,,6434691.68860834,
2019-02-12,15600203.5,15347.0,,,,,0.9961534393412862,-0.2239,0.9758955804,4391.1515,0.9960907954472252,0.9910610928732536,1,-0.2566766666666666,1,0,0.9728486213857144,1,10068.0,1.5243345252284466,6458730.798294356,
2019-02-13,,,,,,,0.9877896852393314,-0.2252,0.9582658985,4381.2572,0.995311116152776,0.9910360733172175,1,-0.25689,1,0,0.9745496743285714,1,10068.0,,6458730.798294356,
2019-02-14,3783414.5,9138.5,6566282.2719383,18.0831532401169,26.180398,354483.0,0.997908257312008,-0.2296,0.982083884,4379.886,0.9960224021276664,0.9905872394215628,1,-0.2562566666666666,1,0,0.97970433,1,10962.5,0.8336145952109464,6472174.732499849,1.0145403273749536
2019-02-15,,,,,,,0.9956916757724412,-0.228,0.9855343281,4377.8625,0.9957904600798846,0.990700909042834,1,-0.25588,1,0,0.9826626045285716,1,10962.5,,6472174.732499849,
2019-02-16,675058.5,2314.5,,,,,0.9762578370959838,-0.2202,0.9890171806,4374.218,0.992412034286308,0.990486379217452,1,-0.2556466666666666,1,0,0.9845972461142856,1,8933.333333333334,0.2590858208955223,6555177.792598986,
2019-02-17,,,,,,,0.9887523623317396,-0.207,0.994275974,4372.709,0.991272769043853,0.990493895127669,1,-0.2546466666666666,1,0,0.9836236651857144,1,8933.333333333334,,6555177.792598986,
2019-02-18,,,7556019.10851886,21.654393510917,29.40410079,344274.0,0.9969107572203092,-0.131,0.9930078287,4372.4221,0.9913520020447284,0.9908570902595816,1,-0.252,1,0,0.9825829534714284,1,8933.333333333334,,6680282.957088971,1.1310926733276436
2019-02-19,527331.5,1519.0,,,,,0.9961829802487452,-0.1219,1.0006245846,4370.3613,0.9913562221743656,0.9911638095670734,1,-0.2473733333333333,1,0,0.9861156683571428,0,4324.0,0.3512950971322849,6680282.957088971,
2019-02-20,,,,,,,1.0121789920647029,-0.1125,1.0195419425,4374.0289,0.9948404088637044,0.99179706345897,0,-0.24242,1,0,0.9948693889285716,0,4324.0,,6651882.848146303,
2019-02-21,9269195.5,14682.0,,,,,0.9553069824,-0.123,1.0081926889,4371.0155,0.9887545124477032,0.9915526807344104,1,-0.2383933333333333,1,0,0.9985992182,0,6171.833333333333,2.378871756096244,6651882.848146303,
2019-02-22,,,8096363.88186099,23.1122615138222,39.01280561,350306.0,0.999231186877418,-0.107,1.0096178762,4370.9252,0.9892601568912712,0.99185224294128,1,-0.23356,1,0,1.0020397250714286,0,6171.833333333333,,6832442.977360638,1.1849881380186218
2019-02-23,3204384.5,4056.0,,,,,0.9892856283691894,-0.063,1.0160698682,4369.1136,0.9911212699303008,0.9916787894529988,1,-0.2274599999999999,1,0,1.0059043947285715,0,6752.333333333333,0.6006812459890408,6832442.977360638,
2019-02-24,,,,,,,0.9927746242048884,-0.1629,1.0096367036,4365.6569,0.991695878769322,0.9917134169714876,1,-0.2246466666666666,1,0,1.0080987846714284,0,6752.333333333333,,6907081.985153207,
2019-02-25,,,,,,,0.9902498224742574,-0.1415,1.0250344783,4362.734,0.9907443166627432,0.9917635630906982,1,-0.2210899999999999,1,0,1.0126740203285716,0,6752.333333333333,,6907081.985153207,
2019-02-26,1850604.5,5753.0,7878415.30725483,21.2106368166198,35.84517142,366568.0,0.99750525667987,-0.149,0.993633292,4361.631,0.9909332132957608,0.9921066725512164,1,-0.2175766666666666,1,0,1.0116752642428573,1,8163.666666666667,0.70470785186395,7028498.65041591,1.1209243537079752
2019-02-27,,,,,,,0.9956331628766806,-0.1476,0.9935937174,4360.1476,0.9885695234117576,0.9925909882035234,1,-0.2128333333333333,1,0,1.0079683749428572,1,8163.666666666667,,7028498.65041591,
2019-02-28,8782575.0,17707.5,,,,,0.9962338971773208,-0.149,0.9974800986,4358.1035,0.9944162255228036,0.992912356619491,1,-0.2076799999999999,1,0,1.0064380049,1,9172.166666666666,1.930568931368452,7123348.124123768,
2019-03-01,,,,,,,0.9975267816125608,-0.1434,0.9955417944,4357.033,0.9941727390563954,0.993204317091495,1,-0.2029199999999999,1,0,1.0044271360714283,1,9172.166666666666,,7123348.124123768,
2019-03-02,,,6565214.95545392,19.00503973256,25.32153705,335864.0,0.9955555973367616,-0.1434,1.0191601571,4355.7951,0.9950684489089056,0.9932708459324412,1,-0.19784,1,0,1.0048686059142855,0,11730.25,,7053581.478040037,0.930763325821563
2019-03-03,476472.0,1600.5,,,,,0.998540136138472,-0.1514,1.0007876627,4355.1508,0.995892093470846,0.9934390093484204,1,-0.1934933333333333,1,0,1.0036044572142857,0,8353.666666666666,0.1915925142651929,7053581.478040037,
2019-03-04,,,,,,,0.9880143657950908,-0.1764,0.9371280362,4350.3918,0.9955727425166796,0.9931998954572776,1,-0.1902033333333333,1,0,0.9910463940571428,1,8353.666666666666,,7157588.685735033,
2019-03-05,1639404.5,1981.0,,,,,0.998354409311988,-0.133,0.9970340833,4350.7157,0.9956940500355534,0.9934637577891916,1,-0.1848733333333333,1,0,0.9915322213857144,1,7096.333333333333,0.2791582507398187,7157588.685735033,
2019-03-06,,,6388631.33749861,22.7949666833126,38.43684345,277863.0,0.9986231555518316,-0.1292,0.9876630286,4349.766,0.9961211918462894,0.9937830048035696,1,-0.17944,1,0,0.9906849801285714,1,7096.333333333333,,7061469.0172054805,0.9047170386122942
2019-03-07,11706982.0,22371.5,,,,,0.9987158167475892,-0.1279,1.0008070929,4349.1605,0.9964757517848992,0.9938619646323252,1,-0.1741733333333333,1,0,0.9911602650285716,0,8651.0,2.586001618310022,7061469.0172054805,
2019-03-08,,,,,,,0.9937558089639856,-0.1323,1.0010958884,4347.1772,0.9959370414065312,0.9938789102544422,1,-0.16835,1,0,0.9919537070285714,0,8651.0,,7072272.366252668,
2019-03-09,,,,,,,0.998110982031756,-0.1117,1.0041825708,4346.9834,0.9963020963629592,0.9940516344725748,1,-0.1617633333333333,1,0,0.9898140518428572,0,8651.0,,7072272.366252668,
2019-03-10,474761.5,1500.0,6690849.40826923,31.4305885946778,19.08668276,212877.0,0.9939070120838114,-0.1133,1.0031090126,4346.1084,0.9956402214980076,0.9939380258718048,1,-0.1583033333333333,1,0,0.9901456732571428,0,8617.5,0.1740644038294168,7024594.496504738,0.952489059916331
2019-03-11,,,,,,,0.9924328643305562,-0.1278,1.0025052751,4343.9425,0.9962714355745026,0.993688894094456,1,-0.1554266666666666,1,0,0.9994852788142856,0,8617.5,,7024594.496504738,
2019-03-12,349159.0,822.5,,,,,0.992825660135898,-0.1251,1.0053654302,4341.6741,0.9954816142636328,0.9935588421313551,1,-0.1526966666666666,1,0,1.0006754712285717,0,8231.333333333334,0.099923058232769,7105968.038684963,
2019-03-13,,,,,,,0.997327760155113,-0.1269,0.9964776303,4340.8709,0.995296557778387,0.9935912299293862,1,-0.14947,1,0,1.0019347000428571,1,8231.333333333334,,7105968.038684963,
2019-03-14,2845909.5,5347.0,7600598.59424684,25.3413260946652,37.56437664,299929.0,0.9962137675676652,-0.126,1.001273664,4339.4358,0.994939122181255,0.9935932408702656,1,-0.1462066666666666,1,0,1.0020013530571428,0,2556.5,2.0915313905730493,7167796.858130198,1.060381417705181
2019-03-15,,,,,,,0.9974321637282788,-0.112,1.0072920952,4338.8044,0.9954643157190112,0.9939146568198972,1,-0.1424333333333333,1,0,1.0028865254571429,0,2556.5,,7167796.858130198,
2019-03-16,,,,,,,0.9884574402223688,-0.0869,0.9492079224,4336.4355,0.9940852383176704,0.9935996295835758,1,-0.1376766666666666,1,0,0.9950330042571428,1,2556.5,,7253727.513300469,
2019-03-17,445267.5,1028.5,,,,,1.000933439077146,-0.0931,1.0189946169,4336.4212,0.9950890136024324,0.993774355027066,0,-0.13318,1,0,0.9973023762999998,0,2399.333333333333,0.4286607390941928,7253727.513300469,
2019-03-18,,,8269486.75644039,28.1276016464015,22.37480548,291505.0,0.9976481826330444,-0.0922,1.0068280427,4335.3256,0.9958340590742164,0.994487366544968,1,-0.1289133333333333,1,0,0.9979199145285714,0,2399.333333333333,,7380697.418692959,1.1204207796808483
2019-03-19,614973.0,1400.0,,,,,1.001710815998115,-0.085,1.0130508549,4335.7182,0.997103367054533,0.994919315000514,0,-0.1248466666666666,1,0,0.999017832342857,0,2591.833333333333,0.5401581891839753,7380697.418692959,
2019-03-20,,,,,,,0.99856534678941,-0.0756,1.0052087017,4335.563,0.997280165145147,0.9949744679861504,1,-0.123,1,0,1.0002651282571429,0,2591.833333333333,,7355651.463003544,
2019-03-21,773303.5,1578.5,,,,,0.9958588132185642,-0.0899,1.0124075706,4333.9071,0.9972294573809896,0.9949636624184778,1,-0.1219333333333333,1,0,1.0018556863428572,0,1335.6666666666667,1.1818068380334414,7355651.463003544,
2019-03-22,,,8113657.07200504,27.1792454610183,27.14701994,298524.0,0.9972965946446714,-0.0876,1.0077257459,4332.7875,0.9972100903690456,0.9944675825044768,1,-0.1211033333333333,1,0,1.001917636442857,0,1335.6666666666667,,7450402.164128731,1.0890226988107656
2019-03-23,,,,,,,0.9960059896094005,-0.088,1.0026406466,4332.1034,0.9982884545671932,0.9958242160781234,1,-0.1199366666666666,1,0,1.0095508827571429,0,1335.6666666666667,,7450402.164128731,
2019-03-24,101746.5,262.0,,,,,0.9956808653996702,-0.0909,1.0036374018,4331.4573,0.9975380868989822,0.9957058720288652,1,-0.1193999999999999,1,0,1.0073569948857142,0,1080.1666666666667,0.2425551612405493,7358121.918738409,
2019-03-25,,,,,,,0.9951171652496406,-0.1077,0.9986114327,4329.3319,0.9971765129870674,0.9959002565915468,1,-0.12089,1,0,1.0061831934571428,1,1080.1666666666667,,7358121.918738409,
2019-03-26,4965176.5,11725.5,6780907.83753621,18.2139988276273,36.41495629,366415.0,0.9940004419511338,-0.1046,1.0057703749,4327.7334,0.9960750309803558,0.9959411171830884,1,-0.1189466666666666,1,0,1.005143124885714,0,4522.0,2.5929898275099514,7285970.158588134,0.9306801551394503
2019-03-27,,,,,,,1.001331962389654,-0.0748,0.9978747086,4328.2725,0.9964702617803908,0.9963105218469348,0,-0.1167233333333333,1,0,1.004095411585714,1,4522.0,,7285970.158588134,
2019-03-28,24116915.0,28587.0,,,,,0.9997749150097586,-0.079,1.0074328106,4327.9651,0.9970297048934184,0.996386177124598,1,-0.1143899999999999,1,0,1.003384731585714,0,13524.833333333334,2.113667451231685,7201335.137350033,
2019-03-29,,,,,,,1.0054052550535533,-0.0589,1.0060053303,4330.2711,0.9981880849518302,0.9967119135304936,0,-0.1114333333333333,1,0,1.0031389579285714,0,13524.833333333334,,7201335.137350033,
2019-03-30,,,7321449.75025686,19.3800402618881,54.67372903,377783.0,0.9991861395733372,-0.0582,1.0081864374,4330.2038,0.9986423920895352,0.9968103216103608,1,-0.1084066666666666,1,0,1.0039312137571428,0,13524.833333333334,,7216349.4639633875,1.014564190220875
2019-03-31,16698345.0,18950.5,,,,,0.981256018847904,-0.0566,1.0197240225,4326.1174,0.9965816997249972,0.996267962851539,1,-0.1055133333333333,1,0,1.0062293024285716,0,19754.33333333333,0.9593085061505492,7216349.4639633875,
2019-04-01,,,,,,,1.0001379188476744,-0.0454,1.015721069,4326.396,0.9972989502390022,0.9964207069019028,0,-0.1022466666666666,1,0,1.0086735361857142,0,19754.33333333333,,7309368.679464741,
2019-04-02,28198464.0,37214.5,,,,,1.0148246884653012,0.1142,1.0311508549,4343.7256,1.000273842598169,0.9969635253127972,0,-0.0933933333333333,0,0,1.012299319042857,0,28250.666666666668,1.3172963469888617,7309368.679464741,
2019-04-03,,,9794906.73422098,26.7872173141449,142.10298824,360250.0,1.0203620397761572,0.1232,1.0329125709,4349.0944,1.002992425081955,0.998041781112166,0,-0.0834066666666666,0,0,1.017304727942857,0,28250.666666666668,,7620060.93630927,1.285410551974547
2019-04-04,43558183.0,63267.5,,,,,1.0099998153307468,0.1138,1.0872244809,4352.4652,1.0044531251278106,0.9984299613127912,0,-0.07518,0,0,1.0287035379857143,0,39810.833333333336,1.5892031063571472,7620060.93630927,
2019-04-05,,,,,,,1.000425304219908,0.1351,1.0674226748,4353.4549,1.003741703580147,0.9984900329350604,0,-0.06637,0,0,1.0374774443428572,0,39810.833333333336,,7795979.450425078,
2019-04-06,,,,,,,1.0051344616334137,0.1368,1.0418586506,4354.5242,1.0045914638744438,0.998703987764588,0,-0.0575466666666666,0,0,1.0422877605142855,0,39810.833333333336,,7795979.450425078,
2019-04-07,7797130.5,11584.0,9465714.63768817,26.9962286212234,85.51644481,350631.0,1.0049280187276255,0.1605,1.0401906711,4356.1606,1.0079731781429753,0.9990763947567092,0,-0.0477866666666666,0,0,1.0452115674571427,0,37355.333333333336,0.31010297503257,8004696.348832965,1.182520138826779
2019-04-08,,,,,,,1.0069847657262774,0.1748,1.0560721244,4360.0079,1.0089512991256329,0.9993721875465268,0,-0.0382366666666666,0,0,1.050976003942857,0,37355.333333333336,,8004696.348832965,
2019-04-09,7139669.5,9158.5,,,,,1.005068899274951,0.1604,1.0657042117,4362.3734,1.007557614955583,0.999744250452898,0,-0.0291133333333333,0,0,1.0559121977714283,0,28003.33333333333,0.3270503511486728,8192388.768913499,
2019-04-10,,,,,,,1.0075506089141284,0.178,1.0423730656,4366.3659,1.0057274105467215,1.0002481752723504,0,-0.0189199999999999,0,0,1.0572636970142857,0,28003.33333333333,,8192388.768913499,
2019-04-11,4269683.0,5384.0,10673185.0684278,26.4973487431238,115.28509796,402802.0,1.0002835067790377,0.1357,1.0457068959,4365.4868,1.004339366467906,1.000496770160455,0,-0.0102266666666666,0,0,1.0513326134428571,0,8708.833333333334,0.6182228771553786,8502488.306352787,1.2553013522468637
2019-04-12,,,,,,,1.004422404265957,0.1407,1.0222674023,4367.9032,1.004910380760199,1.000733258297483,0,-0.0013066666666666,0,0,1.0448818602285714,0,8708.833333333334,,8502488.306352787,
2019-04-13,,,,,,,1.0033981240327052,0.1391,1.0237667484,4368.9218,1.004662332531526,1.000972736846318,0,0.00753,0,0,1.0422973027714286,0,8708.833333333334,,8631329.693796493,
2019-04-14,3064733.5,9010.5,,,,,0.985026186012399,0.1535,1.0261948147,4365.1676,1.001819213572208,1.0005592042557885,1,0.01638,0,0,1.0402978947142858,0,7851.0,1.1476881925869316,8631329.693796493,
2019-04-15,,,9812670.32039005,25.4394178276088,78.96972247,381473.0,0.9996181705025672,0.1346,1.0146865384,4364.0549,1.0007668428259635,1.0009312285984615,1,0.0237633333333333,0,0,1.0343856681428572,0,7851.0,,8778997.272120686,1.1177438625652591
2019-04-16,12303853.0,23036.5,,,,,1.0031303086784218,0.1612,1.0373626884,4366.5349,1.0004899013121735,1.001004457585171,0,0.03224,0,0,1.0303368791,0,12477.0,1.8463172236915928,8778997.272120686,
2019-04-17,,,,,,,1.006154180652975,0.164,1.0286597939,4369.3552,1.0002904115605804,1.001287990852502,0,0.04078,0,0,1.0283778402857142,0,12477.0,,8851784.488646444,
2019-04-18,11861320.5,11735.0,,,,,1.0025457322835498,0.172,1.0246147475,4370.8625,1.0006135866326535,1.0013158213953497,0,0.0493466666666666,0,0,1.0253646762285713,0,14594.0,0.8040975743456215,8851784.488646444,
2019-04-19,,,10531918.6568264,28.8897142190128,78.43301725,362128.0,1.0176360549176011,0.1716,1.1513740412,4382.0084,1.00250125101146,1.0019515116662894,0,0.0575866666666666,0,0,1.0438084817857145,0,14594.0,,9061801.25966894,1.1622323592220527
2019-04-20,,,,,,,1.0024563670365332,0.1752,1.0187092529,4382.7858,1.002366714297721,1.0021714301268885,0,0.0664233333333333,0,0,1.0430859824285714,0,14594.0,,9061801.25966894,
2019-04-21,2299228.0,7214.0,,,,,0.9987641841350148,0.1724,1.0316903414,4382.5994,1.0043292854580947,1.0022203497765667,1,0.07509,0,0,1.0438710576714283,0,13995.166666666666,0.5154636719819938,9197250.42933521,
2019-04-22,,,,,,,1.0030009355367586,0.1856,1.0331527452,4384.3965,1.0048125376058363,1.0024535146408118,0,0.08421,0,0,1.0465090872142857,0,13995.166666666666,,9197250.42933521,
2019-04-23,24517229.5,45218.5,8538019.90240713,27.3871298829751,96.48121035,311753.0,1.007576977698199,0.2084,1.0352114066,4389.2,1.0054477760372331,1.0028500517174297,0,0.0941866666666666,0,0,1.0462017612428571,0,21389.166666666668,2.114084232672303,9114846.6134692,0.9367156974194518
2019-04-24,,,,,,,0.9938135522496998,0.1928,1.0642266157,4384.4643,1.0036848291224796,1.0028065979507648,1,0.1042033333333333,0,0,1.0512827357857142,0,21389.166666666668,,9114846.6134692,
2019-04-25,12060991.5,9910.5,,,,,1.0004873112047017,0.1455,1.0373134774,4381.475,1.0033907689683583,1.0030228269258836,0,0.11254,0,0,1.0530968400571428,0,20781.0,0.4769019777681536,9448266.438602485,
2019-04-26,,,,,,,0.9875818678780646,0.1502,1.0436124627,4376.6714,0.999097313676996,1.002564490442164,1,0.12004,0,0,1.037702328842857,0,20781.0,,9448266.438602485,
2019-04-27,,,9112041.03117378,25.381164294873,54.42092725,359008.0,0.996285875302056,0.1555,1.0107808767,4376.0217,0.9982158148577848,1.002448189118574,1,0.1278566666666666,0,0,1.0365697036714283,0,20781.0,,9406238.262673896,0.968723178885702
2019-04-28,857723.5,2025.0,,,,,1.0026875871848628,0.15,1.0147753722,4376.2349,0.9987763010077632,1.0023576001896175,0,0.13482,0,0,1.0341532795,0,19051.33333333333,0.1062917731042446,9406238.262673896,
2019-04-29,,,,,,,0.9943501726850492,0.1504,1.0146373552,4374.202,0.9975404777432334,1.0021964012933415,1,0.1417733333333333,0,0,1.0315082237857145,0,19051.33333333333,,9704065.193019183,
2019-04-30,13923074.0,27532.5,,,,,1.0034213005068926,0.169,1.0279210333,4376.6763,0.9969468095730466,1.0029352440153076,0,0.1492933333333333,0,0,1.0304667418857143,0,13156.0,2.092771359075707,9704065.193019183,
2019-05-01,,,11945018.6431959,26.4969092012474,65.62521893,439549.0,0.966535684828357,0.179,1.0144729809,4363.8645,0.9930499713699976,1.001815169547997,1,0.1567733333333333,0,0,1.0233590797714285,0,13156.0,,9984184.374291277,1.1963940363474923
2019-05-02,839536.0,2521.5,,,,,1.0026383623782888,0.1907,1.0277621827,4364.5037,0.9933572643947958,1.0014089586784298,0,0.1593233333333333,0,0,1.0219946091,0,10693.0,0.2358084728326943,9984184.374291277,
2019-05-03,,,,,,,1.0113184811812583,0.2279,1.0301357414,4368.8917,0.996748209152395,1.0011075067252666,0,0.1628133333333333,0,0,1.0200693632,0,10693.0,,10011224.03715846,
2019-05-04,,,,,,,1.005960865897132,0.243,1.0316397949,4371.4884,0.9981303506659772,1.0009728750774796,0,0.16712,0,0,1.023049208657143,0,10693.0,,10011224.03715846,
2019-05-05,6022580.0,10837.0,9591032.60781153,28.9994092129323,62.87230397,330732.0,1.0111314962928952,0.2364,1.0556002698,4374.2308,0.9993366233956962,1.001329748146579,0,0.1704966666666666,0,0,1.0288813368857144,0,13630.333333333334,0.7950649287129197,9958700.108490096,0.9630807739290072
2019-05-06,,,,,,,1.0163470255308082,0.2304,1.0688499949,4380.2682,1.0024790309450904,1.0017035002764922,0,0.1736166666666666,0,0,1.0366259997,0,13630.333333333334,,9958700.108490096,
2019-05-07,10586521.0,21078.5,,,,,1.0093033161811584,0.2474,1.0282887817,4384.5369,1.0033193188985567,1.0018493435249434,0,0.1765133333333333,0,0,1.0366785351857142,0,11479.0,1.836266225280948,10029126.604318945,
2019-05-08,,,,,,,1.0095412106265491,0.26,1.0643685199,4389.8193,1.0094629654411558,1.0019345583549524,0,0.1793533333333333,0,0,1.0438064693285714,0,11479.0,,10029126.604318945,
2019-05-09,3748327.0,3625.0,12149462.758915,33.0991212922985,106.95654809,361569.0,1.0092340502288226,0.2853,1.0578726171,4395.202,1.0104052065626603,1.0020733967200814,0,0.1835166666666667,0,0,1.0481079599571428,0,11846.833333333334,0.3059889421927097,10294168.623643449,1.1802276806511938
2019-05-10,,,,,,,1.0099475885458546,0.3078,1.0566911616,4400.4523,1.010209364757603,1.002153296041139,0,0.1878433333333333,0,0,1.0519015914142855,0,11846.833333333334,,10294168.623643449,
2019-05-11,,,,,,,1.0441813815007783,0.3955,1.1424254309,4427.8063,1.0156694384152667,1.0036165585318635,0,0.1965033333333333,0,0,1.0677281108428571,0,11846.833333333334,,10240023.417245684,
2019-05-12,15747477.5,11297.0,,,,,1.0280028440588125,0.3613,1.1430021573,4434.2119,1.0180796309532547,1.0044025731916255,0,0.2038566666666666,0,0,1.0802140947714285,0,12000.166666666666,0.9414035916167832,10240023.417245684,
2019-05-13,,,16443665.5226962,41.8466056141763,112.20050336,390428.0,1.0379037073150597,0.4278,1.1489840951,4462.8042,1.0211591569224336,1.0055527593010374,0,0.21348,0,0,1.0916618233714286,0,12000.166666666666,,11015478.680426998,1.4927781170249417
2019-05-14,22989526.5,38483.5,,,,,1.0407885045241685,0.4355,1.1002786173,4491.2723,1.0256570409714352,1.0074115032514297,0,0.22288,0,0,1.1019460856,0,17801.833333333332,2.161771727631049,11015478.680426998,
2019-05-15,,,,,,,1.0293295059911505,0.4495,1.1700536963,4522.1122,1.0284839403092352,1.0084018811010491,0,0.2333766666666666,0,0,1.117043967942857,0,17801.833333333332,,11187308.446146565,
2019-05-16,,,,,,,1.047733240000455,0.4213,1.2051894625,4549.8129,1.0339838245623256,1.0098886454784504,0,0.2420466666666666,0,0,1.1380892315714284,0,24890.25,,11187308.446146565,
2019-05-17,38801395.0,51357.5,15398528.2663666,42.5780670651137,227.26659937,361654.0,0.9950335062728628,0.3792,1.0802394738,4548.7987,1.0318532413804695,1.0095179563324463,1,0.24922,0,0,1.1414532761714289,0,33712.666666666664,1.5233888350570508,11713710.923674067,1.3145730133433042
2019-05-18,,,,,,,1.0055842272384343,0.3748,1.0200315083,4550.1408,1.0263393622001349,1.0096192394976091,0,0.25598,0,0,1.1239684300857145,0,33712.666666666664,,11713710.923674067,
2019-05-19,948855.0,2555.5,,,,,1.0214095382936967,0.4451,1.0394219074,4561.4115,1.0253974613765469,1.0097450222768125,0,0.2650966666666666,0,0,1.1091712515285714,0,30798.83333333333,0.0829739221723766,11882538.39036659,
2019-05-20,,,,,,,1.0114202180264902,0.4277,1.0758293687,4567.8763,1.021614105763894,1.0100438173098112,0,0.2735133333333334,0,0,1.0987205763285717,0,30798.83333333333,,11882538.39036659,
2019-05-21,13167431.0,18434.5,16828129.8548241,44.1811915146516,202.4814146,380889.0,1.0150498821810026,0.4269,1.0860041624,4575.3169,1.0179371597148703,1.010586673911344,0,0.2819966666666667,0,0,1.0966813684857144,0,24115.83333333333,0.7644148035522997,12500737.32342378,1.3461709833140552
2019-05-22,,,,,,,1.0070237406707174,0.4031,1.0574537285,4576.679,1.0147506218119513,1.0107207674158092,0,0.2892466666666667,0,0,1.0805956588,0,24115.83333333333,,12500737.32342378,
2019-05-23,,,,,,,1.0081168194071386,0.4195,1.0332606029,4584.4,1.0090911331557633,1.0107387621394406,0,0.2962833333333333,0,0,1.056034393142857,0,24115.83333333333,,13066839.812140446,
2019-05-24,2095986.5,4048.5,,,,,1.015103972919878,0.425,1.049770729,4592.9302,1.011958342676765,1.0114484428284465,0,0.3040233333333333,0,0,1.051681715314286,0,8346.166666666666,0.4850729875990974,13066839.812140446,
2019-05-25,,,15115205.1345969,44.666945828867,128.11880175,338398.0,1.0144640478755256,0.4296,1.0482736743,4598.5333,1.013226888482064,1.0119143340508072,0,0.3134933333333333,0,0,1.0557163104571428,0,8346.166666666666,,13322885.477447502,1.1345293900621882
2019-05-26,2728394.0,7370.0,,,,,1.0190870961756795,0.472,1.0739238528,4610.1844,1.012895111036633,1.0129645083273944,0,0.32422,0,0,1.0606451598000002,0,9951.0,0.740629082504271,13322885.477447502,
2019-05-27,,,,,,,1.022599739068806,0.4757,1.0580715589,4623.0188,1.0144921854712496,1.0138416371196195,0,0.3348933333333334,0,0,1.0581083298285716,0,9951.0,,13924434.684058037,
2019-05-28,18323074.5,39432.0,,,,,1.0193200580255248,0.4684,1.1222385101,4635.2204,1.0151022105918956,1.0143960528143083,0,0.3455066666666667,0,0,1.0632846652142858,0,16950.166666666668,2.326348806796393,13924434.684058037,
2019-05-29,,,20660475.7496612,50.4708034582727,187.08362645,405155.0,1.1035266042752092,0.4567,1.4449479535,4702.2303,1.0288883339639658,1.018035267200647,0,0.3557166666666667,0,0,1.1186409830714286,0,16950.166666666668,,14766439.817258429,1.3991507773941594
2019-05-30,,,,,,,1.0104792838773904,0.4311,1.067485667,4705.4779,1.0292258288882876,1.0182705333129969,0,0.3644533333333333,0,0,1.123530277942857,0,16950.166666666668,,14766439.817258429,
2019-05-31,5190968.0,8569.0,,,,,1.0055955960207223,0.449,1.0573447347,4714.7938,1.0278674893312654,1.0195725303527423,0,0.3734533333333333,0,0,1.1246122787571429,0,18457.0,0.4642682992902421,15169499.984981649,
2019-06-01,,,,,,,1.0093229783017783,0.4483,1.0363236817,4719.9964,1.02713305082073,1.0197953508835254,0,0.38204,0,0,1.122905136957143,0,18457.0,,15169499.984981649,
2019-06-02,912834.0,2258.0,15462127.8066285,51.1652144494655,118.4455402,301003.0,1.00827522310122,0.4596,1.0460704279,4725.408,1.0255884975243788,1.019693908947524,0,0.3897633333333333,0,0,1.118926076257143,0,16753.0,0.1347818301199785,15206078.462687504,1.0168386178309738
2019-06-03,,,,,,,1.0162080307432306,0.421,1.0603604177,4732.684,1.0246753963350108,1.0200354811090606,0,0.3956966666666667,0,0,1.119253056085714,0,16753.0,,15206078.462687504,
2019-06-04,17014296.5,29755.0,,,,,0.969181148428994,0.3851,1.0601103283,4703.6921,1.0175126949640778,1.018637136180264,1,0.4006533333333333,0,0,1.1103776015428573,0,13527.333333333334,2.1996205214134346,16008227.870526928,
2019-06-05,,,,,,,1.0025569044600384,0.3962,1.0110419342,4708.9087,1.0030884521333392,1.018177465477905,0,0.40618,0,0,1.0483910273571428,0,13527.333333333334,,16008227.870526928,
2019-06-06,,,16576546.9153716,44.8360139982732,122.18994068,364526.0,0.9981890071313402,0.3944,0.9919819556,4709.3293,1.0013326983124748,1.0178069885095775,1,0.41108,0,0,1.0376047828714283,1,13527.333333333334,,16079267.75113251,1.0309267294963769
2019-06-07,1464322.0,3435.0,,,,,1.0077554193144975,0.4124,1.0203317337,4714.8778,1.0016412444972995,1.017747462132509,0,0.41616,0,0,1.0323172113,0,11816.0,0.2907075152335815,16079267.75113251,
2019-06-08,,,,,,,1.0019588040085492,0.406,1.0082547307,4716.2028,1.000589219598267,1.0175049539251668,0,0.4201833333333333,0,0,1.0283073611571427,0,11816.0,,16640668.464306442,
2019-06-09,1567765.5,4425.0,,,,,1.0034155666093982,0.3821,1.022849969,4716.9741,0.9998949829565784,1.0172872198606184,0,0.42266,0,0,1.024990152742857,0,12538.333333333334,0.3529177189950817,16640668.464306442,
2019-06-10,,,16318423.0157517,45.5573724249407,101.83001618,353629.0,1.0117529918203716,0.4087,1.0529237188,4726.6468,0.9992585488247412,1.0162062735379382,0,0.4231,0,0,1.0239277671857143,0,12538.333333333334,,16600387.7832371,0.98301456742052
2019-06-11,12588359.5,18902.0,,,,,1.0019037659195291,0.403,1.0059534507,4729.51,1.0039332084662462,1.0153363042666286,0,0.42449,0,0,1.0161910703857142,0,8920.666666666666,2.118899932740453,16600387.7832371,
2019-06-12,,,,,,,1.0100990955791205,0.4186,1.0239105254,4736.2526,1.0050106643404009,1.0144094838754305,0,0.4241833333333333,0,0,1.0180294405571428,0,8920.666666666666,,16622776.677600086,
2019-06-13,,,,,,,1.0073929028694484,0.4241,1.0204736707,4741.0386,1.006325506588702,1.0132962971536066,0,0.4238033333333333,0,0,1.0220996855714286,0,8920.666666666666,,16622776.677600086,
2019-06-14,9952840.0,14230.5,18846894.0773128,51.3515561331295,117.94954717,364383.0,1.0186837176570938,0.4533,1.0220056078,4755.5658,1.0078866920662155,1.0129414375424717,0,0.42393,0,0,1.0223388104428572,0,12519.166666666666,1.1366970645010983,16900791.352564175,1.1151486154790833
2019-06-15,,,,,,,1.012154671647265,0.462,1.0234149716,4761.4862,1.0093432445860324,1.0117554852640318,0,0.4252866666666667,0,0,1.0245045591428572,0,12519.166666666666,,16900791.352564175,
2019-06-16,5542971.0,10365.5,,,,,1.016664428518131,0.4706,1.0620998347,4774.8582,1.0112359391444226,1.012476516005541,0,0.4283333333333333,0,0,1.0301116828142856,0,14499.333333333334,0.7148949376982849,17115400.364878114,
2019-06-17,,,,,,,1.0089402466215216,0.4875,1.0919963703,4787.1947,1.01083411840173,1.0125883833183102,0,0.43209,0,0,1.0356934901714283,0,14499.333333333334,,17115400.364878114,
2019-06-18,15227490.5,25072.5,19759220.101567,50.0432326306077,116.53825829,394843.0,1.0051336641586246,0.4702,1.0590771706,4793.0325,1.0112955324358863,1.0120458541804749,0,0.4329266666666667,0,0,1.0432825930142855,0,16556.166666666668,1.5143904084077433,17445877.831964225,1.132601081578382
2019-06-19,,,,,,,1.0135716461610988,0.4823,1.0584764873,4807.1516,1.0117916110904548,1.012117568451628,0,0.4347466666666666,0,0,1.0482205875714286,0,16556.166666666668,,17445877.831964225,
2019-06-20,,,,,,,1.005735287366683,0.4952,1.0576991732,4819.4678,1.011554808875774,1.011807081957817,0,0.4370233333333333,0,0,1.0535385165,0,16556.166666666668,,17534127.542984243,
2019-06-21,18071589.5,28228.0,,,,,1.0180581057131413,0.5202,1.0536118345,4838.0033,1.0114654357409236,1.012174894125898,0,0.4409266666666666,0,0,1.0580536917428571,0,21222.0,1.3301291112995948,17534127.542984243,
2019-06-22,,,20226178.7284416,57.1239955615097,122.47914731,354075.0,1.0255323127289129,0.5448,1.0928689024,4863.8479,1.0133765273240165,1.0127554105699574,0,0.4451033333333333,0,0,1.0679756818571429,0,21222.0,,17870633.941166412,1.1318109248407249
2019-06-23,3728004.0,4261.0,,,,,1.019410057243188,0.5483,1.0998991187,4876.2506,1.0137687599990242,1.012898946714068,0,0.4492133333333333,0,0,1.0733755795714284,0,19187.166666666668,0.2220755192272612,17870633.941166412,
2019-06-24,,,,,,,1.0187707337231404,0.555,1.1159593523,4897.1433,1.0151731152992556,1.0130425029089882,0,0.4533933333333333,0,0,1.0767988627142857,0,19187.166666666668,,18264266.6278192,
2019-06-25,19728036.5,39780.5,,,,,1.020918186294953,0.5798,1.0703371226,4927.3601,1.0174280470330166,1.0131035392462977,0,0.4569866666666667,0,0,1.0784074272857145,0,24089.83333333333,1.6513397768076437,18264266.6278192,
2019-06-26,,,28602342.1291297,71.5731340688491,184.06503874,399624.0,1.059663786635796,0.6112,1.1799575757,5001.8047,1.0240126385294022,1.0143390074985303,0,0.4615033333333332,0,0,1.0957618684857142,0,24089.83333333333,,19556526.06548301,1.462547184165414
2019-06-27,,,,,,,1.018912502901714,0.5486,1.1722569793,5015.1597,1.025895097891549,1.014325422327737,0,0.4641766666666667,0,0,1.112127269357143,0,24089.83333333333,,19556526.06548301,
2019-06-28,32781834.5,43466.5,,,,,1.0399548496324704,0.5904,1.1208662324,5061.345,1.0290232041657392,1.0122063638396457,0,0.4686333333333333,0,0,1.1217350404857145,0,29169.33333333333,1.4901437582849568,19398818.96774327,
2019-06-29,,,,,,,1.014926829992168,0.5751,1.0896357747,5075.5917,1.027508135203347,1.0123546153768046,0,0.4734333333333333,0,0,1.1212731651,0,29169.33333333333,,19398818.96774327,
2019-06-30,1298970.5,2947.5,23170049.1634577,70.0570831384349,104.91860437,330731.0,1.0167073887084186,0.5306,1.1034486663,5089.9277,1.02712203969838,1.0127250084663946,0,0.4761533333333333,0,0,1.1217802433285715,0,28731.5,0.1025877521187546,19870222.74220757,1.1660689195114438
2019-07-01,,,,,,,1.000937958342774,0.5182,1.0820406848,5092.3302,1.0245745003583278,1.0124455078010943,0,0.4784833333333333,0,0,1.1169347194,0,28731.5,,19870222.74220757,
2019-07-02,16454613.0,12915.0,,,,,1.0065833326717084,0.5261,1.0128967805,5102.3992,1.0225266641264354,1.012389111453444,0,0.4806999999999999,0,0,1.108728956242857,0,19776.33333333333,0.6530533128824015,20499950.59014744,
2019-07-03,,,,,,,1.0162659828440583,0.5711,1.0097721619,5126.1526,1.016326977870473,1.0123910431901382,0,0.4857033333333334,0,0,1.0844167542714287,0,19776.33333333333,,20499950.59014744,
2019-07-04,,,25608368.4262575,69.080367156161,83.8420840199999,370704.0,1.029225977378379,0.5401,1.1072971081,5140.625,1.0178003313671395,1.014392537488451,0,0.49087,0,0,1.0751367726714285,0,19776.33333333333,,21138502.8196612,1.2114561113778983
2019-07-05,599872.5,1731.5,,,,,1.002545454068561,0.5324,1.0657495626,5143.2755,1.0124561320008667,1.0143921558087352,0,0.4954099999999999,0,0,1.0672629627,0,5864.666666666667,0.2952426963737637,21138502.8196612,
2019-07-06,,,,,,,1.0096166657107375,0.5407,1.0269466844,5148.1759,1.0116975371035195,1.014773077761382,0,0.5002866666666667,0,0,1.0583073783714287,0,5864.666666666667,,21790210.80598829,
2019-07-07,743255.5,1686.0,,,,,1.00649349457729,0.5501,1.0512752774,5154.4964,1.0102384093705012,1.0147310136034748,0,0.5048766666666666,0,0,1.0508540371,0,5444.166666666667,0.3096892698607071,21790210.80598829,
2019-07-08,,,27968213.8393009,71.5060014146179,67.46056127,378966.0,1.0106347349427196,0.5797,1.046312813,5178.3689,1.0116236631704931,1.0150202113012805,0,0.5106666666666667,0,0,1.0457500554142858,0,5444.166666666667,,22562461.185152363,1.2395905575100066
2019-07-09,11147967.5,16156.5,,,,,1.012807034038298,0.5866,1.0546732868,5199.7444,1.0125127633657205,1.0153332602155771,0,0.5174833333333333,0,0,1.0517181277428571,0,6524.666666666667,2.476218453049964,22562461.185152363,
2019-07-10,,,,,,,1.0266290941694431,0.5677,1.1860856931,5233.5844,1.0139932078407754,1.0158291302938796,0,0.5227833333333334,0,0,1.0769057750571427,0,6524.666666666667,,23454466.63792389,
2019-07-11,,,,,,,1.0028971860469942,0.5364,1.1046696162,5236.1922,1.010231951936292,1.0158622442981284,0,0.52723,0,0,1.0765304190714284,0,6524.666666666667,,23454466.63792389,
2019-07-12,11017156.0,15233.0,24773188.3315347,67.6842726899866,67.42668665,360899.0,1.008653810133783,0.5553,1.0653559768,5253.6867,1.0111045742313236,1.0158140681166172,0,0.5317866666666666,0,0,1.0764741925285717,0,11025.166666666666,1.3816571178062311,23619306.84962524,1.048853316875714
2019-07-13,,,,,,,1.001983711844345,0.5368,1.0312040777,5255.8198,1.0100141522504105,1.0156337617491136,0,0.5355433333333333,0,0,1.0770823915714285,0,11025.166666666666,,23619306.84962524,
2019-07-14,6258003.0,5986.0,,,,,0.9960336118869744,0.4895,1.016792019,5249.7923,1.0085198832946511,1.014878758223443,1,0.53675,0,0,1.0721562118,0,12458.5,0.4804751775895974,24301080.10281273,
2019-07-15,,,,,,,1.0024444690771714,0.5189,1.0242873817,5257.1801,1.0073498453138583,1.01455508480444,0,0.5386466666666666,0,0,1.0690097216142858,0,12458.5,,24301080.10281273,
2019-07-16,1618480.0,4251.5,22149573.0409782,60.2185118834706,62.69846283,363337.0,0.9989017290430444,0.4458,0.9973107179,5248.5607,1.0053633731716791,1.013962994821937,1,0.53782,0,0,1.0608150689142857,1,8490.166666666666,0.5007557762902182,24032141.72008341,0.9216645482107836
2019-07-17,,,,,,,1.005191043926066,0.4566,1.0327565374,5257.7612,1.0023007945654825,1.0138380213987552,0,0.53679,0,0,1.0389109038142856,0,8490.166666666666,,24032141.72008341,
2019-07-18,,,,,,,1.0057323875528836,0.5057,0.9729348483,5278.9039,1.0027058233520385,1.0138579788452309,0,0.5379733333333334,0,0,1.0200916512571427,1,8490.166666666666,,24642559.094157185,
2019-07-19,36299792.0,18175.0,,,,,1.0105988185451955,0.498,1.0028829671,5287.2459,1.002983681696526,1.0137588845913672,0,0.5384966666666667,0,0,1.0111669355857142,0,9470.833333333334,1.919049714034316,24642559.094157185,
2019-07-20,,,24399901.5665187,74.5069287647335,50.04991704,323002.0,1.0101930483944688,0.5127,1.0137995153,5293.7513,1.0041564440608293,1.0139074766256266,0,0.53908,0,0,1.0086805695285714,0,9470.833333333334,,24612226.903202377,0.991373176530562
2019-07-21,5477798.5,7030.5,,,,,1.0062515656350244,0.4995,1.0616615498,5299.7835,1.005616151739122,1.0135139252896894,0,0.53839,0,0,1.0150905025,0,9819.0,0.7160097769630308,24612226.903202377,
2019-07-22,,,,,,,1.0002492399015943,0.4864,1.0140393448,5299.7802,1.0053025475711823,1.0126711561954456,0,0.5364433333333333,0,0,1.0136264972285711,0,9819.0,,25238805.213882487,
2019-07-23,,,,,,,0.9966580612643856,0.4632,1.0153477503,5296.0244,1.0049820236028026,1.0119127563294854,1,0.5336066666666667,0,0,1.0162032161428571,0,12602.75,,25238805.213882487,
2019-07-24,572521.5,1715.0,17345757.0026475,58.6820111798732,49.90886061,295589.0,1.0208621787760883,0.4573,0.9923854942,5314.231,1.0072207571528058,1.0119824711645835,0,0.53035,0,0,1.0104359242571428,1,8973.5,0.1911182927508775,24252174.187478118,0.7152248234965863
2019-07-25,,,,,,,1.001760300445648,0.4629,1.0002757405,5316.0023,1.0066533161374864,1.0113438749696069,0,0.5264533333333333,0,0,1.0143417659999998,0,8973.5,,24252174.187478118,
2019-07-26,3841358.5,7061.0,,,,,1.0041790767110603,0.4593,1.0152586253,5318.9193,1.0057362101611813,1.0094943846387825,0,0.52139,0,0,1.0161097171714286,0,5268.833333333333,1.340144877107519,23630721.62438503,
2019-07-27,,,,,,,0.9981022102054092,0.4371,0.991584361,5317.7861,1.0040089475627445,1.008800708215572,1,0.5176733333333333,0,0,1.0129361237,1,5268.833333333333,,23630721.62438503,
2019-07-28,663305.5,1915.5,20994348.8070565,76.9097013160833,26.46571032,272974.0,0.9990818369802652,0.4419,1.0075695457,5318.4168,1.0029847006120645,1.0074382744604986,1,0.5127233333333333,0,0,1.005208694542857,0,3563.833333333333,0.53748304728055,23301175.022218965,0.9009995756453152
2019-07-29,,,,,,,1.0721095063607442,0.4302,1.0350519978,5415.2652,1.0132504529633717,1.0093443636727846,0,0.5078933333333333,0,0,1.0082105021142858,0,3563.833333333333,,23301175.022218965,
2019-07-30,,,,,,,1.0020703609693071,0.435,0.9996070352,5418.3249,1.0140236386355033,1.0088564627481476,0,0.5047066666666667,0,0,1.0059618285285714,1,3563.833333333333,,23319907.28775629,
2019-07-31,3252939.0,8030.5,,,,,1.003346816123714,0.4609,0.9860926591,5423.1674,1.0115214439708782,1.008936758007512,0,0.5027966666666667,0,0,1.0050628520857143,1,5669.0,1.416563767860293,23319907.28775629,
2019-08-01,,,18606541.3941747,54.4208451983898,46.73246753,335943.0,1.008484921360799,0.4779,0.9972627848,5430.4905,1.012482104101614,1.0090001442971483,0,0.50119,0,0,1.0046324298428573,1,5669.0,,22730736.55105859,0.8185630655821479
2019-08-02,5409988.0,7779.5,,,,,1.0139862114746654,0.4837,1.0141122138,5436.9553,1.0138831233535577,1.0089241519181686,0,0.4982766666666666,0,0,1.0044686567714287,0,5908.5,1.3166624354743166,22730736.55105859,
2019-08-03,,,,,,,1.015279346469958,0.4966,1.0300978956,5442.3924,1.016336999962779,1.0084592642212211,0,0.4968266666666667,0,0,1.0099705902857143,0,5908.5,,22319646.28317303,
2019-08-04,2587376.5,5334.5,,,,,1.011938295028233,0.5041,1.0266140993,5447.9193,1.0181736368267744,1.008772358919877,0,0.4958833333333333,0,0,1.0126912408,0,7048.166666666667,0.7568634869587836,22319646.28317303,
2019-08-05,,,22256372.3249701,63.1067782083659,42.2581814,339136.0,1.0225493527828502,0.5353,1.0374352128,5478.3988,1.0110936148870753,1.0092034484889474,0,0.4957033333333333,0,0,1.0130317000857143,0,7048.166666666667,,22311737.038397662,0.997518583455323
2019-08-06,,,,,,,1.0225159763304867,0.5187,1.0812563148,5498.3213,1.0140144170815295,1.009737531214054,0,0.4946566666666667,0,0,1.0246958828857144,0,7048.166666666667,,22311737.038397662,
2019-08-07,687921.0,2054.5,,,,,1.0247266470086638,0.539,1.0703184518,5516.5066,1.0170686786365224,1.0102072616162523,0,0.4932999999999999,0,0,1.036728138985714,0,5056.166666666667,0.4063354979068464,21503668.923982915,
2019-08-08,,,,,,,1.0169760675212274,0.5364,1.0751635939,5534.297,1.0182816995165835,1.0103462293990164,0,0.4916266666666667,0,0,1.047856826,0,5056.166666666667,,21503668.923982915,
2019-08-09,2134636.5,4885.5,22823177.0107999,66.0566787284843,65.33402972,341125.0,1.007839358783644,0.5327,1.0540613377,5541.7292,1.0174035777035804,1.0097199048861565,0,0.49046,0,0,1.0535638437,0,4091.5,1.1940608578760843,21668607.434835035,1.053283053811236
2019-08-10,,,,,,,1.0022150856885474,0.5096,1.0401481391,5543.1282,1.0155372547348074,1.0096971682075415,0,0.4895666666666666,0,0,1.0549995927714286,0,4091.5,,21668607.434835035,
2019-08-11,405699.5,1249.0,,,,,1.0122474854062404,0.5187,1.0459912661,5549.5497,1.0155814247888086,1.0098169573832902,0,0.4883466666666667,0,0,1.0577677594571429,0,2729.6666666666665,0.457565026254732,21225095.878163654,
2019-08-12,,,,,,,1.0071785335412176,0.5121,1.0169590557,5555.0212,1.0133855934685754,1.0099901181065194,0,0.4875233333333333,0,0,1.0548425941571429,0,2729.6666666666665,,21225095.878163654,
2019-08-13,,,23339417.3415891,61.420327482175,75.09047834,370747.0,1.01118900408103,0.4883,1.0711488384,5560.9551,1.011767454575796,1.010495297846321,0,0.4874833333333333,0,0,1.0533986689571428,0,2729.6666666666665,,21489386.06109184,1.0860904669513516
2019-08-14,1108822.5,3479.5,,,,,1.0058919295333442,0.445,1.0964746703,5563.0805,1.00907678065075,1.0106102131948602,0,0.4850199999999999,0,0,1.0571352716,0,3204.6666666666665,1.0857603494903267,21489386.06109184,
2019-08-15,,,,,,,0.995984637578432,0.4603,0.9903838603,5564.5717,1.0060780049446367,1.0105129768127064,1,0.4855033333333333,0,0,1.0450238810857144,1,3204.6666666666665,,21395073.63539379,
2019-08-16,6633754.5,11723.5,,,,,1.0023393802131997,0.4633,0.9759691698,5567.1,1.0052922937202875,1.010417921355611,0,0.4857266666666666,0,0,1.0338678571,1,5484.0,2.137764405543399,21395073.63539379,
2019-08-17,,,16818757.380567,58.3465994829838,35.38250195,288256.0,0.99888140979589,0.4546,0.977268633,5566.9153,1.0048160543070506,1.010189555430378,1,0.4840233333333333,0,0,1.0248850705142856,1,5484.0,,20823034.10354044,0.8076996511141182
2019-08-18,2945923.0,7854.0,,,,,1.0019056281782608,0.461,1.0047661324,5568.6284,1.0033386461316247,1.0098997824181466,0,0.48279,0,0,1.0189957657,0,7685.666666666667,1.021902242269159,20823034.10354044,
2019-08-19,,,,,,,1.0054150636619974,0.4879,0.9823449178,5573.771,1.003086721863165,1.0097405162603976,0,0.4819633333333333,0,0,1.014050888857143,1,7685.666666666667,,20312053.037400685,
2019-08-20,,,,,,,1.0011175687311875,0.4818,1.016538685,5581.2492,1.001647945384616,1.00956938303027,0,0.4813733333333334,0,0,1.0062494383714289,0,7685.666666666667,,20312053.037400685,
2019-08-21,584667.5,1541.5,18133519.9255694,57.8585943874638,52.22587338,308808.0,0.9999070922777872,0.4474,1.0297368133,5579.3741,1.0007929686338222,1.009557978109476,1,0.4800733333333333,0,0,0.9967154588,0,7039.666666666667,0.2189734362422463,20039736.39842177,0.9048781663114842
2019-08-22,,,,,,,0.9997673978396592,0.4487,0.9849294037,5578.9155,1.0013333629568544,1.0096616226619852,1,0.47959,0,0,0.9959362507142856,1,7039.666666666667,,20039736.39842177,
2019-08-23,1114526.5,3384.0,,,,,1.056698978543862,0.462,1.1492293699,5602.3729,1.0090990198612348,1.0108561826542444,0,0.4797466666666666,0,0,1.0206877078714285,0,4259.833333333333,0.7943972768887673,20424590.5978181,
2019-08-24,,,,,,,1.0014125180893405,0.4478,1.0097064888,5603.0368,1.0094606067602991,1.010844589909034,0,0.4792433333333333,0,0,1.0253216872714286,0,4259.833333333333,,20424590.5978181,
2019-08-25,484658.5,1394.5,20023054.2210009,69.1659356910217,21.57904241,288934.0,1.0042849260163815,0.4451,1.001139544,5604.47,1.0098005064514592,1.0108481182192115,0,0.47877,0,0,1.0248036032142858,0,2106.6666666666665,0.6619462025316456,20374398.55071595,0.9827555974798232
2019-08-26,,,,,,,1.0071806195684407,0.4587,0.9941204848,5609.2837,1.0100527287238084,1.0111507318646458,0,0.47949,0,0,1.0264858270714283,1,2106.6666666666665,,20374398.55071595,
2019-08-27,,,,,,,1.0074303779381095,0.448,1.0008013672,5612.9566,1.0109545586105118,1.0114290165632407,0,0.4796933333333333,0,0,1.0242376388142858,0,2106.6666666666665,,20285834.22838158,
2019-08-28,427064.5,1296.5,,,,,1.0000671802687724,0.423,1.0192814378,5611.2419,1.0109774283235091,1.009027605693508,0,0.4794533333333333,0,0,1.0227440137428572,0,2025.0,0.6402469135802469,20285834.22838158,
2019-08-29,,,20199158.8493224,57.3372246189114,33.917443,346734.0,0.989576679477564,0.4087,0.9855924077,5607.2728,1.0095216114146388,1.0086111496437835,1,0.4785766666666667,0,0,1.0228387286,1,2025.0,,20274999.805999182,0.9962593855781768
2019-08-30,2789076.0,7621.0,,,,,0.9981940664580122,0.4146,0.9714194086,5607.1609,1.001163766830946,1.0084393913215934,1,0.4770333333333333,0,0,0.9974373055571428,1,3437.333333333333,2.217125678820792,20274999.805999182,
2019-08-31,,,,,,,0.9981253070620482,0.4163,0.9741294818,5606.8017,1.0006941652556185,1.0080940708449684,1,0.47498,0,0,0.9923548759857144,1,3437.333333333333,,20513351.0076884,
2019-09-01,836501.0,2515.0,,,,,1.003599604770533,0.4254,0.9895387045,5609.6119,1.0005962622204971,1.0077478506214974,0,0.4730366666666666,0,0,0.9906976132,1,3810.8333333333335,0.6599606385305051,20513351.0076884,
2019-09-02,,,19567794.8424031,57.7612977607317,28.76124703,327248.0,1.004604384271624,0.4587,0.9736954303,5617.0844,1.0002282286066662,1.0073920185482197,0,0.4717733333333334,0,0,0.9877797482714286,1,3810.8333333333335,,20395156.48702773,0.9594334250315326
2019-09-03,,,,,,,1.014050042528137,0.4702,0.9924340624,5625.3693,1.00117389497667,1.0074624101315497,0,0.4706433333333333,0,0,0.9865844190142856,1,3810.8333333333335,,20395156.48702773,
2019-09-04,5062493.0,4685.5,,,,,1.006656471319506,0.4677,1.0193601594,5630.0589,1.002115222269632,1.0069326474161049,0,0.46839,0,0,0.9865956649571428,0,4940.5,0.948385790911851,20129268.510178827,
2019-09-05,,,,,,,1.007104812026352,0.4673,1.0185781324,5635.5775,1.004619241205173,1.0064189419393004,0,0.4666766666666666,0,0,0.9913079113428572,0,4940.5,,20129268.510178827,
2019-09-06,3973257.0,5342.0,21464687.5948385,58.7219349243661,37.39638382,365531.0,1.076517506629859,0.4502,1.0166134729,5680.2359,1.0158083040868655,1.0081453039266737,0,0.4637166666666666,0,0,0.9977642062428572,0,4180.833333333333,1.2777356986246762,20296195.895761285,1.0575719560984946
2019-09-07,,,,,,,1.0055519991980515,0.4584,1.020577288,5684.0068,1.0168692601062947,1.0077645016492345,0,0.4611166666666666,0,0,1.0043996071285717,0,4180.833333333333,,20296195.895761285,
2019-09-08,630418.0,2141.0,,,,,1.00571212353378,0.4536,1.0111818657,5686.6251,1.017171048501044,1.0076935938075724,0,0.45848,0,0,1.0074914873,0,4056.1666666666665,0.527838270945474,19935198.593612917,
2019-09-09,,,,,,,1.004035622323589,0.4495,1.0186483239,5688.029,1.017089796794182,1.0077542783620737,0,0.4564766666666667,0,0,1.013913329242857,0,4056.1666666666665,,19935198.593612917,
2019-09-10,,,23662199.3205437,69.6237820517503,37.34868133,339858.0,1.000527283303651,0.4361,0.9963407739,5687.7118,1.015157974047827,1.007363604958654,0,0.4537233333333333,0,0,1.0144714308857143,1,4056.1666666666665,,20401073.684479263,1.1598506866109424
2019-09-11,1284545.5,3639.5,,,,,1.0246097896804434,0.4375,1.1115175319,5704.6901,1.0177227338136752,1.0079446468299615,0,0.4512366666666666,0,0,1.027636769814286,0,3707.5,0.9816587997302764,20401073.684479263,
2019-09-12,,,,,,,1.0049064611697751,0.4512,0.9860836148,5708.8848,1.017408683691307,1.0077352287329198,0,0.45,0,0,1.0229946958714284,1,3707.5,,19981310.30489214,
2019-09-13,6865192.0,10883.5,,,,,1.0077740234306365,0.4478,0.9966946946,5712.2321,1.007588186091418,1.0077979651961626,0,0.4500933333333333,0,0,1.0201491561142857,1,5554.666666666667,1.9593434949591932,19981310.30489214,
2019-09-14,,,20523303.2794348,67.6138437140606,21.0247188,299894.0,1.0049355224713017,0.4486,1.006766406,5714.2645,1.0075001179875966,1.0080963280259252,0,0.4497033333333333,0,0,1.0181761729714285,0,5554.666666666667,,20049059.42670997,1.023654169636159
2019-09-15,358505.0,1459.5,,,,,1.0045468192302096,0.4454,0.9992101635,5715.8698,1.0073336459442297,1.0081699093264922,0,0.4491066666666666,0,0,1.0164659298,1,5327.5,0.2739558892538714,20049059.42670997,
2019-09-16,,,,,,,1.001209245808748,0.4427,1.0011865636,5716.6922,1.0069298778706808,1.008247503860254,0,0.44871,0,0,1.0139713926142857,0,5327.5,,20510531.14758754,
2019-09-17,,,,,,,1.0035207775824648,0.4391,1.0129327379,5718.7579,1.0073575199105114,1.0083013421737277,0,0.44798,0,0,1.0163416731857142,0,5327.5,,20510531.14758754,
2019-09-18,1097241.0,2994.0,22533478.5270288,62.0440781613469,34.12588668,363185.0,1.0141167120120995,0.4365,1.0032051416,5725.5423,1.0058585088150336,1.0085913971187308,0,0.4462666666666666,0,0,1.0008684745714285,0,5112.333333333333,0.5856425637347591,20763399.5700177,1.085249958757577
2019-09-19,,,,,,,0.99741419260788,0.4422,0.9986672643,5727.5064,1.0047881847347628,1.008467951247954,1,0.4449466666666667,0,0,1.0026661387857143,1,5112.333333333333,,20763399.5700177,
2019-09-20,8842541.5,15942.0,,,,,1.0036495883120933,0.4367,0.9836335192,5728.8757,1.004198979717828,1.008592701115764,0,0.44459,0,0,1.000800256585714,1,6798.5,2.3449290284621607,21139096.662081745,
2019-09-21,,,,,,,1.0000618810102309,0.4263,1.0074964622,5728.8293,1.0035027452233891,1.00860251722145,0,0.4438433333333333,0,0,1.0009045503285714,0,6798.5,,21139096.662081745,
2019-09-22,1256303.5,3973.0,21169975.568586,66.3300828377716,20.52728871,318713.0,0.9999833301106316,0.4297,0.9979429235,5729.5987,1.002850818206307,1.006711995607009,1,0.4427666666666667,0,0,1.0007235160428571,1,7636.333333333333,0.5202758741106116,21142956.52539477,1.0012779217116003
2019-09-23,,,,,,,0.9984717470811988,0.4091,0.9906349545,5727.159,1.0024597469595142,1.0066139699067371,1,0.4414766666666666,0,0,0.9992161433142857,1,7636.333333333333,,21142956.52539477,
2019-09-24,,,,,,,0.9957749587797236,0.3367,0.9740374484,5713.1258,1.0013532014162654,1.006330304332182,1,0.4378633333333333,0,0,0.9936596733857144,1,7636.333333333333,,21302942.56887961,
2019-09-25,949886.0,3290.5,,,,,0.9723566661689038,0.3233,0.9827597116,5700.5126,0.9953874805815232,1.0051695058855308,1,0.4333499999999999,0,0,0.9907388976714284,1,7735.166666666667,0.4253948417401047,21302942.56887961,
2019-09-26,,,18142040.4350672,50.309449944586,32.64172934,355775.0,0.9632845932721702,0.298,0.9173248804,5680.2162,0.9905118235335646,1.0036979797299996,1,0.42835,0,0,0.9791185571142856,1,7735.166666666667,,20907829.802153066,0.8677151386223239
2019-09-27,10775266.5,20920.5,,,,,0.9941901181790592,0.3062,0.964890661,5680.0344,0.9891604706574167,1.0035020776603425,1,0.4244566666666667,0,0,0.9764410059428572,1,9394.666666666666,2.226848566562589,20907829.802153066,
2019-09-28,,,,,,,0.9873087863499128,0.3079,0.9329755761,5676.4576,0.9873385999916572,1.0034264812227542,1,0.4210966666666666,0,0,0.9657951650714286,1,9394.666666666666,,21009068.5097003,
2019-09-29,196802.0,781.5,,,,,0.992649294613292,0.2964,0.9641166275,5674.4101,0.9862908806348945,1.0032416554945969,1,0.4171566666666667,0,0,0.9609628370714286,1,8330.833333333334,0.0938081424427328,21009068.5097003,
2019-09-30,,,13436667.5184307,43.1497755861691,41.0132903,311396.0,0.994199349994676,0.315,0.949803772,5673.0567,0.9856805381939624,1.0031107902590175,1,0.41378,0,0,0.955129811,1,8330.833333333334,,20062518.3857916,0.6697398232889163
2019-10-01,,,,,,,0.9920554888392012,0.3183,0.9255301658,5668.1949,0.9851491853453164,1.00272598639464,1,0.41021,0,0,0.9482001992,1,8330.833333333334,,20062518.3857916,
2019-10-02,1249212.5,3337.5,,,,,0.9943228273814428,0.3223,0.9785887443,5667.1939,0.9882872083756792,1.002383267831634,1,0.4056633333333333,0,0,0.9476043467285716,1,8346.5,0.399868208230995,20133193.177704245,
2019-10-03,,,,,,,0.992244563623707,0.3138,0.9584571642,5664.4675,0.9924243469973274,1.0016564185348196,1,0.40045,0,0,0.9534803872714284,1,8346.5,,20133193.177704245,
2019-10-04,1902978.5,5546.0,15198779.2000248,45.0705446264621,27.80367596,337222.0,0.994170007555082,0.3066,0.968734997,5662.3938,0.9924214740510447,1.0012402030760057,1,0.39508,0,0,0.9540295781285716,1,3221.6666666666665,1.721469218830833,19516391.430494312,0.7787699511025766
2019-10-05,,,,,,,0.9963383083344364,0.3046,0.9765112846,5662.0213,0.9937114057631196,1.0008813196196082,1,0.3896566666666666,0,0,0.9602489650571427,1,3221.6666666666665,,19516391.430494312,
2019-10-06,,,,,,,0.9918112317295066,0.2795,0.9666311379,5659.3694,0.9935916824940074,0.99805777712293,1,0.3839666666666667,0,0,0.9606081808285716,1,4441.75,,19238063.40701657,
2019-10-07,502229.0,1988.5,,,,,0.9949299066326208,0.312,0.9578018966,5659.4502,0.9936960477279996,0.9977037073707488,1,0.3790866666666667,0,0,0.9617507700571428,1,3624.0,0.5487030905077263,19238063.40701657,
2019-10-08,,,17060959.4496355,50.02011085204,27.65920023,336354.0,1.0007059281116395,0.309,0.9442268966,5659.6218,0.9949318247669192,0.997536834190011,0,0.3742666666666667,0,0,0.9644217316,1,3624.0,,18965925.412343934,0.8995585018240874
2019-10-09,402419.0,991.0,,,,,0.9995042478228048,0.3416,0.9662956983,5661.3614,0.9956720276871138,0.997385788373318,1,0.37067,0,0,0.9626655821714284,1,2841.833333333333,0.3487185502316579,18965925.412343934,
2019-10-10,,,,,,,0.9996080341481282,0.34,0.9651704408,5661.2115,0.9967239520477454,0.9973551467348006,1,0.3674666666666667,0,0,0.9636246216857144,1,2841.833333333333,,18295029.139743973,
2019-10-11,3028865.5,8586.5,,,,,0.9949317576386444,0.3174,0.9880826037,5658.4999,0.9968327734882544,0.996365879000074,1,0.3634633333333333,0,0,0.9663885655,1,3855.3333333333335,2.227174476915096,18295029.139743973,
2019-10-12,,,14021139.9221787,46.4748599476245,20.76242438,301693.0,1.001586402141245,0.3201,0.9809581505,5659.1084,0.9975825011749412,0.9962552103657896,0,0.3590933333333333,0,0,0.9670238320571428,1,3855.3333333333335,,17760792.987548314,0.7894433504184527
2019-10-13,,,,,,,0.9960106955659128,0.3176,0.9773785694,5658.2999,0.9981824245801424,0.9958630994369656,1,0.3547533333333333,0,0,0.9685591794142858,1,3855.3333333333335,,17760792.987548314,
2019-10-14,487642.0,1639.5,,,,,1.07249471434276,0.319,0.9708395429,5684.0817,1.0092631113958763,0.9981150724993476,0,0.3504333333333334,0,0,0.9704217003142858,1,3739.0,0.4384862262637068,17366148.66013596,
2019-10-15,,,,,,,0.9865822768041528,0.3041,0.9740586225,5678.9449,1.0072454469233785,0.9975162544184788,1,0.3457233333333333,0,0,0.9746833754428572,1,3739.0,,17366148.66013596,
2019-10-16,2281004.0,4708.0,14633533.2162171,43.2339749883066,29.13647841,338473.0,0.9920553837834138,0.2909,0.9569594755,5675.5903,1.0061813234891797,0.997211125684301,1,0.3406633333333333,0,0,0.9733496293285716,1,4978.0,0.9457613499397348,17024571.7296461,0.8595536762158126
2019-10-17,,,,,,,0.995201369603274,0.2971,0.9731039836,5673.8296,1.005551799982772,0.9969338120849948,1,0.33593,0,0,0.9744829925857142,1,4978.0,,17024571.7296461,
2019-10-18,974214.5,3372.0,,,,,0.9937828990714782,0.2874,0.9642693679,5671.5459,1.0053876773303194,0.9962560183203074,1,0.33096,0,0,0.9710811017571428,1,3239.833333333333,1.040794279541129,16237585.044305716,
2019-10-19,,,,,,,0.9997620331634322,0.2865,0.9820898838,5671.5058,1.005127053190632,0.996334279672159,1,0.32577,0,0,0.9712427779428572,1,3239.833333333333,,16237585.044305716,
2019-10-20,,,14984777.0324384,51.4650747772336,15.84344804,289796.0,0.9999682487768096,0.3094,0.9741804165,5672.4424,1.0056924179350455,0.9962115683543163,1,0.3215266666666667,0,0,0.9707858989571428,1,3239.833333333333,,16080984.0428223,0.931832093890225
2019-10-21,599225.5,1930.0,,,,,0.99455179580381,0.3095,0.9738024304,5670.2851,0.9945577152866244,0.9960278988474356,1,0.3176333333333333,0,0,0.9712091686,1,3336.6666666666665,0.5784215784215785,16080984.0428223,
2019-10-22,,,,,,,0.997803176837406,0.2941,0.9886104037,5667.9054,0.9961607010056606,0.9959552270716614,1,0.3131133333333333,0,0,0.9732879944857143,1,3336.6666666666665,,15353985.253427483,
2019-10-23,2577413.0,6360.0,,,,,0.981674594915704,0.2416,0.9536766931,5656.4818,0.9946777311674164,0.9953953219994784,1,0.30753,0,0,0.9728190255714284,1,3887.3333333333335,1.6360830046304236,15353985.253427483,
2019-10-24,,,12594197.4342478,41.449687615801,28.9599249,303843.0,0.9727549937515122,0.2427,0.9190724953,5645.3702,0.991471106045736,0.9946279898318712,1,0.3043966666666666,0,0,0.9651002415285712,1,3887.3333333333335,,15009011.776030025,0.8391090381021102
2019-10-25,14663244.0,24724.0,,,,,1.009117157811455,0.3465,0.9277906487,5656.7135,0.9936617144371612,0.9958533395532896,0,0.30517,0,0,0.9598889959285714,1,11004.666666666666,2.246683225298358,15009011.776030025,
2019-10-26,,,,,,,1.0320720320064547,0.3867,0.9484065986,5672.7855,0.998277428557593,0.9981462541777658,0,0.3081266666666666,0,0,0.9550770980428572,1,11004.666666666666,,14561436.253310427,
2019-10-27,,,,,,,1.015669273303706,0.4059,1.0374870796,5678.7892,1.0005204320614356,0.998862226015254,0,0.31145,0,0,0.9641209070571428,0,11004.666666666666,,14561436.253310427,
2019-10-28,1464766.5,3983.5,16254462.7222859,52.4996292841207,37.98415405,309611.0,1.0123922041354314,0.3897,1.0384378982,5687.8163,1.0030690618230955,0.999698339941438,0,0.3141766666666666,0,0,0.9733545453142856,0,11689.166666666666,0.3407856277179725,14773064.561932364,1.100276970573245
2019-10-29,,,,,,,1.0089934574163606,0.396,1.0396012122,5696.1425,1.004667673334375,1.0002431453682068,0,0.3174966666666666,0,0,0.9806389465285712,0,11689.166666666666,,14773064.561932364,
2019-10-30,2511420.5,6064.0,,,,,1.0010806977546651,0.3796,1.0196326592,5697.2055,1.0074399737399409,1.0004725236268732,0,0.31965,0,0,0.9900612274,0,11590.5,0.5231870928777879,14963978.42528974,
2019-10-31,,,,,,,1.0023929491965622,0.3775,1.0069766818,5699.0245,1.0116739673749475,1.0008171056387851,0,0.3216233333333333,0,0,1.0026189683285716,0,11590.5,,14963978.42528974,
2019-11-01,9614546.5,16943.0,15476389.7763189,48.3729391425207,40.18774408,316187.0,1.013273411621585,0.383,0.9931236902,5708.0139,1.012267717919252,1.0014487917801234,0,0.3236466666666667,0,0,1.0119522599714286,1,8996.833333333334,1.8832181693558845,15028029.844168387,1.029834910949721
2019-11-02,,,,,,,1.00408605958744,0.386,0.992632295,5709.9705,1.0082697218593928,1.0018435083122477,0,0.3260533333333333,0,0,1.0182702166,1,8996.833333333334,,15028029.844168387,
2019-11-03,,,,,,,0.9992069981336243,0.38,0.9946017227,5709.8158,1.005917968263667,1.0020114079981992,1,0.3285,0,0,1.0121437370428572,1,8996.833333333334,,15003637.079046044,
2019-11-04,2694639.5,6390.0,,,,,1.004352425312566,0.3934,1.0023553218,5713.3284,1.004769428431829,1.0022785452308036,0,0.33146,0,0,1.0069890832714286,0,9799.0,0.6521073578936626,15003637.079046044,
2019-11-05,,,17451427.0960617,52.3194888281144,43.73232482,332839.0,0.967899760138003,0.3893,0.8839536305,5697.9439,0.9988989002492064,1.0014814961777534,1,0.33512,0,0,0.9847537144571428,1,9799.0,,15309610.831173,1.139900111668913
2019-11-06,6753128.0,14476.0,,,,,1.0004097605958506,0.3908,0.9932631943,5699.0738,0.9988030520836616,1.0016641579765275,0,0.3377466666666667,0,0,0.9809866480428572,1,12603.0,1.148615409029596,15309610.831173,
2019-11-07,,,,,,,1.0027325042299893,0.3811,1.0016405024,5700.7353,0.9988515599455796,1.001731710513806,0,0.34015,0,0,0.9802243367,0,12603.0,,15059418.171392644,
2019-11-08,8792395.5,17453.0,,,,,0.9952605027258726,0.3521,0.9978233441,5695.7082,0.9962782872461922,1.0015902523439084,1,0.3404999999999999,0,0,0.9808957158285716,1,12773.0,1.366397870508103,15059418.171392644,
2019-11-09,,,16111246.6162539,52.623101472921,29.44260954,306163.0,0.997088231855392,0.3536,0.9924648339,5694.9441,0.9952785975701854,1.0015062589341504,1,0.3409533333333333,0,0,0.9808717928142856,1,12773.0,,15190896.7270003,1.0605856195189431
2019-11-10,,,,,,,1.0022073802337557,0.37,0.9917485398,5696.595,0.9957072235844898,1.0017487796873208,0,0.3427066666666666,0,0,0.980464195257143,1,12773.0,,15190896.7270003,
2019-11-11,1233042.5,3334.0,,,,,0.9978944952972362,0.3463,0.9875684321,5695.7159,0.9947846621537284,1.001625716125854,1,0.34358,0,0,0.9783517824428573,1,11754.333333333334,0.2836400760003403,15358004.841974812,
2019-11-12,,,,,,,1.0012973263454104,0.3518,0.9822000012,5697.2395,0.999555743040501,1.001801937151837,0,0.3447199999999999,0,0,0.9923869782571428,1,11754.333333333334,,15358004.841974812,
2019-11-13,4046458.5,9618.0,15067619.9304147,47.2420634605174,34.31516352,318945.0,1.016525832632489,0.349,0.9820080502,5707.0521,1.001858039045735,0.9999363077614948,0,0.34572,0,0,0.9907791005285714,1,10135.0,0.9489886531820424,15321706.7280298,0.9834165473778278
2019-11-14,,,,,,,0.9978260137561612,0.34,0.9850807035,5705.6756,1.001157111835188,1.0003110989932285,1,0.3469166666666667,0,0,0.9884134149714284,1,10135.0,,15321706.7280298,
2019-11-15,90245240.0,14335.5,,,,,0.9978223942360016,0.3262,0.9877287867,5703.9981,1.001523096336635,1.0005033326749813,1,0.3480933333333333,0,0,0.9869713353428572,1,9095.833333333334,1.576051305542831,15420017.22971733,
2019-11-16,,,,,,,0.9975084564872136,0.3272,0.9845382641,5703.4672,1.0015831284268957,1.0005802355711126,1,0.3490966666666666,0,0,0.9858389682285714,1,9095.833333333334,,15420017.22971733,
2019-11-17,,,16582477.2990228,62.7245046677867,21.08122965,264370.0,0.99982330174492,0.3294,0.9859103857,5703.5546,1.001242545785633,1.000781582326894,1,0.3504966666666667,0,0,0.9850049462142856,1,9095.833333333334,,15565324.738380512,1.065347339534409
2019-11-18,855139.0,2591.5,,,,,0.996002814355416,0.3035,0.9756827473,5699.4295,1.0009723056510873,1.0006562750332937,1,0.3510633333333333,0,0,0.9833069912428573,1,8848.333333333334,0.2928800150687511,15565324.738380512,
2019-11-19,,,,,,,0.9941027483428316,0.2981,0.9839415721,5697.5103,0.9999445087935762,1.000460758352161,1,0.3506866666666666,0,0,0.9835557870857142,1,8848.333333333334,,15648260.124943672,
2019-11-20,4843488.0,8125.5,,,,,0.98875012089253,0.295,0.9579148156,5694.2848,0.995976549973582,1.0002673691884516,1,0.3502033333333333,0,0,0.9801138964285714,1,8350.833333333334,0.9730166650034926,15648260.124943672,
2019-11-21,,,13715760.945241,42.3386065467349,36.85944226,323954.0,0.9891910361244746,0.2532,0.9597252,5685.2047,0.994742981740484,0.9999802978313538,1,0.34884,0,0,0.9764916816428572,1,8350.833333333334,,15406697.727480838,0.8902466438850343
2019-11-22,8548866.5,13992.5,,,,,0.9753772949322872,0.2208,0.9269780083,5670.2845,0.9915365389828104,0.9997703878319064,1,0.3481466666666666,0,0,0.9678129990142856,1,8236.5,1.6988405269228437,15406697.727480838,
2019-11-23,,,,,,,0.9813518081741992,0.2268,0.9329932704,5663.285,0.9892284463666654,1.000056948312663,1,0.3476166666666666,0,0,0.9604494284857142,1,8236.5,,15808483.483656986,
2019-11-24,,,,,,,1.001754455639633,0.1846,0.9598133216,5661.7738,0.9895043254944816,0.9998115249069354,0,0.34222,0,0,0.9567212764714286,1,8236.5,,15808483.483656986,
2019-11-25,1049959.5,2939.0,11205569.8205629,39.3016544806619,32.18493307,279470.0,0.9827055645509796,0.2077,0.9296616041,5655.9294,0.9876047183795622,0.9981659759917528,1,0.3362533333333333,0,0,0.9501468274428572,1,8352.333333333334,0.3518777188011334,15233119.275770225,0.735605729706749
2019-11-26,,,,,,,0.9861881049847888,0.2116,0.8996488473,5649.1185,0.9864740550426988,0.9971832703811224,1,0.3297766666666666,0,0,0.9381050096142856,1,8352.333333333334,,15233119.275770225,
2019-11-27,6300136.5,11845.0,,,,,0.9838635606910326,0.2498,0.9172723036,5646.6796,0.9857759750139136,0.9962323155996424,1,0.3251133333333333,0,0,0.9322989364714286,1,9592.166666666666,1.2348617795770855,15087213.069125129,
2019-11-28,,,,,,,0.9989099505809542,0.2409,0.9594855742,5644.8724,0.9871643913648392,0.9958961987051288,1,0.3199433333333333,0,0,0.9322647042142858,1,9592.166666666666,,15087213.069125129,
2019-11-29,8920558.0,14960.5,14142605.488628,43.463953657116,32.70649438,311290.0,0.9961696843942884,0.2714,0.968207128,5645.0136,0.9901347327165536,0.9957324982597828,1,0.3163366666666667,0,0,0.9381545784571428,1,9914.833333333334,1.5089008051908754,14969137.121562988,0.9447842834077342
2019-11-30,,,,,,,0.9903556814783288,0.2534,0.9388530698,5641.1716,0.9914210003314292,0.9953312560025084,1,0.3122,0,0,0.9389916926571428,1,9914.833333333334,,14969137.121562988,
2019-12-01,,,,,,,0.9908012597759344,0.2397,0.9863002076,5639.5152,0.9898562580651868,0.99458218427432,1,0.3074233333333333,0,0,0.9427755335142856,1,9914.833333333334,,14896672.456597855,
2019-12-02,600514.5,1821.5,,,,,0.9870642807805732,0.23,0.9506601241,5635.0511,0.9904789318122714,0.9940147916474246,1,0.3022233333333333,0,0,0.9457753220857142,1,9542.333333333334,0.1908862262898662,14896672.456597855,
2019-12-03,,,14637722.1146156,43.4983659263729,25.47734062,336512.0,0.9868269548102764,0.2294,0.939100703,5630.424,0.9905701960730554,0.9936021235366465,1,0.2972033333333333,0,0,0.9514113014714286,1,9542.333333333334,,14864303.663850076,0.9847566657437496
2019-12-04,3131720.0,5042.5,,,,,0.9985527485447852,0.2203,0.9923621561,5625.8958,0.9926686514807344,0.9934088009777204,1,0.2914333333333333,0,0,0.9621384232571428,1,7274.833333333333,0.6931430273316685,14864303.663850076,
2019-12-05,,,,,,,0.9916548336752052,0.2404,0.943716418,5623.8022,0.9916322062084844,0.9942006367622936,1,0.28647,0,0,0.9598856866571428,1,7274.833333333333,,14494714.602105558,
2019-12-06,562500.0,1505.0,,,,,0.9953062910806896,0.2538,0.9436105582,5621.7333,0.9915088643065418,0.9940305211117884,1,0.2819033333333333,0,0,0.9563718909714286,1,2789.6666666666665,0.5394909786115426,14494714.602105558,
2019-12-07,,,15286888.4929326,53.4140536308424,18.05659965,285284.0,1.0008274143228717,0.2517,0.9860721982,5621.426,0.9930048261414764,0.9939670181148844,0,0.27759,0,0,0.9631174807428572,1,2789.6666666666665,,14593736.338458937,1.0474965518355297
2019-12-08,,,,,,,0.9988950597368588,0.2534,0.9840709685,5621.2439,0.9941610832787514,0.9940881700152506,1,0.2743,0,0,0.9627990180142856,1,2789.6666666666665,,14593736.338458937,
2019-12-09,835799.0,2469.5,,,,,0.9969557078715836,0.2345,0.9899164082,5618.7178,0.995574144291753,0.9940837525491236,1,0.27033,0,0,0.9684070586,1,3005.6666666666665,0.8216147277364978,14376949.1559168,
2019-12-10,,,,,,,0.9946615686633656,0.2235,0.9912703645,5615.675,0.9966933748421944,0.9938322254967774,1,0.2654466666666666,0,0,0.9758598673857144,1,3005.6666666666665,,14376949.1559168,
2019-12-11,7395167.0,14236.0,12062018.8328855,41.414941331393,24.60426083,291248.0,0.9923242216270052,0.2205,0.9814612588,5612.5248,0.9958035852825114,0.9936465497077696,1,0.2612533333333333,0,0,0.974302596342857,1,6070.166666666667,2.3452403832953514,14087582.865537887,0.8562163536508824
2019-12-12,,,,,,,0.9912193492709164,0.2201,0.9701704695,5609.8199,0.9957413732247558,0.99331061713862,1,0.2568633333333333,0,0,0.9780817465571428,1,6070.166666666667,,14087582.865537887,
2019-12-13,314505.0,1246.5,,,,,0.9962792267021624,0.2258,0.9783144115,5609.0398,0.9958803640278232,0.9926357302742757,1,0.2527566666666667,0,0,0.9830394398857144,1,5984.0,0.2083054812834224,13947577.570555484,
2019-12-14,,,,,,,0.9945497693381736,0.207,0.9719455837,5607.2638,0.994983557601438,0.9925265221270094,1,0.2483233333333333,0,0,0.9810213521,1,5984.0,,13947577.570555484,
2019-12-15,,,11126047.8730105,42.2335470675045,20.4478166,263441.0,0.9980096027094836,0.2115,0.9826609429,5607.0906,0.9948570637403844,0.9925327624094588,1,0.2445,0,0,0.9808199198714284,1,5984.0,,13594886.358362362,0.8183994760770286
2019-12-16,1344916.0,3612.5,,,,,0.9892158238037946,0.1859,0.9616469898,5602.6779,0.9937513660164145,0.9922563413200114,1,0.23979,0,0,0.9767814315285712,1,6365.0,0.5675569520816968,13594886.358362362,
2019-12-17,,,,,,,0.990903905176549,0.1534,0.970945383,5595.1042,0.9932145569468692,0.9919590281010658,1,0.2339233333333333,0,0,0.9738778627428571,1,6365.0,,13168087.652553728,
2019-12-18,7307922.0,17988.0,,,,,0.9786017229443889,0.2325,0.8822258359,5590.6464,0.9912541999922098,0.991378991720698,1,0.2315566666666667,0,0,0.9597013737571428,1,7615.666666666667,2.3619731255744734,13168087.652553728,
2019-12-19,,,14591652.0228841,44.5246170458534,28.71547007,319555.0,1.0010221834617825,0.2178,0.9341898707,5589.9507,0.9926546048766192,0.9916096395579964,0,0.22888,0,0,0.9545612882142857,1,7615.666666666667,,13346033.198845023,1.093332513525208
2019-12-20,,,,,,,1.0017223976673866,0.2218,0.9640881933,5590.5208,0.993432200728794,0.9920420487838252,0,0.22644,0,0,0.9525289713285714,1,10800.25,,13346033.198845023,
2019-12-21,326710.0,1074.5,,,,,0.9982076405823312,0.2171,0.9855344877,5590.0821,0.9939547537636738,0.9923426022657535,1,0.2252366666666666,0,0,0.9544702433285714,1,7558.333333333333,0.1421609702315325,13293214.949359884,
2019-12-22,,,,,,,0.9999771167864386,0.2525,0.9785109254,5591.1483,0.9942358272032388,0.9931625963275588,1,0.2262933333333333,0,0,0.9538773836857144,1,7558.333333333333,,13293214.949359884,
2019-12-23,369366.0,1091.5,13758030.7646397,45.1174690089122,18.87107421,304845.0,1.0024507753741574,0.2365,0.9873840379,5590.226,0.9961265345704334,0.993865895234224,0,0.2266166666666667,0,0,0.9575541048428572,1,6718.0,0.1624739505805299,13351316.926269865,1.030462451053768
2019-12-24,,,,,,,1.0017837229380842,0.2274,1.0010644554,5590.3442,0.9976807942506528,0.993866870810839,0,0.2280433333333333,0,0,0.9618568294714286,0,6718.0,,13351316.926269865,
2019-12-25,753176.5,2497.5,,,,,0.9611394082167474,0.2239,0.8932050882,5580.9412,0.9951861778609896,0.9931479989330312,1,0.2285833333333333,0,0,0.9634252940857144,1,1554.5,1.6066259247346413,13657852.227085143,
2019-12-26,,,,,,,0.9960873051028504,0.2245,0.9687059904,5579.6187,0.9944811952382852,0.9934779722703,1,0.2290133333333333,0,0,0.9683561683285714,1,1554.5,,13657852.227085143,
2019-12-27,,,13514433.1871364,40.8919855219548,17.11633792,322204.0,0.9947309939297893,0.2292,0.9823438059,5578.0655,0.9934824232757712,0.9938402200449252,1,0.2283266666666667,0,0,0.9709641129857144,1,1554.5,,13639924.84709155,0.9907996809834396
2019-12-28,2660720.0,8378.5,,,,,0.9981013727368876,0.2366,0.974957758,5577.9641,0.9934672421549936,0.993813267450123,1,0.2281833333333333,0,0,0.9694531516,1,3989.1666666666665,2.100313348652601,13639924.84709155,
2019-12-29,,,,,,,0.9735955640950028,0.2462,0.9932785382,5571.6629,0.98969844891336,0.99306079677348,1,0.2273433333333333,0,0,0.9715628105714283,1,3989.1666666666665,,13568113.326872056,
2019-12-30,863098.5,2881.5,,,,,1.0008614753877871,0.2293,0.9476022213,5571.7205,0.989471406058164,0.9934109899037956,0,0.22654,0,0,0.965879693914286,1,4585.833333333333,0.6283481737234237,13568113.326872056,
2019-12-31,,,13152944.2201164,44.8222139606688,14.84211896,293447.0,0.993584137189624,0.2229,0.9858195186,5569.8569,0.988300036665527,0.9935037524842516,1,0.22598,0,0,0.9637018458,1,4585.833333333333,,13516217.1885276,0.9731231776358594
2020-01-01,552490.5,1634.5,,,,,0.9979227797245436,0.2233,0.9874000509,5569.7029,0.9935548040237836,0.9938657024490508,1,0.2257566666666667,0,0,0.9771582690428572,1,4298.166666666667,0.3802784132769785,13516217.1885276,
2020-01-02,,,,,,,0.9965260095557096,0.1984,0.9865148473,5568.354,0.9936174760884776,0.9941890042738986,1,0.2247233333333333,0,0,0.9797023914571428,1,4298.166666666667,,13356002.199086456,
2020-01-03,,,,,,,1.0011821784926342,0.2386,0.9801563073,5570.2367,0.99453907388317,0.9942766519388267,0,0.2253333333333333,0,0,0.979389891657143,1,4298.166666666667,,13356002.199086456,
2020-01-04,512040.0,1582.5,15650931.3942571,53.9107284378774,12.31216518,287215.0,0.996065482552308,0.2416,0.958922513,5569.3014,0.99424823242823,0.9944236735680636,1,0.2253733333333333,0,0,0.9770991423714284,1,2032.8333333333333,0.7784701156021973,13642868.348482788,1.1471877463361748
2020-01-05,,,,,,,1.0015932649548864,0.2418,0.9949513517,5569.3758,0.9982479039796418,0.99463323936387,0,0.2249733333333333,0,0,0.9773381157285714,1,2032.8333333333333,,13642868.348482788,
2020-01-06,1254468.0,3513.0,,,,,1.0037760714551462,0.2823,1.0038255661,5573.143,0.9986642748464076,0.994731527934946,0,0.2259933333333333,0,0,0.9853700221285714,0,2243.333333333333,1.5659732540861813,13408008.327847105,
2020-01-07,,,,,,,1.0089465557544883,0.3145,0.9932041472,5577.5703,1.0008589060699595,0.9950665778022004,0,0.22803,0,0,0.9864249690714286,1,2243.333333333333,,13408008.327847105,
2020-01-08,14362872.5,26188.0,14890476.7245234,46.8226009280057,30.83081053,318019.0,1.010273122870074,0.3076,1.0183264758,5580.1593,1.0026232408050353,0.9955104916354832,0,0.2304666666666666,0,0,0.9908430297714286,0,10427.833333333334,2.511355826553934,13593316.87743164,1.0954262935814714
2020-01-09,,,,,,,1.0059251185001865,0.2858,1.0671928161,5582.7159,1.0039659706542463,0.9958859432967108,0,0.2325433333333333,0,0,1.0023684538857145,0,10427.833333333334,,13593316.87743164,
2020-01-10,,,,,,,1.0020443008348805,0.3128,1.0075045998,5586.729,1.0040891309888529,0.9962099459369732,0,0.23562,0,0,1.0062753528142856,0,10427.833333333334,,13812073.74093823,
2020-01-11,548264.5,1627.5,,,,,1.0033339378109412,0.3044,0.9939654221,5587.2783,1.005127481740086,0.996613765554974,0,0.23843,0,0,1.0112814826857144,1,10442.833333333334,0.1558485085465311,13812073.74093823,
2020-01-12,,,15625350.6674988,54.7886892998734,14.53164303,283136.0,1.005122331286935,0.3155,1.0241439022,5588.9331,1.005631634073236,0.9969085357077998,0,0.24142,0,0,1.0154518470428573,0,10442.833333333334,,14038733.3567583,1.1130171270028928
2020-01-13,1270735.5,2318.5,,,,,1.006266545035328,0.3117,1.0175098152,5590.6635,1.005987416013262,0.997299094897705,0,0.24491,0,0,1.0174067397714286,0,10044.666666666666,0.230819008429017,14038733.3567583,
2020-01-14,,,,,,,1.0236873638655195,0.3649,1.0458438728,5607.7459,1.0080932457434093,0.9981550202695728,0,0.2500233333333333,0,0,1.0249267005714289,0,10044.666666666666,,14454831.283007983,
2020-01-15,4208724.5,12176.5,,,,,1.0119835849962997,0.3625,1.0226807686,5617.0967,1.0083375974757272,0.9989139456426562,0,0.2559099999999999,0,0,1.0255487424,0,5374.166666666667,2.2657466273840905,14454831.283007983,
2020-01-16,,,17478168.636505,53.6227320285354,23.85247351,325947.0,1.011721204285087,0.3552,1.02827789,5622.1074,1.0091656097307131,0.9996078556129409,0,0.2626366666666667,0,0,1.019989467242857,0,5374.166666666667,,14832748.452195114,1.1783499661465902
2020-01-17,,,,,,,1.0097650815244337,0.3686,1.0103421084,5627.7305,1.010268578400649,1.0006466342322755,0,0.2671733333333333,0,0,1.0203948256142856,0,5374.166666666667,,14832748.452195114,
2020-01-18,283243.5,748.5,,,,,1.0075492827254382,0.3694,1.0287790502,5629.9445,1.0108707705312916,1.000864204207731,0,0.2722266666666667,0,0,1.025368201057143,0,5081.166666666667,0.1473086889493882,14867190.799239544,
2020-01-19,,,,,,,1.0008163297074055,0.352,1.0205020481,5629.6548,1.0102556274485015,1.0008340019423982,0,0.2765666666666667,0,0,1.0248479361857143,0,5081.166666666667,,14867190.799239544,
2020-01-20,449966.5,1134.0,16034934.2929324,50.056922752291,17.74334005,313661.0,0.9991266076416612,0.3482,1.0204103667,5629.3851,1.0092356363922637,1.0008646341777092,1,0.2809366666666666,0,0,1.0252623006857142,0,4686.333333333333,0.2419802261896294,15013158.73595115,1.0680586660643547
2020-01-21,,,,,,,1.0039998107334067,0.355,1.0085037016,5631.3772,1.0064231288019616,1.0009987239759417,0,0.2843533333333333,0,0,1.0199279905142855,0,4686.333333333333,,15013158.73595115,
2020-01-22,4453972.0,9026.5,,,,,1.0023237709523527,0.3487,1.0096073756,5632.1851,1.0050431553671122,1.0009944904952146,0,0.2880933333333333,0,0,1.018060362942857,0,3636.3333333333335,2.482308185901549,15192462.731852785,
2020-01-23,,,,,,,1.000721338366968,0.3268,1.0153470844,5632.1175,1.003471745950238,1.0009590776761774,0,0.2914066666666667,0,0,1.016213105,0,3636.3333333333335,,15192462.731852785,
2020-01-24,,,16478219.0489395,51.7239595986548,16.10082373,313887.0,1.0063872561082443,0.3311,1.0029524467,5634.6007,1.0029891994622109,1.0024673392725607,0,0.29498,0,0,1.0151574390428573,0,3636.3333333333335,,15353182.271488626,1.0732771068275602
2020-01-25,2753508.0,1602.5,,,,,1.0020853157837295,0.3247,0.9996866068,5635.4365,1.0022086327562527,1.0026672729619233,0,0.29832,0,0,1.0110013757,1,3921.0,0.4086967610303494,15353182.271488626,
2020-01-26,,,,,,,1.0041673297349922,0.3425,0.9904046825,5637.1567,1.002687347045908,1.0029818174887637,0,0.3020966666666666,0,0,1.0067017520428572,1,3921.0,,15615860.712110372,
2020-01-27,5534300.5,11426.0,,,,,1.0046374417514414,0.3663,0.9993892221,5641.553,1.0034746090615907,1.0031996864559152,0,0.30642,0,0,1.0036987313857142,1,7351.666666666667,1.5542053956019042,15615860.712110372,
2020-01-28,,,16242549.0084109,47.7648977462592,22.98737848,340052.0,1.0099552753957863,0.3924,1.0122879437,5648.9802,1.004325389727645,1.004411676832608,0,0.3112933333333333,0,0,1.0042393374,0,7351.666666666667,,15694196.74914794,1.034939810429784
2020-01-29,2800063.0,7932.5,,,,,1.0266615493619484,0.3922,1.0295880664,5659.7725,1.00780221521473,1.005271679298413,0,0.3167233333333333,0,0,1.0070937218,0,6987.0,1.1353227422355805,15694196.74914794,
2020-01-30,,,,,,,1.0116301712673108,0.4037,1.0680480978,5670.1078,1.0093606199147789,1.0058732137676696,0,0.32275,0,0,1.014622438,0,6987.0,,16057232.824723871,
2020-01-31,,,,,,,1.0167858677230084,0.393,1.0572358671,5680.2842,1.0108461358597454,1.0065019833676183,0,0.3284066666666667,0,0,1.0223772123428572,0,6987.0,,16057232.824723871,
2020-02-01,460371.5,1586.5,17858163.3183205,58.7973400795474,17.4815999,303724.0,1.005084699785722,0.3943,1.0219186116,5682.6233,1.0112746192886013,1.006787273041952,0,0.3349366666666666,0,0,1.0255532130285714,0,6981.666666666667,0.2272380042969682,16282349.136423452,1.0967805178905032
2020-02-02,,,,,,,0.9998331695660142,0.3916,1.0299668587,5682.3871,1.010655453550176,1.0067423060777314,1,0.3400366666666666,0,0,1.0312049524857143,0,6981.666666666667,,16282349.136423452,
2020-02-03,9969587.0,13329.0,,,,,1.0044341125271992,0.3872,1.0203789912,5686.3021,1.0106264065181414,1.0070212604102278,0,0.34489,0,0,1.0342034909285716,0,7616.0,1.7501313025210083,16372551.671018643,
2020-02-04,,,,,,,1.0034338704289545,0.3792,1.024929221,5687.9856,1.0096947772371654,1.00708261392603,0,0.34947,0,0,1.0360093876857144,0,7616.0,,16372551.671018643,
2020-02-05,2268630.0,5657.5,19130672.8183499,51.2322154900361,25.44140813,368604.0,1.0100759917989024,0.4086,1.0167979591,5694.1973,1.007325411871016,1.007292611270822,0,0.35368,0,0,1.0341822295,0,6857.666666666667,0.8249890633354396,16717316.81443505,1.1443626408892944
2020-02-06,,,,,,,1.0172933254408334,0.4137,1.0570120974,5709.7877,1.008134433895805,1.0075708369270333,0,0.3569866666666667,0,0,1.0326056580142855,0,6857.666666666667,,16717316.81443505,
2020-02-07,,,,,,,1.025546797940818,0.4151,1.0349297307,5732.1236,1.009385995355492,1.0080799594293917,0,0.36057,0,0,1.0294190671,0,6857.666666666667,,16978293.970136713,
2020-02-08,282312.5,905.0,,,,,1.015945928371416,0.4208,1.0419389829,5740.211,1.0109375994391625,1.0084139864250994,0,0.36507,0,0,1.0322791201428572,0,6630.5,0.1364904607495664,16978293.970136713,
2020-02-09,,,19747647.2563808,61.9374694396448,19.8217869,317070.0,1.0177722044329869,0.4339,1.0325738222,5746.739,1.0135003187058729,1.0089382498783694,0,0.3691066666666666,0,0,1.0326515435,0,6630.5,,17324463.130917225,1.1398706619161645
2020-02-10,12433460.0,22145.0,,,,,1.0275052486897944,0.4164,1.0592018001,5761.6198,1.0167961953005291,1.009743960240998,0,0.37284,0,0,1.038197659057143,0,9569.166666666666,2.314203605329618,17324463.130917225,
2020-02-11,,,,,,,1.0152551846761302,0.438,1.046565078,5773.4029,1.0184849544786974,1.0100817220206375,0,0.3769233333333333,0,0,1.0412884957714286,0,9569.166666666666,,17567193.48283414,
2020-02-12,14074958.0,21058.0,,,,,1.012507017243891,0.442,1.0240906938,5781.0556,1.018832243827981,1.0102897377609232,0,0.3812666666666667,0,0,1.0423303150142855,0,14702.666666666666,1.43225718690487,17567193.48283414,
2020-02-13,,,18474198.4419548,54.3229361297891,35.47858608,340081.0,1.0113706419194055,0.4346,1.0466100359,5787.6205,1.0179861461820632,1.0098791803627194,0,0.38359,0,0,1.0408443062285715,0,14702.666666666666,,17680569.102724224,1.0448870924131222
2020-02-14,,,,,,,1.0085969445788885,0.4408,1.0417890122,5794.0838,1.0155647385589304,1.0097662923488058,0,0.3862,0,0,1.0418242035857144,0,14702.666666666666,,17680569.102724224,
2020-02-15,1790976.5,4187.5,,,,,1.0021390770166436,0.4155,1.0284697195,5793.7645,1.0135923312225343,1.0094468881065244,0,0.38821,0,0,1.0399000231,0,15796.833333333334,0.2650847743746109,17709483.455041256,
2020-02-16,,,,,,,1.0036209327370724,0.4176,1.0372945673,5796.3374,1.011570720980261,1.0092420831469455,0,0.3898433333333333,0,0,1.040574415257143,0,15796.833333333334,,17709483.455041256,
2020-02-17,7107154.0,13833.0,19823862.1987849,56.7259918641387,25.29770103,341491.0,1.0193760901,0.4014,1.011719944,5796.1071,1.0104094126102905,1.0096363100594308,0,0.39091,0,0,1.033791292957143,0,13026.166666666666,1.0619394296096318,17973780.798009213,1.1029322334330796
2020-02-18,,,,,,,1.0109063950056998,0.43,1.0196939278,5811.7595,1.0097881569430858,1.009972645569374,0,0.3935099999999999,0,0,1.0299525572142858,0,13026.166666666666,,17973780.798009213,
2020-02-19,1294939.0,4306.5,,,,,1.0072512519159815,0.3968,1.0066724299,5812.0308,1.009037333324813,1.0102434670451848,0,0.39513,0,0,1.0274642338,0,7442.333333333333,0.5786491691673759,18250758.87016305,
2020-02-20,,,,,,,0.9974206462848242,0.3955,1.0373780967,5811.3565,1.007044476805587,1.0100241615635652,1,0.39648,0,0,1.0261453853428573,0,7442.333333333333,,18250758.87016305,
2020-02-21,,,18886942.6943443,55.7986276879979,23.54449483,338484.0,1.0038138560614025,0.4008,1.0086852318,5813.5913,1.0063611784459463,1.0100738310672004,0,0.3982166666666666,0,0,1.0214162738571428,0,7442.333333333333,,18330281.848185703,1.0303683735345126
2020-02-22,3597527.0,8098.5,,,,,1.0037512729205562,0.399,1.0094021683,5815.158,1.0065914921465051,1.0101748288856534,0,0.4006233333333334,0,0,1.0186923379714286,0,8746.0,0.9259661559570088,18330281.848185703,
2020-02-23,,,,,,,1.0077778297742637,0.4165,1.0190758834,5818.9999,1.0071853345803896,1.0102211813411872,0,0.40347,0,0,1.0160896688428571,0,8746.0,,18594862.24807801,
2020-02-24,8288858.5,15964.5,,,,,1.0044202334665118,0.3967,1.0252322901,5820.278,1.0050487836327484,1.0102990119306132,0,0.40587,0,0,1.018020004,0,9456.5,1.688203880928462,18594862.24807801,
2020-02-25,,,17822599.4317669,51.4271682587918,24.54482939,334593.0,1.015260710884977,0.3764,1.0747152864,5826.7402,1.0056708287583596,1.0106687913022794,0,0.407,0,0,1.0258801980857142,0,9456.5,,18498329.396039125,0.9634707572881196
2020-02-26,,,,,,,0.9894593351770647,0.3384,1.0014120805,5821.2223,1.0031291263670856,1.010162854416467,1,0.40607,0,0,1.0251287196,0,12031.5,,18498329.396039125,
2020-02-27,3356079.5,8370.0,,,,,0.9895824592485212,0.3373,0.9673015816,5817.735,1.0020093853618997,1.0094837605448914,1,0.4042333333333333,0,0,1.0151177888714285,1,10811.0,0.7742114512996022,18820583.737128872,
2020-02-28,,,,,,,0.9951963880165604,0.3353,0.9789963518,5816.8448,1.0007783184983507,1.0084349218333784,1,0.4023366666666667,0,0,1.0108765203,1,10811.0,,18820583.737128872,
2020-02-29,981156.0,2940.0,15277906.3501235,49.6798861567392,18.50395585,307527.0,0.996454843158863,0.3224,0.9886393531,5815.1505,0.9997359713895372,1.007929077563097,1,0.3996266666666666,0,0,1.007910403842857,1,9091.5,0.3233789803662762,18377749.0637532,0.8313263118961843
2020-03-01,,,,,,,0.9929743958861124,0.3194,0.9761416035,5813.5722,0.9976211951198016,1.0071353618352004,1,0.3971733333333333,0,0,1.0017769352857144,1,9091.5,,18377749.0637532,
2020-03-02,12028202.0,23632.0,,,,,1.0046768713707777,0.3469,0.9587131891,5816.9028,0.997657857677554,1.0071217675547022,0,0.3955933333333333,0,0,0.9922742065714286,1,11647.333333333334,2.0289622803502945,18451975.598815013,
2020-03-03,,,,,,,1.0055263532283198,0.3364,0.9762227861,5818.5516,0.996267235155174,1.0073115403434456,0,0.3937533333333333,0,0,0.9782038493857144,1,11647.333333333334,,18451975.598815013,
2020-03-04,,,18948989.9695022,51.4939195062357,24.25737051,358745.0,0.9811864093687224,0.3371,0.9463892097,5804.3133,0.9950853886111252,1.0065366169048298,1,0.3920833333333333,0,0,0.9703434392714284,1,11647.333333333334,,18514102.395150915,1.0234895305788732
2020-03-05,240032.5,884.0,,,,,1.003100838893176,0.3593,0.9924675775,5806.0134,0.9970165857032188,1.0065255158536373,0,0.39142,0,0,0.9739385815428572,1,9152.0,0.096590909090909,18514102.395150915,
2020-03-06,,,,,,,1.0034546805506386,0.365,1.0010338915,5808.4689,0.9981963417795158,1.006304805478695,0,0.3899666666666667,0,0,0.9770868015,0,9152.0,,18426020.906122487,
2020-03-07,1649217.0,3967.5,,,,,1.000598897128934,0.3473,1.0036417828,5807.9151,0.9987883494895256,1.0057483245349652,0,0.3877533333333333,0,0,0.9792300057428572,0,9494.5,0.4178735057138343,18426020.906122487,
2020-03-08,,,17385259.2570763,56.9351412699975,16.14238732,302694.0,0.991211405834178,0.2843,1.0157690324,5803.6924,0.9985364937678208,1.0046038114647438,1,0.3833933333333333,0,0,0.9848910670142856,0,9494.5,,18295925.699991714,0.9502257246860252
2020-03-09,7569121.0,13666.5,,,,,0.9776031125171852,0.2663,0.9756707753,5793.527,0.9946688139315932,1.0033257176029362,1,0.3782433333333333,0,0,0.9873135793285714,1,6172.666666666667,2.214034992979803,18295925.699991714,
2020-03-10,,,,,,,0.98655876542756,0.2683,0.929311973,5787.3247,0.991959158531485,1.0022852696360889,1,0.3727233333333333,0,0,0.9806120346,1,6172.666666666667,,18088536.906221844,
2020-03-11,,,,,,,0.9781935065629468,0.2729,0.94293885,5772.7112,0.9915316009878028,1.0006415448985269,1,0.36794,0,0,0.9801191260714288,1,6172.666666666667,,18088536.906221844,
2020-03-12,12809071.0,20131.5,13544827.8769228,37.7012858874398,59.16829292,349978.0,0.9089612555513852,-0.1396,0.9468672964,5651.8383,0.9780830890818326,0.9970984139277022,1,0.3486866666666666,1,0,0.9736048002,1,12588.5,1.599197680422608,17520573.277559463,0.7730813177369692
2020-03-13,,,,,,,0.9156075315065302,0.0023,0.9461739184,5614.7314,0.9655334963612456,0.99386843106979,1,0.33403,0,0,0.9657676611857144,1,12588.5,,17520573.277559463,
2020-03-14,3429459.0,7725.0,,,,,0.9604557391583318,-0.0876,0.8724454889,5596.0428,0.9597987595083024,0.992171267644421,1,0.3166233333333333,1,0,0.9470253334857144,1,13841.0,0.5581244129759411,17384341.11121727,
2020-03-15,,,,,,,0.9681169798675116,-0.0431,0.9138248067,5589.7799,0.9564995557987788,0.9908219354873752,1,0.3004933333333334,1,0,0.9324618726714284,1,13841.0,,17384341.11121727,
2020-03-16,17037370.5,26505.5,7889846.94060429,28.6531555057772,61.56626918,270399.0,0.9427383056962692,-0.1104,0.8838881986,5566.4582,0.9515188691100764,0.9888419097766958,1,0.2829633333333333,1,0,0.9193500759999998,1,18120.666666666668,1.462722122070564,16197529.33989065,0.4871018767765698
2020-03-17,,,,,,,0.9635980577756972,-0.026,0.8546082361,5557.6053,0.9482387680169532,0.98750781394465,1,0.2681766666666667,1,0,0.9086781135857144,1,18120.666666666668,,16197529.33989065,
2020-03-18,,,,,,,0.9828650853272216,-0.0299,0.9523303193,5553.6119,0.9489061364118496,0.986290780452224,1,0.2537999999999999,1,0,0.9100197520571428,1,18120.666666666668,,15679481.788620042,
2020-03-19,8956094.5,15573.0,,,,,1.000709346988796,0.104,0.918400113,5558.1165,0.9620130066171938,0.9859508788516606,0,0.2429333333333333,0,0,0.9059530115714284,1,16601.166666666668,0.9380666017448572,15679481.788620042,
2020-03-20,,,9446456.6579134,32.5779202935299,79.98994299,284594.0,0.9914784222904748,0.1013,0.8894078817,5548.5289,0.9728517053006146,0.985425117864144,1,0.2330833333333333,0,0,0.8978435777571429,1,16601.166666666668,,14900353.647281712,0.6339753325006973
2020-03-21,2029458.5,3195.5,,,,,0.9933081185574738,0.1017,1.0090911742,5547.9265,0.9775449023576348,0.9852880336065654,1,0.22329,0,0,0.9173643899428572,0,15091.333333333334,0.2117440473560984,14900353.647281712,
2020-03-22,,,,,,,1.002369516058977,0.0487,1.040003084,5546.5433,0.9824381218135584,0.9852398889398178,0,0.2115533333333333,0,0,0.9353898581285714,0,15091.333333333334,,14330840.92627277,
2020-03-23,11875241.0,18923.5,,,,,0.99197041381568,0.1446,0.985323948,5548.2559,0.9894712801163312,0.984847193636322,1,0.2030733333333333,0,0,0.9498806794714284,1,12564.0,1.506168417701369,14330840.92627277,
2020-03-24,,,11290318.1081887,40.5935264612312,44.74357832,278131.0,1.0149362469389287,0.1797,0.9795527233,5557.7739,0.9968053071396502,0.9850858075418109,0,0.19518,0,0,0.9677298919285714,1,12564.0,,13950775.57401226,0.809296805635702
2020-03-25,,,,,,,0.9950609653676152,0.1695,0.9965827312,5556.1823,0.9985475757168494,0.9847738319385144,1,0.1876066666666666,0,0,0.9740516650571428,1,12564.0,,13950775.57401226,
2020-03-26,431660.0,1183.0,,,,,1.0015040708354,0.1772,0.9962017718,5557.4385,0.9986611076949355,0.9843152772701952,0,0.1809666666666666,0,0,0.9851661877428572,1,7767.333333333333,0.1523045232168912,13397657.880047312,
2020-03-27,,,,,,,0.997578273793632,0.1444,0.9924373189,5553.7025,0.9995325150525296,0.984585908557414,1,0.1745,0,0,0.9998846787714284,1,7767.333333333333,,13397657.880047312,
2020-03-28,4029309.5,5061.5,10989618.9333618,44.877568332905,28.81999627,240627.0,0.9849909920924224,0.1093,1.0015164101,5550.5522,0.9983443541289506,0.9844328596522106,1,0.1669,0,0,0.9988025696142856,0,8389.333333333334,0.6033256516211061,13096653.011711624,0.8391165989916952
2020-03-29,,,,,,,0.9797052038568006,0.0609,0.9615157351,5545.0737,0.9951065952429256,0.9839164868468854,1,0.1577533333333333,0,0,0.9875900912,1,8389.333333333334,,13096653.011711624,
2020-03-30,2174080.5,4106.5,,,,,0.9917999183257168,0.1388,0.9450412508,5543.7077,0.9950822387443594,0.9837613226857804,1,0.1516333333333333,0,0,0.9818354201714286,1,3450.333333333333,1.1901748623321418,12785045.391938496,
2020-03-31,,,,,,,0.9946795282125532,0.1386,0.9556419868,5541.0489,0.9921884217834488,0.9838181604299951,1,0.1456066666666667,0,0,0.9784196006714286,1,3450.333333333333,,12785045.391938496,
2020-04-01,,,12386579.1867395,43.6242390477481,26.74327122,281855.0,0.9431978955344812,0.1683,0.8534770513,5525.2086,0.9847794118072866,0.981768861235452,1,0.1396533333333333,0,0,0.9579759321142856,1,3450.333333333333,,12735237.116288625,0.9726225804541024
2020-04-02,424518.5,945.5,,,,,1.002908166042562,0.1865,0.9608747184,5525.6113,0.9849799968368812,0.98168158832926,0,0.1346566666666666,0,0,0.9529292102,1,3371.1666666666665,0.2804667029218372,12735237.116288625,
2020-04-03,,,,,,,1.0005088414922436,0.1817,1.0058321249,5524.9454,0.9853986493652542,0.9823256694000442,0,0.1294766666666666,0,0,0.9548427539142856,0,3371.1666666666665,,11847558.137258112,
2020-04-04,2408586.5,1411.0,,,,,0.9996500571893826,0.1945,0.9859946095,5525.3867,0.9874928015219628,0.9822106433432508,1,0.1239833333333333,0,0,0.9526253538285712,1,2154.333333333333,0.6549589973696426,11847558.137258112,
2020-04-05,,,14957634.8766792,62.2562937358401,13.64940917,240259.0,1.00137083483776,0.1863,1.0135516336,5525.6362,0.9905878916621,0.9821411818194884,0,0.1180266666666666,0,0,0.9600590536142856,0,2154.333333333333,,12236317.72968575,1.2223967379002785
2020-04-06,19435275.0,9137.5,,,,,1.0147436276733142,0.2417,1.0197631912,5534.3584,0.9938655644260423,0.9826126728376344,0,0.1145066666666666,0,0,0.9707336165285714,0,3831.3333333333335,2.3849399686793107,12236317.72968575,
2020-04-07,,,,,,,0.9761323176,0.2303,0.9931325299,5532.3318,0.9912159629099634,0.9821100365631618,1,0.1127066666666666,0,0,0.9760894084,1,3831.3333333333335,,11500754.654344244,
2020-04-08,,,,,,,1.0075006508506423,0.2491,1.0365625851,5535.5118,1.000402070812272,0.9831066211742768,0,0.1121333333333333,0,0,1.0022444846571428,0,3831.3333333333335,,11500754.654344244,
2020-04-09,4715459.5,4609.5,14241012.6272215,49.6711356833184,23.29595386,286706.0,1.002788962982048,0.2415,1.0230081207,5536.556,1.0003850418036273,0.9836476277594266,0,0.11124,0,0,1.0111206849857142,0,5052.666666666667,0.9122905396490302,11843286.9009539,1.2024544154270618
2020-04-10,,,,,,,0.9512226668747786,0.1961,0.9114844414,5514.6086,0.993344159715418,0.9827485997698208,1,0.10868,0,0,0.9976424444857142,1,5052.666666666667,,11843286.9009539,
2020-04-11,2717816.5,4724.0,,,,,0.9959870851480992,0.1989,1.000064713,5514.1111,0.9928208779952346,0.985649460756378,1,0.1199633333333333,0,0,0.9996524592714284,0,6157.0,0.7672567808997889,11600209.618672628,
2020-04-12,,,,,,,0.9991463554200596,0.2098,0.9860554931,5514.3723,0.9925030952212772,0.9884340882201624,1,0.12688,0,0,0.9957244392,1,6157.0,,11600209.618672628,
2020-04-13,408627.0,1080.0,14683700.7327373,50.1981120036146,16.74379536,288113.0,0.9918793564527166,0.1968,1.0008298503,5512.9031,0.989236770761192,0.9894815421299752,1,0.1363599999999999,0,0,0.9930196762142858,0,3471.1666666666665,0.3111345849138138,11985646.007930713,1.225107159265452
2020-04-14,,,,,,,0.9991913914827436,0.1983,0.9811445591,5512.4548,0.9925309241730124,0.9905173558504832,1,0.1444066666666666,0,0,0.9913071089571428,1,3471.1666666666665,,11985646.007930713,
2020-04-15,,,,,,,0.9944164826603192,0.1684,0.995958871,5509.6383,0.9906617572886808,0.9922399617492846,1,0.1537,0,0,0.9855065783714284,1,3471.1666666666665,,12570760.160405915,
2020-04-16,1520565.5,3319.5,,,,,0.9992555353531608,0.2268,0.9691136422,5511.3604,0.9901569819131256,0.9934285443352,1,0.1621266666666666,0,0,0.9778073671571428,1,3041.1666666666665,1.0915218940099742,12570760.160405915,
2020-04-17,,,11584618.6908067,39.9360818632395,25.54078133,284222.0,1.002268584710757,0.2217,0.9909091573,5511.5411,0.9974492558896938,0.9940753276479846,0,0.1705133333333333,0,0,0.9891537551428572,1,3041.1666666666665,,12447492.476706011,0.9306789068148402
2020-04-18,1018580.5,1535.5,,,,,1.0040969710694467,0.2409,1.0051969923,5513.0043,0.9986078110213148,0.994188248450673,0,0.1750766666666666,0,0,0.9898869379,0,1978.3333333333333,0.7761583824768323,12447492.476706011,
2020-04-19,,,,,,,1.0009943258367462,0.229,1.0015454355,5512.9287,0.9988718067951272,0.9945054452355486,0,0.1793333333333333,0,0,0.9920997868142856,0,1978.3333333333333,,12876211.879390672,
2020-04-20,,,,,,,0.9930929293066548,0.1961,1.0103271961,5509.1857,0.9990451743456896,0.9944982722605216,1,0.18248,0,0,0.9934565505,0,2427.5,,12876211.879390672,
2020-04-21,394583.5,1017.5,13280755.4956055,42.2422605181555,23.37622201,310851.0,0.9931786263536116,0.1983,1.0012198366,5507.8649,0.998186207898671,0.9941919092703426,1,0.1874666666666666,0,0,0.9963244472857145,0,1957.5,0.5197956577266922,12926779.831417523,1.027383127801687
2020-04-22,,,,,,,1.0015840351423004,0.2266,0.9905918231,5509.3372,0.9992101439675254,0.9945123633145632,0,0.1902,0,0,0.9955577261571428,1,1957.5,,12926779.831417523,
2020-04-23,21987759.0,4908.5,,,,,1.0102502520629193,0.2636,0.9958280327,5514.5088,1.0007808177832052,0.9943561634853628,0,0.1929966666666666,0,0,0.9993740676571428,1,2487.1666666666665,1.973530791395832,13160560.077593071,
2020-04-24,,,,,,,1.008254267598951,0.2649,1.0041528303,5517.9132,1.0016359153386614,0.9947959402264074,0,0.1961766666666666,0,0,1.0012660209428572,0,2487.1666666666665,,13160560.077593071,
2020-04-25,23088267.5,10144.5,13029925.9247904,46.4020438553101,27.81417372,280805.0,1.0048173087695926,0.2678,1.0206678354,5519.1902,1.0017388207243965,0.9949063814908804,0,0.1991966666666666,0,0,1.0034761413857145,0,5356.833333333333,1.8937494166329607,13144230.80849274,0.991303798193464
2020-04-26,,,,,,,1.0045784638836686,0.2815,1.0010617573,5520.8621,1.0022508404453856,0.9951397211605484,0,0.2037666666666666,0,0,1.0034070445,0,5356.833333333333,,13144230.80849274,
2020-04-27,,,,,,,1.025185138566039,0.2887,1.0624264697,5531.9345,1.0068354417681546,0.9964795260430024,0,0.2097466666666667,0,0,1.0108497978714286,0,5356.833333333333,,13452032.504940016,
2020-04-28,5738333.0,3801.5,,,,,1.0042209479578392,0.2878,1.0167016578,5533.4619,1.0084129162830444,0.9972967175130368,0,0.21731,0,0,1.0130614866142855,0,6284.833333333333,0.6048688641968761,13452032.504940016,
2020-04-29,,,15737371.4387275,46.0787611079707,51.72660237,331401.0,1.0366412212089466,0.3636,1.0296240293,5576.3516,1.0134210857211368,0.9987914276091446,0,0.2248033333333333,0,0,1.0186375160714287,0,6284.833333333333,,13737699.871663451,1.1455608715974892
2020-04-30,51587977.5,54320.0,,,,,1.0230814198703613,0.3539,1.0595540972,5590.0024,1.0152541096936285,0.9997381573310716,0,0.23198,0,0,1.0277412395714285,0,22755.33333333333,2.387132686842645,13737699.871663451,
2020-05-01,,,,,,,1.0169833139107782,0.3677,1.08154063,5599.4649,1.0165011163096036,1.002197671276948,0,0.2386266666666666,0,0,1.0387966395285717,0,22755.33333333333,,13930717.112366872,
2020-05-02,30971020.5,14999.5,,,,,1.0154749810073416,0.3757,1.0536599618,5604.3842,1.0180236409149963,1.0026165651091077,0,0.2449333333333333,0,0,1.0435098004428571,0,24373.666666666668,0.6153977653478481,13930717.112366872,
2020-05-03,,,19630255.3423323,69.5408005495611,57.28031251,281752.0,1.022579423985294,0.3696,1.0540401232,5608.1741,1.0205952066438,1.003352251192209,0,0.2511966666666667,0,0,1.0510781384285717,0,24373.666666666668,,14643159.391112551,1.340575132593762
2020-05-04,,,,,,,1.0088448723601573,0.3681,1.0645511334,5612.9262,1.0182608829001023,1.0036587450312349,0,0.2569833333333333,0,0,1.0513816618142855,0,24373.666666666668,,14643159.391112551,
2020-05-05,4332380.0,4838.0,,,,,1.0052221180574807,0.3748,0.9999883866,5617.6019,1.0184039072000517,1.003787121138559,0,0.2632666666666666,0,0,1.048994051642857,1,24719.166666666668,0.1957185719583319,14598234.321745886,
2020-05-06,,,,,,,1.0253451086005878,0.3924,1.0594752821,5630.7602,1.0167901768274288,1.0041405038361346,0,0.26829,0,0,1.0532585163285713,0,24719.166666666668,,14598234.321745886,
2020-05-07,14004529.5,10843.0,18246780.7005844,53.3553440801215,88.31823092,341986.0,1.0403147161049169,0.4326,1.050153163,5670.3237,1.019252076289508,1.006279917119632,0,0.2750333333333333,0,0,1.0519155257285715,0,10226.833333333334,1.0602499959257508,15054302.6191007,1.2120641628017446
2020-05-08,,,,,,,1.0235902160122636,0.4236,1.0555332932,5682.4459,1.020195919446863,1.0068162359583528,0,0.28085,0,0,1.0482001919,0,10226.833333333334,,15054302.6191007,
2020-05-09,56800746.0,28233.0,,,,,1.003876951604512,0.4066,1.0353562875,5682.9408,1.0185390581036018,1.0068525022457682,0,0.2863533333333333,0,0,1.0455853812857143,0,14638.0,1.928747096597896,15170486.903654872,
2020-05-10,,,,,,,0.9912178231095822,0.3483,1.0565287727,5679.6036,1.0140588294070716,1.0081856741202615,1,0.2914266666666666,0,0,1.045940902642857,0,14638.0,,15170486.903654872,
2020-05-11,,,17168436.3390022,55.6794889441733,88.60442418,305839.0,0.993293329468672,0.3396,0.948110296,5673.7654,1.0118371804225736,1.0080958822642807,1,0.2961166666666666,0,0,1.0293064973,1,14638.0,,15420230.583073288,1.1133709218231735
2020-05-12,24426061.0,21749.0,,,,,0.9954979266229336,0.3565,0.9702982616,5673.9592,1.0104480102176383,1.007974267971043,1,0.3010066666666667,0,0,1.0250650508714283,1,20275.0,1.0727003699136868,15420230.583073288,
2020-05-13,,,,,,,1.0107310978255524,0.3903,1.0040537905,5683.8266,1.008360294392633,1.0086026593501376,0,0.3074566666666666,0,0,1.0171476949285714,0,20275.0,,15525449.133121286,
2020-05-14,48472315.0,38914.0,,,,,1.0142126808054566,0.4191,1.0160616239,5693.4795,1.004631432206996,1.009103368994228,0,0.3148166666666666,0,0,1.0122774750571428,0,29632.0,1.3132424406047516,15525449.133121286,
2020-05-15,,,8969982.47707204,28.8756268536516,161.77900478,310642.0,1.008883905534808,0.3894,1.0532928695,5695.102,1.0025305307102166,1.009585616423378,0,0.3221833333333333,0,0,1.0119574145285717,0,29632.0,,14706015.80111513,0.6099532734346622
2020-05-16,56031677.0,30191.0,,,,,1.005351360029588,0.3937,1.0227271011,5696.869,1.0027411604852274,1.0097888105792583,0,0.3277466666666667,0,0,1.0101532450428572,0,30284.666666666668,0.9969071257181852,14706015.80111513,
2020-05-17,,,,,,,1.0114931689433702,0.4113,1.0234776265,5700.4677,1.005637638461483,1.0100962967203455,0,0.3340666666666667,0,0,1.0054316527285716,0,30284.666666666668,,15151929.674016332,
2020-05-18,,,,,,,1.0177544670929142,0.4128,1.0718603407,5711.294,1.0091320866935176,1.0105515465877946,0,0.3397966666666667,0,0,1.0231102305428572,0,30284.666666666668,,15151929.674016332,
2020-05-19,75390138.0,53511.0,8879553.7575469,31.6501828800508,182.34876244,274897.0,1.0119374128482583,0.4136,1.0489126954,5719.4225,1.011480584725707,1.0109163161548451,0,0.34595,0,0,1.0343408639428573,0,40872.0,1.3092337052260716,14367882.684457654,0.6180140771299788
2020-05-20,,,,,,,1.0075124903806778,0.3988,1.0415338472,5720.7132,1.0110207836621532,1.0113969681906458,0,0.3527066666666666,0,0,1.039695157757143,0,40872.0,,14367882.684457654,
2020-05-21,81313765.0,42997.0,,,,,0.9956475136540764,0.3695,1.0354809568,5717.6309,1.0083686169262418,1.0114792644339947,1,0.3584133333333333,0,0,1.0424693481714289,0,42233.0,1.0180901191011769,14523186.56857939,
2020-05-22,,,,,,,0.9997281619847904,0.3759,1.0054705868,5717.8648,1.0070606535619535,1.011417401995411,1,0.36339,0,0,1.0356375935,0,42233.0,,14523186.56857939,
2020-05-23,86119050.0,32584.5,7843058.63019165,29.1314438591229,108.03281588,269230.0,1.0054923515125649,0.3772,1.0131633093,5719.467,1.0070807952023788,1.0112588053103992,0,0.3671766666666666,0,0,1.0342713375285717,0,43030.833333333336,0.7572360904002943,13688170.576280924,0.5729807782920404
2020-05-24,,,,,,,1.0023065151169437,0.3507,1.030088413,5718.0092,1.005768416084318,1.011060546894332,0,0.3700366666666667,0,0,1.0352157356,0,43030.833333333336,,13688170.576280924,
2020-05-25,,,,,,,0.9885190923053966,0.3586,0.9862620322,5714.5728,1.0015919339718151,1.0105172730121923,1,0.3730633333333333,0,0,1.0229874058142858,1,43030.833333333336,,13782205.526493857,
2020-05-26,53740496.5,12334.5,,,,,0.998456564219938,0.3533,0.9797506657,5713.9163,0.999666098453484,1.010313209690068,1,0.3754566666666667,0,0,1.0131071158571427,1,29305.33333333333,0.4208960826243232,13782205.526493857,
2020-05-27,,,9241012.00693874,29.3588214770532,77.89905605,292927.0,1.0052445618496495,0.3764,0.9958705933,5717.8302,0.9993421086633372,1.009648523799522,0,0.37838,0,0,1.0065837938714286,1,29305.33333333333,,13214556.336549466,0.6993055061091606
2020-05-28,36444547.5,16428.5,,,,,1.005135110749643,0.402,0.999389682,5721.865,1.0006974796769894,1.0096789958925818,0,0.3821866666666667,0,0,1.0014278974714286,1,20449.166666666668,0.8033823709197603,13214556.336549466,
2020-05-29,,,,,,,1.0070014669671656,0.3931,1.0138323486,5724.5642,1.0017365232459003,1.0086910040845225,0,0.38317,0,0,1.0026224348714283,0,20449.166666666668,,12854154.179095462,
2020-05-30,1576273.0,1477.5,,,,,1.0063656374026653,0.409,1.0169092083,5727.4211,1.0018612783730574,1.008133811335599,0,0.3850066666666666,0,0,1.0031575633,0,10080.166666666666,0.1465749574246457,12854154.179095462,
2020-05-31,,,9542417.4585863,36.9250018712685,61.02644621,258427.0,1.0043864399794644,0.3929,1.0251022175,5727.7839,1.0021584104962746,1.007713915537889,0,0.3858466666666666,0,0,1.002445249657143,0,10080.166666666666,,12440187.089031816,0.767063822295695
2020-06-01,,,,,,,1.015072397743627,0.4365,1.0248325512,5747.4066,1.0059517398445934,1.007700496095765,0,0.3878733333333333,0,0,1.0079553238,0,10080.166666666666,,12440187.089031816,
2020-06-02,8625063.0,5219.5,,,,,1.0092352175195995,0.396,1.0252910347,5745.7023,1.0074915474588306,1.0072556892135751,0,0.3887533333333334,0,0,1.0144610908,0,7708.5,0.6771096841149381,11413034.48141746,
2020-06-03,,,,,,,1.0048109502167686,0.4037,1.0432391896,5749.7277,1.0074296029398475,1.0071212251421289,0,0.38994,0,0,1.0212280331285717,0,7708.5,,11413034.48141746,
2020-06-04,7690036.0,10723.0,9764314.20040038,30.6778962263392,62.37744471,318285.0,1.0058888323470143,0.4135,1.0047710032,5755.6728,1.0075372774537577,1.00714344895178,0,0.39123,0,0,1.0219967933,0,5806.666666666667,1.846670493685419,11206944.446290324,0.8712735435779305
2020-06-05,,,,,,,1.0045495053856623,0.403,1.0112632657,5756.6571,1.007186997227829,1.0064502621779492,0,0.3915833333333333,0,0,1.021629781457143,0,5806.666666666667,,11206944.446290324,
2020-06-06,154029.0,502.0,,,,,1.0064118234784072,0.4044,1.0192921317,5758.7269,1.007193595238649,1.0053201657570654,0,0.3906433333333333,0,0,1.0219701990857142,0,5481.5,0.0915807716865821,10201253.552819744,
2020-06-07,,,,,,,1.004694333059564,0.409,1.0058544524,5760.6232,1.0072375799643776,1.0046903029919756,0,0.3901566666666667,0,0,1.019220518357143,0,5481.5,,10201253.552819744,
2020-06-08,,,10379765.6243221,32.1651728973546,41.72247948,317275.0,1.0185594730593306,0.4093,1.0145609972,5770.6487,1.0077357335809063,1.0051797203738029,0,0.3902466666666667,0,0,1.0177531535,0,5481.5,,10223567.561757538,1.015278234493098
2020-06-09,372611.0,832.5,,,,,1.0068123543731442,0.4095,1.0195031568,5774.4278,1.00738961027427,1.0056995380825882,0,0.3922866666666666,0,0,1.0169263137999998,0,4019.1666666666665,0.2071324901513581,10223567.561757538,
2020-06-10,,,,,,,1.004816135403002,0.4156,1.0103673704,5778.3706,1.0073903510151607,1.0060836316137327,0,0.39482,0,0,1.0122303396285717,0,4019.1666666666665,,9231443.450722586,
2020-06-11,28384041.0,13910.0,,,,,1.0003080815070164,0.3775,1.0180900573,5774.8756,1.006593100895161,1.0062439701098689,0,0.39552,0,0,1.014133061642857,0,5081.5,2.7373806946767685,9231443.450722586,
2020-06-12,,,9866334.58133083,30.9994991150104,29.91881048,318274.0,1.0017006620246798,0.3891,1.0262522247,5776.6756,1.0061861232721634,1.005942955583173,0,0.39548,0,0,1.0162743415000002,0,5081.5,,9310804.842048615,1.0596650610453544
2020-06-13,523271.5,1566.5,,,,,1.0024075315063057,0.3893,0.9976605208,5777.6971,1.0056140815618633,1.0055494506065346,0,0.3944866666666666,0,0,1.0131841113714286,1,5436.333333333333,0.2881537801214053,9310804.842048615,
2020-06-14,,,,,,,1.0035110979380075,0.3815,1.0065492324,5778.4082,1.0054450479730694,1.0053703570199746,0,0.3942233333333333,0,0,1.013283365657143,0,5436.333333333333,,9359493.751330985,
2020-06-15,,,,,,,0.9961826256137252,0.3877,0.9953415699,5780.6664,1.0022483554808403,1.0050647325394455,1,0.3940233333333333,0,0,1.0105377331857144,1,5436.333333333333,,9359493.751330985,
2020-06-16,1576728.5,1385.0,9617963.21008684,27.6651724983513,50.59742513,340517.0,1.0054779491448502,0.3925,0.9975744321,5783.6781,1.0020577261625123,1.0048642252128284,0,0.3933966666666667,0,0,1.0074050582285714,1,5620.5,0.2464193577083889,9391802.433675468,1.0240806573614074
2020-06-17,,,,,,,1.0016382338429892,0.3878,1.0114846404,5784.4193,1.0016037402253677,1.004327017437831,0,0.3925633333333333,0,0,1.0075646682285713,0,5620.5,,9391802.433675468,
2020-06-18,13536260.0,29456.0,,,,,1.039075075688917,0.3825,1.1343848231,5798.7858,1.0071418822513534,1.0052316061991862,0,0.3915266666666667,0,0,1.0241782062,0,10802.5,2.726776209210831,9464980.81597955,
2020-06-19,,,,,,,1.0002998770663716,0.3756,1.0034906613,5798.2545,1.0069417701144523,1.004991185755376,0,0.3907533333333334,0,0,1.0209265542857142,0,10802.5,,9464980.81597955,
2020-06-20,1061492.5,1013.5,8238014.00234774,28.994534065696,30.01002493,284123.0,1.0027814721628672,0.3802,1.0055410165,5799.6078,1.0069951902082468,1.0052289843723357,0,0.39111,0,0,1.0220523393857142,0,10618.166666666666,0.0954496225023152,9311609.964275572,0.8847035081960334
2020-06-21,,,,,,,1.0061629990892376,0.3752,1.0058479883,5800.8552,1.007374033229851,1.005443478942484,0,0.3910866666666667,0,0,1.0219521616571428,0,10618.166666666666,,9311609.964275572,
2020-06-22,,,,,,,1.0058815605082574,0.4005,1.0077087468,5806.2998,1.0087595953576414,1.0054564525756735,0,0.3918633333333333,0,0,1.0237189012142858,0,10618.166666666666,,9521403.012001846,
2020-06-23,21137116.5,5596.0,,,,,1.0061196663665586,0.3956,1.0069797562,5809.309,1.0088512692464568,1.0055835576173275,0,0.39336,0,0,1.0250625189428573,0,12021.833333333334,0.4654864066767409,9521403.012001846,
2020-06-24,,,8594577.4593605,27.5184104154396,42.3573449,312321.0,0.9977037592881876,0.3752,1.0171000908,5806.5001,1.008289201452914,1.0058897131834206,1,0.3939133333333333,0,0,1.025864726142857,0,12021.833333333334,,9405549.81792168,0.913777251276058
2020-06-25,14539825.0,9327.0,,,,,0.9979298698603928,0.3722,1.0066234501,5805.4454,1.002411314905982,1.005872156704769,1,0.3945433333333333,0,0,1.0076131014285716,0,5312.166666666667,1.7557807548708937,9405549.81792168,
2020-06-26,,,,,,,1.029015903393014,0.3646,1.126778526,5820.3365,1.0065136043812164,1.0066645347562144,0,0.39415,0,0,1.025225653528571,0,5312.166666666667,,9429055.219490672,
2020-06-27,784846.5,1969.5,,,,,0.9996138896301076,0.3535,0.9988050744,5819.8997,1.0060610925908222,1.0064804940522298,1,0.3925333333333333,0,0,1.0242633760857145,1,5630.833333333333,0.3497706082581027,9429055.219490672,
2020-06-28,,,8666896.61256926,32.7165049604553,19.69907106,264909.0,0.9999290587593967,0.361,0.9899239301,5820.3548,1.0051705296865592,1.0062447471119709,1,0.3914633333333333,0,0,1.0219885106285715,1,5630.833333333333,,9333785.393625494,0.9285510912312503
2020-06-29,,,,,,,1.001683532114352,0.3661,0.9865321722,5821.936,1.0045708113445728,1.0060886769356938,0,0.3900333333333333,0,0,1.0189632856857145,1,5630.833333333333,,9333785.393625494,
2020-06-30,3309022.5,4685.0,,,,,1.0049121319410286,0.363,1.0180824828,5824.5527,1.00439830642664,1.0061062000010794,0,0.3890366666666666,0,0,1.0205493894857145,0,5327.166666666667,0.8794543691142883,9303980.812916808,
2020-07-01,,,,,,,1.0022703719854478,0.3696,1.0024278935,5826.1299,1.0050506796691057,1.00567946580914,0,0.3868066666666667,0,0,1.0184533613,0,5327.166666666667,,9303980.812916808,
2020-07-02,14927766.0,32461.5,9907317.70423729,29.1847494299547,56.01403666,339469.0,1.000494568142119,0.3594,1.0020627695,5825.7554,1.0054170651379235,1.0053881108298908,0,0.3855866666666666,0,0,1.0178018355,0,13038.666666666666,2.489633398097965,9379397.924331868,1.0562850392066103
2020-07-03,,,,,,,1.000561434400936,0.3574,1.0068688493,5826.1878,1.0013521409961983,1.0052464603026965,0,0.3840433333333333,0,0,1.0006718816857143,0,13038.666666666666,,9379397.924331868,
2020-07-04,,,,,,,1.0010027831411874,0.3615,1.0015293607,5826.9508,1.001550554354924,1.0050835919958354,0,0.38231,0,0,1.0010610654428571,0,18573.25,,9324409.884893509,
2020-07-05,362869.5,1159.0,,,,,0.9996410630178976,0.3582,0.9972737782,5827.1711,1.0015094121061383,1.0049199772502433,1,0.3808166666666667,0,0,1.002111043742857,1,12768.5,0.0907702549242275,9324409.884893509,
2020-07-06,,,9573702.5263014,27.4281186381817,36.90829526,338767.0,1.0033270629454771,0.3757,0.9939064831,5830.1449,1.0017442022248704,1.0048171518991456,0,0.37986,0,0,1.0031645167285714,1,12768.5,,9355571.465069495,1.023315631978905
2020-07-07,5674422.0,12502.5,,,,,1.002726393899934,0.3698,0.9993701355,5831.1521,1.0014319539332857,1.004751553927158,0,0.3785533333333333,0,0,1.000491324257143,1,15374.333333333334,0.813205992671769,9355571.465069495,
2020-07-08,,,,,,,1.013631864113823,0.381,1.0090034032,5839.6212,1.003055024237339,1.004587300295641,0,0.37761,0,0,1.0014306827857145,0,15374.333333333334,,9209258.013747696,
2020-07-09,8955593.0,16153.0,,,,,1.004091593454017,0.3673,1.0171846086,5840.8418,1.0035688849961817,1.0044966082650035,0,0.3762033333333334,0,0,1.0035909455142855,0,9938.166666666666,1.625350081336263,9209258.013747696,
2020-07-10,,,9821730.66445103,28.077570387245,48.41811415,345996.0,0.9995462283140476,0.3708,1.0062893748,5841.9402,1.0034238555551978,1.0043209446953716,1,0.37471,0,0,1.003508163442857,0,9938.166666666666,,9285817.095085612,1.057713130021594
2020-07-11,,,,,,,1.0014968569940137,0.3675,0.999106861,5842.4546,1.0034944375341728,1.0043605705449383,0,0.3743766666666666,0,0,1.003162092057143,1,9938.166666666666,,9285817.095085612,
2020-07-12,2724305.0,7756.0,,,,,1.0010626861572751,0.3709,0.9983879042,5843.3179,1.003697526554084,1.0043393046826914,0,0.37377,0,0,1.003321252914286,1,12137.166666666666,0.6390288782390179,9202886.025622008,
2020-07-13,,,,,,,1.0018434219822467,0.3673,1.0035815298,5843.8227,1.003485577845051,1.0043205010318894,0,0.3730366666666667,0,0,1.0047034024428572,0,12137.166666666666,,9202886.025622008,
2020-07-14,29520066.0,34441.5,9003009.80517444,24.6135187073322,62.95443097,359847.0,1.005532561209215,0.3686,1.0036504612,5846.8546,1.003886458889234,1.0043878831409296,0,0.3726066666666667,0,0,1.005314877542857,0,19450.166666666668,1.7707560346526592,9177901.498066062,0.9809442612858208
2020-07-15,,,,,,,1.0055911162185045,0.364,1.0026699813,5849.0651,1.0027377806184743,1.0047014994944223,0,0.3718166666666667,0,0,1.0044101029857144,0,19450.166666666668,,9177901.498066062,
2020-07-16,26381323.5,29405.5,,,,,1.0001947696745193,0.3595,1.0047691838,5849.3219,1.0021810915071174,1.004525393512078,0,0.3707166666666667,0,0,1.0026364708714286,0,23867.666666666668,1.232022401296035,9115035.539205952,
2020-07-17,,,,,,,0.9998211899998232,0.3612,0.9985527823,5849.4097,1.0022203717479423,1.0044648253839723,1,0.36983,0,0,1.0015312433714283,1,23867.666666666668,,9115035.539205952,
2020-07-18,,,8257260.54422192,26.3125945439716,76.31263773,311022.0,1.0012784777223864,0.3625,0.9987216479,5849.9632,1.0021891747091385,1.003204938785088,0,0.3691633333333333,0,0,1.0014762129285717,1,23867.666666666668,,9007813.664832948,0.9166775481223336
2020-07-19,36640799.5,16373.5,,,,,1.0031838851810415,0.3653,1.0024306817,5851.5664,1.0024922031411052,1.0033010723889104,0,0.36882,0,0,1.0020537525714286,0,26740.166666666668,0.6123185470048179,9007813.664832948,
2020-07-20,,,,,,,1.0005373286613306,0.3617,0.9984939601,5851.7698,1.0023056183809742,1.003226267605526,0,0.3682033333333334,0,0,1.0013269569,1,26740.166666666668,,9117785.045187978,
2020-07-21,39606971.0,22866.0,,,,,1.003901375807425,0.3764,1.0043663756,5854.488,1.0020725918950044,1.0031508801627989,0,0.3682433333333333,0,0,1.0014292303857142,0,22881.666666666668,0.9993153179401268,9117785.045187978,
2020-07-22,,,9764974.36846801,26.7686088742846,143.27483781,364792.0,1.0070303551161317,0.3853,1.0062357096,5859.2385,1.002278197451808,1.003189173316395,0,0.3677366666666666,0,0,1.001938620142857,0,22881.666666666668,,9198683.71059798,1.0615621403764102
2020-07-23,78009996.5,56508.5,,,,,1.0083051382265005,0.3898,1.0079359533,5863.5967,1.0034368215306626,1.0032620223783926,0,0.3675433333333334,0,0,1.0023910157857143,0,31916.0,1.770538288006016,9198683.71059798,
2020-07-24,,,,,,,1.0047752068218625,0.3856,1.0187871585,5865.9703,1.0041445382195255,1.0034977372961815,0,0.36789,0,0,1.005281640957143,0,31916.0,,9284984.603631906,
2020-07-25,,,,,,,1.0071408937406925,0.3951,1.0194868621,5869.2605,1.0049820262221405,1.0038047714255252,0,0.3686533333333333,0,0,1.0082481001285717,0,31916.0,,9284984.603631906,
2020-07-26,44552924.0,9485.0,10587041.6037513,34.9712013231044,76.48811017,298580.0,1.0104674016077284,0.4087,1.0148872978,5873.6943,1.0060225285688102,1.0031864880326824,0,0.3701233333333333,0,0,1.0100276167142856,0,29619.83333333333,0.3202246242663981,9447741.728646832,1.12058965071515
2020-07-27,,,,,,,1.0287947847173446,0.4659,1.0317820403,5900.1896,1.0100593080053837,1.0041591845355902,0,0.37387,0,0,1.014783056742857,0,29619.83333333333,,9447741.728646832,
2020-07-28,53202264.0,52485.5,,,,,1.0283323120999754,0.4593,1.0355478695,5917.6048,1.013549441761462,1.005105959646943,0,0.3771466666666667,0,0,1.0192375558714286,0,39493.0,1.3289823513027623,9559291.030943628,
2020-07-29,,,,,,,1.0179884993890496,0.4666,1.0589919577,5928.888,1.0151148909433076,1.005649458556099,0,0.3804966666666666,0,0,1.026774162742857,0,39493.0,,9559291.030943628,
2020-07-30,66693193.5,53224.5,11301864.6984554,34.4790847113704,179.95866069,327789.0,1.0148047686289163,0.4666,1.0516073939,5939.6507,1.0160434095722242,1.0059792131123624,0,0.3839499999999999,0,0,1.0330129399714283,0,38398.333333333336,1.386114848734754,9777112.7393826,1.1559511483314535
2020-07-31,,,,,,,1.017254424167077,0.4751,1.0362667655,5951.259,1.017826154907255,1.0064786815184166,0,0.3874666666666667,0,0,1.0355100266857142,0,38398.333333333336,,9777112.7393826,
2020-08-01,,,,,,,1.017790227485621,0.4947,1.0409662841,5961.1244,1.0193474882993876,1.0070552034965334,0,0.3919766666666667,0,0,1.038578515542857,0,38398.333333333336,,9758512.030117642,
2020-08-02,54914004.5,15435.5,,,,,1.0103921201188673,0.4624,1.0616843055,5964.566,1.019336733800979,1.0073828930204642,0,0.3954766666666666,0,0,1.0452638023571428,0,40381.833333333336,0.3822387129526065,9758512.030117642,
2020-08-03,,,12873862.5784736,38.5730242978297,130.16320882,333753.0,1.0305925284878803,0.4674,1.1068962726,5983.8928,1.0195935543396266,1.008369217865354,0,0.3990066666666667,0,0,1.0559944069714289,0,40381.833333333336,,10147930.848662138,1.2686194624760216
2020-08-04,27718997.0,6731.0,,,,,1.0091420263031223,0.4654,1.0353511755,5989.4849,1.0168520849400762,1.0086859166415283,0,0.40258,0,0,1.0559663078285717,0,25130.33333333333,0.2678436418140096,10147930.848662138,
2020-08-05,,,,,,,1.0246682347455325,0.4875,1.0484047842,6007.0845,1.0178063328481453,1.0093972890348637,0,0.4063066666666667,0,0,1.0544538544714286,0,25130.33333333333,,10229963.466142245,
2020-08-06,46444291.0,27124.5,,,,,1.0344745903896615,0.4876,1.0959736911,6030.7384,1.0206163073853944,1.0104555622511875,0,0.4102333333333333,0,0,1.0607918969285712,0,16430.333333333332,1.6508794708973242,10229963.466142245,
2020-08-07,,,12898632.9438048,39.2764838151703,137.20910291,326499.0,1.0283165848004154,0.4785,1.1103046295,6048.5398,1.0221966160473,1.0109450529407409,0,0.4134833333333333,0,0,1.071368734642857,0,16430.333333333332,,10563547.15085006,1.22105129646407
2020-08-08,,,,,,,1.0237763545852994,0.4839,1.0911858589,6061.1291,1.0230517770615395,1.011601211645117,0,0.41737,0,0,1.0785429596142857,0,16430.333333333332,,10563547.15085006,
2020-08-09,15563229.0,2797.5,,,,,1.0160020649289818,0.4804,1.0665270773,6068.7236,1.0238531977486989,1.0121497395322814,0,0.4210233333333333,0,0,1.0792347841571428,0,12217.666666666666,0.2289717076364827,10669520.93462135,
2020-08-10,,,,,,,1.0141851362243417,0.488,1.036495873,6077.3761,1.0215092845681937,1.0125726821732923,0,0.42504,0,0,1.069177584214286,0,12217.666666666666,,10669520.93462135,
2020-08-11,13917114.5,16378.5,12966824.4492047,37.0531514299238,151.68404592,349952.0,1.0165003909486674,0.4658,1.0577029367,6085.9835,1.0225604795175571,1.013087272333005,0,0.4282033333333333,0,0,1.072370692957143,0,15433.5,1.0612304402760229,10956683.873944271,1.1834624963526308
2020-08-12,,,,,,,1.010510538862292,0.4736,1.0497678702,6092.923,1.020537951534237,1.013376176229007,0,0.4317466666666666,0,0,1.0725654195285714,0,15433.5,,10956683.873944271,
2020-08-13,14307183.0,22883.5,,,,,1.0129982705610885,0.4817,1.0345194991,6102.6262,1.0174699058444407,1.0136250332074026,0,0.4355166666666666,0,0,1.0637862492428571,0,14019.833333333334,1.63222339780549,11235780.169482818,
2020-08-14,,,,,,,1.0105406686899028,0.4809,1.0290909117,6111.6156,1.0149304892572248,1.0137900182897823,0,0.4394133333333333,0,0,1.0521842895571427,0,14019.833333333334,,11235780.169482818,
2020-08-15,,,12537672.5372401,39.6858492013564,67.51446166,313760.0,1.0052021826959816,0.4845,1.0202023412,6117.2886,1.0122770361301794,1.0139569320571646,0,0.44358,0,0,1.0420437870285713,0,14019.833333333334,,11398516.715452475,1.0999389526045364
2020-08-16,3323689.5,7888.0,,,,,1.0037563798642042,0.4855,1.0391579924,6122.2814,1.010527652549497,1.014088105052644,0,0.4477233333333333,0,0,1.038133917757143,0,15716.666666666666,0.5018875927889714,11398516.715452475,
2020-08-17,,,,,,,1.010783594964943,0.5011,1.049510222,6144.4287,1.0100417180838686,1.0144049422940626,0,0.4523433333333333,0,0,1.0399931104714286,0,15716.666666666666,,11847267.597056843,
2020-08-18,28058696.5,33818.5,,,,,1.0052763502025126,0.4872,1.0350226627,6149.6715,1.0084382836915606,1.0144746911281115,0,0.4564066666666667,0,0,1.0367530713285715,0,21530.0,1.570761727821644,11847267.597056843,
2020-08-19,,,11920459.626279147,35.70293317722632,147.58221747,333879.0,1.0030909450670933,0.4758,1.0388679304,6152.964,1.007378341720818,1.0145598116749703,0,0.46021,0,0,1.0351959370714283,0,21530.0,,11856416.600709632,1.0054015498717954
2020-08-20,27849154.5,24900.0,,,,,1.0050680074766658,0.481,1.0204978568,6159.6184,1.006245446994472,1.0145986993972784,0,0.4636966666666666,0,0,1.0331928453142858,0,22202.166666666668,1.1215121647286677,11856416.600709632,
2020-08-21,,,,,,,1.006761703107946,0.4651,1.0244948405,6164.0731,1.005705594768478,1.0145897443303389,0,0.4663566666666667,0,0,1.032536263714286,0,22202.166666666668,,12155194.062458435,
2020-08-22,,,,,,,1.0020082777504902,0.4721,1.0259349761,6166.9623,1.0052493226334078,1.0143798489811384,0,0.4691,0,0,1.033355211557143,0,22202.166666666668,,12155194.062458435,
2020-08-23,7929055.5,4650.5,12250514.724347962,42.04207711513541,59.10621225,288728.0,1.0020989193732266,0.4712,1.0045618985,6169.1542,1.005012542563268,1.0142906393995177,0,0.4719533333333333,0,0,1.0284129124285717,0,21123.0,0.2201628556549732,12167109.145194624,1.0068550037776456
2020-08-24,,,,,,,1.0054275808797368,0.4754,1.0275069553,6175.8681,1.004247397693953,1.0142335289708189,0,0.47463,0,0,1.0252695886142855,0,21123.0,,12167109.145194624,
2020-08-25,29976394.5,18128.5,,,,,1.0030955032353404,0.4561,1.0261016733,6177.9812,1.0039358481272145,1.0139877990250723,0,0.47621,0,0,1.0239951615571428,0,15893.0,1.140659409803058,12392833.079686528,
2020-08-26,,,,,,,1.002829160134623,0.4611,1.0198066546,6182.1382,1.0038984502797184,1.0131222782056486,0,0.47605,0,0,1.0212721221571428,0,15893.0,,12392833.079686528,
2020-08-27,49575283.0,35403.5,10690122.01226198,32.163221256553605,122.89984729,328157.0,1.0020836643969702,0.4534,1.0156739093,6184.2179,1.0034721155540478,1.012247323282215,0,0.4758533333333333,0,0,1.0205829868,0,19394.166666666668,1.8254715765049627,12179994.19625846,0.8776787443417542
2020-08-28,,,,,,,1.0047437523374874,0.4629,1.0117995694,6191.5741,1.0031838368725536,1.0118058317138297,0,0.47573,0,0,1.0187693766428572,0,19394.166666666668,,12179994.19625846,
2020-08-29,,,,,,,1.0008297375150037,0.4611,0.9975401684,6192.3662,1.0030154739817698,1.011339997343366,0,0.4755466666666667,0,0,1.014712975542857,1,19394.166666666668,,12305441.267373186,
2020-08-30,12486635.0,1388.0,,,,,1.0044011134778283,0.4702,1.0262094229,6197.7242,1.0033443588538555,1.0109115536537243,0,0.4753833333333333,0,0,1.017805479028571,0,18306.666666666668,0.0758193736343772,12305441.267373186,
2020-08-31,,,12191565.474340877,39.65175165495006,91.53783350000002,302920.0,1.00458590888737,0.4686,1.0200263678,6205.6907,1.0032241199978034,1.0104714097004492,0,0.4745133333333333,0,0,1.0167368236714285,0,18306.666666666668,,12291206.793244146,0.9918932843146014
2020-09-01,27540913.5,36633.0,,,,,1.007826016060965,0.4804,1.0371676242,6219.2971,1.0038999075443211,1.010385872898519,0,0.4751133333333334,0,0,1.0183176738,0,24474.83333333333,1.4967619799930545,12291206.793244146,
2020-09-02,,,,,,,1.0017314021938457,0.455,1.0242598652,6221.1672,1.003743084981353,1.0094238353553846,0,0.4747,0,0,1.0189538467428572,0,24474.83333333333,,12207970.25249708,
2020-09-03,49411831.5,50857.5,,,,,0.9990669497157254,0.3947,1.0610094509,6211.0733,1.003312125741175,1.0090879994691382,1,0.4723433333333334,0,0,1.0254303526857145,0,29626.166666666668,1.716641257446964,12207970.25249708,
2020-09-04,,,10521917.64225536,34.66539377670383,155.46345969000004,298286.0,0.9985268897837886,0.4067,1.0130707505,6212.5704,1.002424002519218,1.008216621303747,1,0.4696499999999999,0,0,1.0256119499857144,0,29626.166666666668,,11997213.676216869,0.8770301110093491
2020-09-05,,,,,,,0.997445807783998,0.387,0.9734110319,6208.881,1.0019405839862172,1.0069823285502246,1,0.4662966666666667,0,0,1.0221649304857143,1,29626.166666666668,,11997213.676216869,
2020-09-06,28255071.0,11218.5,,,,,0.9992783613928156,0.3945,0.9787781976,6208.8484,1.001208762259787,1.006014387769971,1,0.4634966666666667,0,0,1.015389041157143,1,32903.0,0.340956751663982,11868439.495132877,
2020-09-07,,,,,,,0.9978151855885448,0.4012,0.9594579451,6208.1049,1.0002415160742404,1.0051490154700793,1,0.46074,0,0,1.0067364093428572,1,32903.0,,11868439.495132877,
2020-09-08,5026832.0,6059.5,10676168.86571476,32.09256335359807,84.06185256999996,332668.0,0.9986720549144324,0.3861,0.9757659828,6205.6436,0.9989338073390216,1.0045713484695944,1,0.4575966666666666,0,0,0.9979647462857144,1,22711.83333333333,0.2667992456208584,11719405.666455612,0.9109821069060778
2020-09-09,,,,,,,0.999515003422033,0.393,0.9763757386,6204.9353,0.9986171789430482,1.0040823440428508,1,0.45443,0,0,0.9911241567714288,1,22711.83333333333,,11719405.666455612,
2020-09-10,10655322.0,6649.0,,,,,1.0003002973131545,0.3995,0.983800221,6205.8278,0.9987933714569668,1.0035423409216668,0,0.4522199999999999,0,0,0.9800942667857144,1,7975.666666666667,0.8336607180173026,11541202.98320574,
2020-09-11,,,,,,,0.9991336102284748,0.4026,0.9745453877,6205.6018,0.9988800458062076,1.0031631099672065,1,0.4498533333333333,0,0,0.9745906435285712,1,7975.666666666667,,11541202.98320574,
2020-09-12,,,11755971.409291402,38.67897429168348,58.11575528999997,300152.0,0.9996827160385696,0.4054,0.9794873954,6205.4657,0.9991996041282892,1.002719258149789,1,0.44731,0,0,0.9754586954571428,1,7975.666666666667,,11568049.036466448,1.016244949535791
2020-09-13,433962.5,777.5,,,,,1.0001736348686396,0.3988,0.9931658315,6205.6121,0.9993275003391212,1.002373690355747,0,0.4445733333333334,0,0,0.9775140717285716,1,4495.333333333333,0.1729571407385436,11568049.036466448,
2020-09-14,,,,,,,1.0016159992203404,0.4177,0.98961397,6208.7972,0.9998704737150922,1.002254150906559,0,0.4423466666666666,0,0,0.9818220752857142,1,4495.333333333333,,11429531.393498784,
2020-09-15,22397448.0,21818.5,,,,,1.0029525833746404,0.4236,0.9777072533,6213.5178,1.000481977780836,1.0022273576902403,0,0.4402833333333333,0,0,0.9820993996428572,1,9748.333333333334,2.238177466233544,11429531.393498784,
2020-09-16,,,11397006.21477204,33.26534391907988,77.67308339000006,342609.0,1.0042444461428743,0.4328,1.0123558485,6221.6687,1.001157612455242,1.0020093860628378,0,0.4380066666666666,0,0,0.9872394153428572,0,9748.333333333334,,11425465.746157942,0.9975091141124404
2020-09-17,,,,,,,1.0012144393387197,0.4307,1.0123502673,6225.5567,1.00128820417318,1.001873989034045,0,0.4361233333333333,0,0,0.9913179933857144,0,11298.0,,11425465.746157942,
2020-09-18,620234.0,1670.0,,,,,1.00240925660354,0.4295,1.0107410011,6230.4687,1.001756153655332,1.0018512660852597,0,0.4345800000000001,0,0,0.9964887953,0,8088.666666666667,0.2064617159812082,11354752.334712056,
2020-09-19,,,,,,,1.003031629614728,0.4369,1.010239902,6236.16,1.0022345698804975,1.0017833868231951,0,0.43311,0,0,1.0008820105285714,0,8088.666666666667,,11354752.334712056,
2020-09-20,555232.5,1318.0,10041684.798421944,38.7567679747658,33.00982992,259095.0,1.0013406153332325,0.4288,1.0133695304,6238.3421,1.0024012813754393,1.0016026838973713,0,0.4319,0,0,1.0037682532285714,0,8268.833333333334,0.1593937072944591,11190618.89267579,0.8973306029565696
2020-09-21,,,,,,,0.9989789796936938,0.4037,1.0073328769,6234.915,1.002024564300204,1.0015017072954782,1,0.42962,0,0,1.006299525642857,0,8268.833333333334,,11190618.89267579,
2020-09-22,28170861.5,35578.5,,,,,1.0032246512354488,0.4068,1.000035839,6240.6846,1.0020634311374623,1.0015392316908855,0,0.4274733333333333,0,0,1.0094893236,0,12855.5,2.767570300649528,11039205.20243691,
2020-09-23,,,,,,,0.9991456187753875,0.3905,0.9843277794,6237.4277,1.0013350272278214,1.001329832954074,1,0.4246433333333333,0,0,1.0054853137285715,1,12855.5,,11039205.20243691,
2020-09-24,,,9928235.838903904,30.81819570984124,82.50485829000002,316552.0,0.9989156025884663,0.4188,0.9736736354,6241.6889,1.0010066219777851,1.0011905029325114,1,0.4234,0,0,0.9999600806,1,12855.5,,10900334.031995283,0.9108194124842394
2020-09-25,34264349.5,25741.5,,,,,1.002435985907105,0.4154,0.9843603745,6245.3054,1.001010440449723,1.0011773971249274,0,0.4218766666666667,0,0,0.996191419657143,1,20879.33333333333,1.232869823429867,10900334.031995283,
2020-09-26,,,,,,,1.001597070265133,0.4184,1.0023871932,6247.7045,1.000805503399781,1.001161177320533,0,0.42071,0,0,0.9950696041142856,0,20879.33333333333,,10930364.320528612,
2020-09-27,760418.0,1618.5,,,,,1.0008575055621098,0.4192,0.9952765083,6249.044,1.000736487718192,1.0010316357613536,0,0.4192533333333333,0,0,0.9924848866714284,1,20979.5,0.0771467384828046,10930364.320528612,
2020-09-28,,,9531618.970526235,31.90702997186845,56.72923702999997,295476.0,1.0019500534164558,0.4173,1.0001446371,6250.5827,1.0011609268214436,1.0010689796247354,0,0.4177933333333333,0,0,0.9914579952714286,0,20979.5,,10755521.151778314,0.8862070778365101
2020-09-29,20038714.5,34089.5,,,,,1.0059642419259525,0.4224,1.0198824014,6261.4766,1.0015522969200872,1.0011210839063396,0,0.4161999999999999,0,0,0.9942932184714284,0,20483.166666666668,1.6642690339221635,10755521.151778314,
2020-09-30,,,,,,,1.0011481137745577,0.4186,0.9917347094,6263.1688,1.0018383676342544,1.0010064907359124,0,0.4145333333333333,0,0,0.9953513513285712,1,20483.166666666668,,10550371.962840809,
2020-10-01,,,,,,,1.0008576679565675,0.4095,1.0003080821,6262.8832,1.002115805543983,1.000774212465766,0,0.41217,0,0,0.9991562722857142,0,20483.166666666668,,10550371.962840809,
2020-10-02,39853891.5,39200.0,10232863.851096012,32.439660576066075,122.51219145000005,315443.0,1.0001167723794953,0.4074,1.005979703,6263.8173,1.0017844893257533,1.0007203914719542,0,0.4105833333333333,0,0,1.0022447477857142,0,24969.33333333333,1.5699257756180915,10510683.448872708,0.9735678846073048
2020-10-03,,,,,,,1.0002290425803335,0.4066,0.9941330269,6264.2783,1.001589056799353,1.0007591279007744,0,0.41098,0,0,1.0010655811714286,1,24969.33333333333,,10510683.448872708,
2020-10-04,3752674.0,6582.0,,,,,1.0010460508436938,0.4125,0.9958069037,6265.897,1.0016159918395795,1.0008430999361049,0,0.4111733333333333,0,0,1.0011413519428571,1,26623.83333333333,0.2472221004989264,10509078.564103756,
2020-10-05,,,,,,,1.0022471324869529,0.418,1.0001708119,6269.1687,1.0016584317067934,1.0010031440928695,0,0.4122066666666666,0,0,1.0011450912,0,26623.83333333333,,10509078.564103756,
2020-10-06,23119575.0,48312.5,10054284.607074086,31.165059814744826,113.31139879999998,317922.0,1.0009490385656965,0.4083,1.0016371805,6269.5868,1.0009419740838996,1.001058833331966,0,0.4126666666666667,0,0,0.9985386310714286,0,31364.83333333333,1.5403397648109085,10452229.319475047,0.9619272884054032
2020-10-07,,,,,,,1.0023107723476277,0.4119,1.0046782614,6273.3468,1.0011080681657667,1.001208686223935,0,0.4130233333333333,0,0,1.0003877099285714,0,31364.83333333333,,10452229.319475047,
2020-10-08,,,,,,,1.003746379722198,0.4241,0.9963104496,6278.8809,1.0015207412751426,1.001377830384194,0,0.41429,0,0,0.9998166195714286,1,31364.83333333333,,10420237.955726516,
2020-10-09,8091513.0,11753.5,,,,,1.0045374943565937,0.4324,1.0063597337,6285.6824,1.0021522729861565,1.0015452467486794,0,0.4156033333333333,0,0,0.9998709096714286,0,22216.0,0.5290556355779619,10420237.955726516,
2020-10-10,,,11127194.8560519,37.05297899153161,75.84989664999998,298486.0,1.003682710862687,0.4435,1.0046255298,6289.8451,1.0026456541693498,1.0016579938669972,0,0.41707,0,0,1.0013698386571428,0,22216.0,,10508607.56826719,1.0588648195078345
2020-10-11,867678.0,2156.0,,,,,1.0032965464714505,0.4468,1.0158606489,6294.3194,1.0029671535447438,1.0017967584084295,0,0.4185433333333333,0,0,1.0042346594,0,20740.666666666668,0.1039503712513258,10508607.56826719,
2020-10-12,,,,,,,1.004080334692896,0.4544,1.0242675107,6300.7923,1.003229039574164,1.0019433456969074,0,0.4201766666666666,0,0,1.0076770449428571,0,20740.666666666668,,10330412.73383516,
2020-10-13,11022371.0,2977.5,,,,,1.0036048384788585,0.4486,1.0276033213,6305.5256,1.0036084395617588,1.002057719150581,0,0.4218366666666667,0,0,1.0113864936285717,0,5629.0,0.5289571860010659,10330412.73383516,
2020-10-14,,,11605343.496273927,36.26839850703604,73.04920249999999,314541.0,1.0040107104841414,0.4471,1.02146178,6311.9734,1.003851287866975,1.0021375428593744,0,0.4228166666666667,0,0,1.013784139142857,0,5629.0,,10489779.079140006,1.1063477513413351
2020-10-15,,,,,,,1.0037699614423388,0.4507,1.0184357376,6318.3479,1.003854656684138,1.0021647887949643,0,0.42372,0,0,1.0169448945714286,0,5629.0,,10489779.079140006,
2020-10-16,287951.0,688.0,,,,,1.0015134664024556,0.4426,1.0144614452,6320.239,1.0034226526906898,1.0020737561369506,0,0.4240466666666667,0,0,1.0181022819285714,0,1940.5,0.3545477969595465,10360175.202621143,
2020-10-17,,,,,,,1.0010779471701443,0.4436,1.0102487801,6322.0582,1.003050543591755,1.002069206397998,0,0.4244766666666667,0,0,1.0189056034,0,1940.5,,10360175.202621143,
2020-10-18,7070186.0,14454.0,8982105.736832837,38.790041919841926,36.45097174999999,231557.0,1.0015540162361454,0.4495,1.0060699745,6324.5971,1.0028016107009972,1.0020406983857515,0,0.4251433333333333,0,0,1.0175069356285713,0,6039.833333333333,2.393112392726069,10187916.519397603,0.8816430444567418
2020-10-19,,,,,,,1.0079714887447857,0.4599,1.0187088322,6343.3789,1.0033574898512672,1.0022053603567536,0,0.42591,0,0,1.0167128387,0,6039.833333333333,,10187916.519397603,
2020-10-20,27631492.5,57423.5,,,,,1.0045647575752132,0.4672,1.0236306248,6355.6024,1.0034946211507465,1.0023128317648196,0,0.42719,0,0,1.0161453106285714,0,24188.5,2.37400004134196,10208806.765251271,
2020-10-21,,,,,,,1.009152343830707,0.5033,1.030587793,6381.4418,1.0042291402002557,1.00265194390272,0,0.43051,0,0,1.0174490267714285,0,24188.5,,10208806.765251271,
2020-10-22,,,13585268.793336762,38.85446322223044,166.97812487000004,339087.0,1.0182033509896438,0.505,1.0475320129,6433.8107,1.0062910529927278,1.0031512338945263,0,0.4337833333333333,0,0,1.0216056375285716,0,24188.5,,10630864.51876196,1.277908186052103
2020-10-23,36577953.5,45833.5,,,,,1.0090337721833604,0.5021,1.0533007935,6449.3099,1.00736538239,1.0034808390081256,0,0.4375033333333333,0,0,1.027154115857143,0,39237.0,1.168119377118536,10630864.51876196,
2020-10-24,,,,,,,1.0099340901064524,0.5072,1.0563296759,6463.1285,1.0086305456666154,1.0038481219253916,0,0.44045,0,0,1.0337371009714285,0,39237.0,,10731240.044455966,
2020-10-25,17506952.0,11942.0,,,,,1.0062072334907253,0.5039,1.0432978278,6470.0685,1.0092952909886983,1.003973830178179,0,0.4433999999999999,0,0,1.0390553657285715,0,38399.66666666666,0.3109922829191225,10731240.044455966,
2020-10-26,,,10435984.482452529,41.33161375102984,111.29083665,252494.0,1.00383198497143,0.5048,1.0200665505,6477.0421,1.0087039333067902,1.0040483273350556,0,0.4462799999999999,0,0,1.0392493254857142,0,38399.66666666666,,10694333.099205537,0.975842475229035
2020-10-27,66694327.0,124959.0,,,,,1.0123696200056644,0.5246,1.0346909473,6500.6995,1.0098189136539977,1.004432064483174,0,0.4497933333333332,0,0,1.0408293715571428,0,60911.5,2.051484530835721,10694333.099205537,
2020-10-28,,,,,,,1.0068948415647812,0.5099,1.0467328039,6513.2923,1.009496413330294,1.004596890754785,0,0.45288,0,0,1.0431358016857144,0,60911.5,,10860435.117588297,
2020-10-29,,,,,,,1.008991742097125,0.5154,1.0573141248,6530.0489,1.0081804692027911,1.0046978074271573,0,0.45598,0,0,1.0445332462428571,0,60911.5,,10860435.117588297,
2020-10-30,62442748.5,113597.0,12828892.041338578,47.80407223524235,262.34694254,268364.0,1.0046972255676312,0.5193,1.0200617773,6539.4976,1.0075609625434014,1.0048161111535934,0,0.4593366666666666,0,0,1.039784815357143,0,83499.33333333333,1.3604539756804446,11106492.23305708,1.1550804495369826
2020-10-31,,,,,,,1.0097652559561396,0.5255,1.0393526423,6551.5488,1.007536843379071,1.005113030753579,0,0.4632033333333333,0,0,1.037359524842857,0,83499.33333333333,,11106492.23305708,
2020-11-01,47467584.0,61518.5,,,,,1.0074155414753618,0.5223,1.0565758843,6562.7323,1.0077094588054476,1.0053563230567744,0,0.4670333333333333,0,0,1.0392563900571428,0,100024.83333333331,0.6150322669870316,11231296.287622944,
2020-11-02,,,,,,,1.0091493817237276,0.5159,1.0396973113,6581.0655,1.0084690869129187,1.0056536676948875,0,0.4706766666666667,0,0,1.0420607844571428,0,100024.83333333331,,11231296.287622944,
2020-11-03,65755104.5,51049.0,15826226.373946056,47.7163542825194,289.3099895599999,331673.0,1.041833670722993,0.5227,1.047511971,6681.1841,1.0126782370153944,1.0070132550241977,0,0.47435,0,0,1.0438923592714286,0,75388.16666666667,0.6771487125521467,11805662.548413334,1.340562319907499
2020-11-04,,,,,,,1.013448977668679,0.5257,1.0375358036,6701.887,1.013614542173094,1.0073866498635884,0,0.47794,0,0,1.0425785020857143,0,75388.16666666667,,11805662.548413334,
2020-11-05,,,,,,,1.0216572739750829,0.5666,1.0349861121,6763.3872,1.015423903869945,1.0080769243772347,0,0.4832166666666666,0,0,1.0393887859857145,0,75388.16666666667,,12055859.397176083,
2020-11-06,68940189.5,29599.5,,,,,1.012782287954126,0.5651,1.0399398717,6793.245,1.0165789127823015,1.0084259748974511,0,0.4883233333333334,0,0,1.0422285137571428,0,47389.0,0.6246069763025175,12055859.397176083,
2020-11-07,,,16132958.559332216,59.55296790832155,135.2343624300001,270901.0,1.0076201112436771,0.5428,1.0461114758,6797.2458,1.016272463537664,1.0085550992815009,0,0.49228,0,0,1.0431940614,0,47389.0,,12565496.7924456,1.2839093293176742
2020-11-08,32145855.0,7246.0,,,,,1.0227853835593546,0.5594,1.1493887317,6828.9027,1.0184681552639483,1.009163362254926,0,0.4965133333333333,0,0,1.0564530395999998,0,29298.166666666668,0.2473192293033125,12565496.7924456,
2020-11-09,,,,,,,1.0104432778722687,0.5531,1.0407597375,6846.7956,1.018652997570883,1.0093887144885787,0,0.5001666666666666,0,0,1.0566048147714286,0,29298.166666666668,,12770968.497644698,
2020-11-10,14563611.5,19444.5,,,,,1.009083123615891,0.552,1.0523925108,6862.5926,1.0139743479841543,1.0095816003933935,0,0.5036733333333333,0,0,1.0573020347428572,0,18763.33333333333,1.036303073370048,12770968.497644698,
2020-11-11,,,16020485.034676496,49.71029590903631,107.57878081,322277.0,1.0104390785638857,0.5625,1.0402947445,6882.6635,1.0135443623977551,1.0097935585224262,0,0.5072766666666667,0,0,1.057696169157143,0,18763.33333333333,,13177158.064773677,1.2157769494701478
2020-11-12,,,,,,,1.0168802757774746,0.5756,1.0478853633,6912.921,1.012861934083811,1.010236073099047,0,0.51151,0,0,1.0595389193285714,0,18763.33333333333,,13177158.064773677,
2020-11-13,2607098.5,3403.0,,,,,1.0166745401593955,0.5753,1.0400557079,6935.5259,1.0134179701131354,1.0106582007548888,0,0.5157833333333334,0,0,1.0595554673571428,0,10031.166666666666,0.3392426936049313,13401703.003130782,
2020-11-14,,,,,,,1.0066968195826698,0.5686,1.0618369512,6946.9092,1.01328607130442,1.0107557626928996,0,0.5197133333333334,0,0,1.061801963842857,0,10031.166666666666,,13401703.003130782,
2020-11-15,1649922.0,3384.5,15662707.440931926,61.97775138370071,42.4333546,252715.0,1.0054418710119228,0.565,1.0315537638,6954.2991,1.0108084266547868,1.0108867095132152,0,0.5237933333333333,0,0,1.044968397,0,8744.0,0.3870654162854529,13684328.557855925,1.144572594461732
2020-11-16,,,,,,,1.0061942932606094,0.5833,1.0374193648,6976.8653,1.0102014288531211,1.0110572543828975,0,0.52845,0,0,1.0444912009,0,8744.0,,13684328.557855925,
2020-11-17,15252493.5,22040.5,,,,,1.0161741565599949,0.6028,1.0581245202,7024.0191,1.0112144335594218,1.0115445923936923,0,0.53356,0,0,1.0453100593857143,0,9609.333333333334,2.293655473844873,14356074.675144937,
2020-11-18,,,,,,,1.0253656406879654,0.6016,1.138429428,7092.8447,1.0133467995771477,1.012124397458465,0,0.5382833333333333,0,0,1.0593292998857142,0,9609.333333333334,,14356074.675144937,
2020-11-19,,,16988027.064900875,54.61316932981272,94.51871958000002,311061.0,1.0103418349272568,0.6007,1.0640020031,7114.8588,1.012412736598545,1.0123169667035332,0,0.5427333333333333,0,0,1.061631677,0,9609.333333333334,,14685068.723864429,1.156823123155968
2020-11-20,2031757.5,2528.0,,,,,1.0302565168337383,0.6148,1.1002650271,7189.0855,1.014353018980594,1.0130204391369677,0,0.54645,0,0,1.0702330083142857,0,9317.666666666666,0.2713125603691911,14685068.723864429,
2020-11-21,,,,,,,1.017848564625011,0.6139,1.0828021442,7222.6565,1.015946125415214,1.0130086129248133,0,0.55008,0,0,1.0732280358857145,0,9317.666666666666,,14842182.999654096,
2020-11-22,2161156.5,3097.5,,,,,1.007111099660236,0.6084,1.0672598171,7237.3945,1.0161845866506876,1.012944523840709,0,0.5536233333333332,0,0,1.0783289006428571,0,9222.0,0.3358815875081327,14842182.999654096,
2020-11-23,,,18011288.3905691,60.47303381201014,56.545846030000014,297840.0,1.0141751455579866,0.6044,1.0821321322,7268.5936,1.0173247084074557,1.0130858923557602,0,0.5568633333333334,0,0,1.0847164388428572,0,9222.0,,15238321.173518471,1.181973275498981
2020-11-24,40659245.0,52340.5,,,,,1.019939449469033,0.618,1.0860780571,7315.5508,1.017862607394461,1.0135436328883705,0,0.5606666666666666,0,0,1.0887098012571428,0,19322.0,2.708855190974019,15238321.173518471,
2020-11-25,,,,,,,1.011146398156583,0.6087,1.0594603399,7336.5504,1.015831287032835,1.013787446661209,0,0.56413,0,0,1.0774285029571429,0,19322.0,,15924369.272242175,
2020-11-26,,,,,,,1.0086526757261025,0.5702,1.0988845902,7354.8252,1.0155899785755271,1.0136635485185568,0,0.56565,0,0,1.0824117296857143,0,19322.0,,15924369.272242175,
2020-11-27,29849255.0,19907.0,17988301.561259545,55.47527450752039,84.21494944000001,322445.0,1.0095877193574148,0.5689,1.0436178573,7372.8429,1.0126372932217669,1.0137533111116446,0,0.5676166666666665,0,0,1.0743192768571428,0,25115.0,0.7926338841329883,16182360.80836935,1.1115993379628628
2020-11-28,,,,,,,1.0076602136310535,0.5839,1.0145732478,7384.2737,1.0111818145083442,1.013708926829442,0,0.5699000000000001,0,0,1.0645722916571427,0,25115.0,,16182360.80836935,
2020-11-29,3165267.5,6157.5,,,,,1.0114823738373324,0.5933,1.014562284,7399.0789,1.0118062822479297,1.013935098438432,0,0.5723666666666668,0,0,1.057044072642857,0,26135.0,0.2356035967093935,16661427.77508803,
2020-11-30,,,,,,,1.0223533382975734,0.6208,1.0365275998,7456.4949,1.0129745954964418,1.0143547011831466,0,0.5755433333333334,0,0,1.050529139442857,0,26135.0,,16661427.77508803,
2020-12-01,,,21143567.33429405,55.92530268177696,145.30838284999993,378068.0,1.0194616986532463,0.6021,1.0750353412,7489.5771,1.0129063453799008,1.0147562397557428,0,0.5782033333333333,0,0,1.0489516086,0,13032.25,,17221695.219988782,1.2277285751610127
2020-12-02,47748451.5,58926.5,,,,,1.0224350278014334,0.6081,1.1072902849,7529.4063,1.0145190067577368,1.0151990946249998,0,0.5812766666666668,0,0,1.0557844578857143,0,28330.33333333333,2.079979056605993,17221695.219988782,
2020-12-03,,,,,,,1.0201411989131055,0.6116,1.0311100323,7561.4053,1.01616022435588,1.0144760122313368,0,0.58424,0,0,1.0461023781857142,0,28330.33333333333,,17421047.9122806,
2020-12-04,39181281.5,23895.0,,,,,1.0108148002928032,0.5955,1.0447029018,7577.138,1.016335521632364,1.0143882063188077,0,0.5865666666666667,0,0,1.046257384542857,0,29659.666666666668,0.8056395329234988,17421047.9122806,
2020-12-05,,,18632287.72198453,65.51828949685647,69.64763484000004,282599.0,1.0058637108697197,0.603,1.0355833923,7587.8896,1.0160788783807448,1.0138617542152957,0,0.58778,0,0,1.049258833757143,0,29659.666666666668,,17572452.888493594,1.060312287659335
2020-12-06,17257860.0,9534.5,,,,,1.0073836660179154,0.6074,1.0227809515,7598.9665,1.0154933486922566,1.013681800150755,0,0.5891900000000001,0,0,1.0504329291142855,0,30785.33333333333,0.3097091688682922,17572452.888493594,
2020-12-07,,,,,,,1.012248508184787,0.6028,1.036926339,7619.5736,1.0140498015332873,1.0138360800487922,0,0.59119,0,0,1.0504898918571428,0,30785.33333333333,,17778094.935516648,
2020-12-08,,,,,,,1.0111995561488094,0.5839,1.042763028,7631.2222,1.0128694954612247,1.013449885801774,0,0.5920066666666667,0,0,1.0458795614,0,30785.33333333333,,17778094.935516648,
2020-12-09,10109451.0,11612.5,17187411.942549206,53.53016529436434,72.45729357,321079.0,1.015683649288268,0.5872,1.0559125199,7668.0144,1.0119050128164868,1.013624564848974,0,0.5931433333333334,0,0,1.0385398806857142,0,15014.0,0.773444784867457,17704259.561395716,0.9708065950426134
2020-12-10,,,,,,,1.0063971003715146,0.5802,1.019459419,7679.314,1.0099415701676882,1.013535030740828,0,0.5940833333333334,0,0,1.036875507357143,0,15014.0,,17704259.561395716,
2020-12-11,14270323.5,14225.5,,,,,1.0082774097600664,0.5741,1.0119909578,7692.2809,1.0095790858058686,1.013462975114034,0,0.59447,0,0,1.0322023725,0,11790.833333333334,1.2064880910311682,17944798.77949846,
2020-12-12,,,,,,,1.0154489452172686,0.5899,1.0015250396,7715.627,1.0109484049983757,1.0134152640953606,0,0.5949466666666667,0,0,1.027336893542857,0,11790.833333333334,,17944798.77949846,
2020-12-13,1417345.5,4141.0,19661607.518971115,70.7346212228646,39.24154715,276160.0,1.0353656462255076,0.5942,1.0528871254,7774.0168,1.0149458307423174,1.014038300964231,0,0.5955766666666666,0,0,1.0316377755285715,0,9993.0,0.4143900730511358,18159399.871932544,1.0827234191456077
2020-12-14,,,,,,,1.009070346187794,0.5958,1.0418148002,7795.0311,1.01449180759989,1.014117418517735,0,0.5964833333333334,0,0,1.0323361271285714,0,9993.0,,18159399.871932544,
2020-12-15,,,,,,,1.0120177915745865,0.5974,1.0378699334,7822.8767,1.014608698375001,1.014336615869824,0,0.5975633333333333,0,0,1.0316371136142857,0,9993.0,,18516070.219218347,
2020-12-16,11802137.5,13167.5,,,,,1.0234078210947617,0.6302,1.042546011,7903.5157,1.015712151490214,1.0149104001309623,0,0.5991266666666667,0,0,1.0297276123428571,0,10511.333333333334,1.2526955032663156,18516070.219218347,
2020-12-17,,,22338873.247198086,71.48210696361105,162.99271891000006,309481.0,1.0432227744344118,0.6478,1.0756055039,8027.2727,1.020972962070628,1.0158120207267762,0,0.6006266666666668,0,0,1.0377484816142857,0,10511.333333333334,,18993920.597715814,1.1761064879825038
2020-12-18,55498953.5,93970.5,,,,,1.0472889127561409,0.6457,1.2309855416,8166.8976,1.02654603392721,1.016542796462382,0,0.6020966666666666,0,0,1.069033422157143,0,37093.0,2.5333755695144635,18993920.597715814,
2020-12-19,,,,,,,1.019593741108754,0.656,1.0880328414,8207.0112,1.0271381476259938,1.0168511933350983,0,0.60394,0,0,1.081391679557143,0,37093.0,,19280476.816689376,
2020-12-20,24115369.0,12676.0,,,,,1.0290089979766543,0.6492,1.0808446002,8253.221,1.0262300550190149,1.0168096093731958,0,0.6050866666666667,0,0,1.0853856045285717,0,39938.0,0.317391957534178,19280476.816689376,
2020-12-21,,,23298120.991149504,85.64541040013786,138.56269221999997,269834.0,1.0177059355509248,0.6386,1.090195139,8289.9072,1.027463710642319,1.0168048550707265,0,0.60591,0,0,1.0922970815,0,39938.0,,19782682.338496894,1.1777028308143838
2020-12-22,,,,,,,1.0366235177206071,0.6468,1.0767237756,8390.1724,1.030978814377465,1.0177886023394052,0,0.60719,0,0,1.0978476303857143,0,39938.0,,19782682.338496894,
2020-12-23,46318900.5,29670.0,,,,,1.033991888477775,0.6366,1.0591247561,8469.8253,1.0324908240036097,1.0184491604367316,0,0.6082633333333334,0,0,1.1002160225428572,0,45438.833333333336,0.6529657084798979,20035738.61677229,
2020-12-24,,,,,,,1.0278463926065544,0.6394,1.1333207643,8548.822,1.0302941980282014,1.0187127252079824,0,0.6089766666666667,0,0,1.1084610597428572,0,45438.833333333336,,20035738.61677229,
2020-12-25,49583787.5,14194.5,23792132.986943312,78.289090812282,92.4849457699999,303901.0,1.008487981127368,0.6525,1.0334125553,8573.3585,1.0247512077955196,1.0186241113070085,0,0.6104366666666667,0,0,1.0802363474142858,0,18846.83333333333,0.7531503966183533,20505287.91304367,1.1602925590627204
2020-12-26,,,,,,,1.0193569449491349,0.674,1.0829821899,8632.2911,1.024717379772717,1.0189809202811095,0,0.6138966666666668,0,0,1.0795148257714284,0,18846.83333333333,,20505287.91304367,
2020-12-27,49936722.5,21434.5,,,,,1.0281964085113398,0.6704,1.0922899979,8711.9287,1.0246012955633863,1.0196012099195737,0,0.6172800000000002,0,0,1.0811498825857142,0,21766.33333333333,0.98475474356422,20864857.39186997,
2020-12-28,,,,,,,1.074294658698358,0.6703,1.1447801416,8913.9891,1.0326853988701623,1.021822358088484,0,0.62016,0,0,1.0889477401,0,21766.33333333333,,20864857.39186997,
2020-12-29,,,28221057.092363108,83.91357134427095,105.85291042999998,336311.0,1.0546895726630643,0.6674,1.2756880274,9056.2115,1.035266263861942,1.0232625980493415,0,0.6226299999999999,0,0,1.1173712046428572,0,21766.33333333333,,21784382.35443161,1.2954719869127744
2020-12-30,47247657.0,10930.0,,,,,1.036428944690652,0.6824,1.1019356067,9161.4188,1.035614414749496,1.0237317849291108,0,0.6246833333333334,0,0,1.1234870404428572,0,15519.666666666666,0.704267703344144,21784382.35443161,
2020-12-31,,,,,,,1.0248174501862397,0.6816,1.0726819182,9239.9569,1.035181708689451,1.0239103099802107,0,0.6273333333333333,0,0,1.1148243481428572,0,15519.666666666666,,21875927.35730841,
2021-01-01,27524604.0,9625.0,,,,,1.041733406187718,0.6821,1.1384482522,9339.2927,1.039931055126644,1.0245535892597537,0,0.6297999999999999,0,0,1.1298294477000002,0,13996.5,0.6876719179794949,21875927.35730841,
2021-01-02,,,31908499.940662757,107.0417383129575,79.69906721999999,297111.0,1.050973507291873,0.7025,1.0920882863,9525.3485,1.044447706889892,1.025581332872379,0,0.63283,0,0,1.1311303186142858,0,13996.5,,23129998.9302277,1.3795288117788354
2021-01-03,16412605.0,15119.5,,,,,1.0441491968222771,0.7088,1.1773009787,9691.8073,1.0467266766485974,1.0266924794233614,0,0.6366066666666667,0,0,1.1432747444428573,0,11891.5,1.2714544002018249,23129998.9302277,
2021-01-04,,,,,,,1.040210703781442,0.6913,1.2483936827,9817.7085,1.0418575402318953,1.0278373791870856,0,0.6395500000000001,0,0,1.1580766788857144,0,11891.5,,23772529.102833867,
2021-01-05,,,,,,,1.0381806851249138,0.7066,1.1975597602,9980.9311,1.0394991277264451,1.0288639464906522,0,0.6428566666666666,0,0,1.1469154978571428,0,11891.5,,23772529.102833867,
2021-01-06,27720921.5,22512.0,43004565.11013959,108.21916612178546,128.51898515,397384.0,1.0465892113972872,0.7223,1.1812734316,10175.9829,1.0409505943988215,1.0300086365977357,0,0.64684,0,0,1.1582494728428572,0,15752.166666666666,1.4291367325129878,26176533.603747085,1.6428670717494709
2021-01-07,,,,,,,1.0542340156708254,0.7328,1.2216083315,10479.7322,1.0451529608966197,1.0314431185818027,0,0.6518033333333334,0,0,1.1795246747428572,0,15752.166666666666,,26176533.603747085,
2021-01-08,67422633.5,62846.0,,,,,1.0544069289348523,0.7361,1.2585283824,10762.5476,1.0469634641462102,1.0327338945700222,0,0.6567666666666667,0,0,1.1966789790571428,0,33492.5,1.8764200940509068,27460693.841061067,
2021-01-09,,,,,,,1.046365203308878,0.7289,1.2959918212,10945.5242,1.0463051350057824,1.0340661646679343,0,0.6617233333333333,0,0,1.2258080554714286,0,33492.5,,27460693.841061067,
2021-01-10,87217094.0,47512.0,43171347.77742759,130.08707690605394,91.95258523,331865.0,1.0234631168664865,0.7123,1.2075624788,11026.3692,1.0433499807263835,1.034572354904815,0,0.66633,0,0,1.2301311269142856,0,44290.0,1.0727477986001357,29424525.583106883,1.467189255286175
2021-01-11,,,,,,,1.0129243409257342,0.6853,1.1910582398,11100.7027,1.0394519288898538,1.0344882014284305,0,0.66951,0,0,1.2219403493571428,0,44290.0,,29424525.583106883,
2021-01-12,,,,,,,1.017833147762856,0.6694,1.0750880998,11146.1681,1.0365451378381312,1.0339037848130088,0,0.6720166666666667,0,0,1.2044443978714283,0,44290.0,,30819228.16369771,
2021-01-13,87245814.0,53468.0,,,,,1.01926867626818,0.6987,1.093697641,11237.5124,1.0326422042482588,1.0342437291490216,0,0.6754466666666666,0,0,1.191933570642857,0,54608.66666666666,0.9791119846666586,30819228.16369771,
2021-01-14,,,42518141.3229426,120.78159597455463,141.41282765999998,338809.0,1.030556832079463,0.7093,1.038727504,11351.4785,1.0292597494494928,1.0348616971658509,0,0.6791766666666667,0,0,1.165807738142857,0,54608.66666666666,,32281592.30860332,1.31710173762436
2021-01-15,90122821.0,71160.5,,,,,1.0182784546866634,0.6891,1.0796302921,11411.64,1.0240985388426087,1.034690718285581,0,0.68114,0,0,1.1402508681,0,57380.16666666666,1.240158475199038,32281592.30860332,
2021-01-16,,,,,,,1.0118859787026593,0.6835,1.0834348535,11448.3986,1.0191729353274346,1.0336461584278558,0,0.68233,0,0,1.109885587,0,57380.16666666666,,33701980.74594692,
2021-01-17,88950142.5,46842.5,,,,,1.009856981260543,0.6817,1.0630032823,11479.6017,1.0172292016694426,1.0323984273780027,0,0.68353,0,0,1.0892342732142857,0,57157.0,0.819540913623878,33701980.74594692,
2021-01-18,,,36250411.753908925,114.02942949415208,84.66625216,313816.0,1.020287048375835,0.6843,1.077888318,11551.6043,1.0182810170194572,1.0324215376202386,0,0.6844733333333334,0,0,1.0730671415285715,0,57157.0,,34020534.62194218,1.0655450349839166
2021-01-19,,,,,,,1.0116574788949302,0.6803,1.0415260155,11589.6656,1.0173987786097534,1.031843153650848,0,0.6855100000000001,0,0,1.0682725580571428,0,57157.0,,34020534.62194218,
2021-01-20,86321528.0,37117.5,,,,,1.0054908212621687,0.6728,1.0635390756,11620.005,1.0154305136088946,1.031435983174556,0,0.6866500000000001,0,0,1.0639641915714286,0,51706.833333333336,0.7178451590860009,35552307.9977697,
2021-01-21,,,,,,,1.0006200439247177,0.6257,1.0540414534,11610.3871,1.011153829586788,1.0302358673813596,0,0.6859466666666666,0,0,1.0661518986285714,0,51706.833333333336,,35552307.9977697,
2021-01-22,96736640.5,50856.0,31865792.143227555,97.46828006554072,116.02452285,326935.0,1.00366163792821,0.6474,1.0086659024,11632.5283,1.009065712907009,1.0292248590297075,0,0.6863066666666667,0,0,1.0560141286714286,0,44938.66666666666,1.131675765487776,35091493.51595193,0.9080773985507904
2021-01-23,,,,,,,1.005990413217337,0.6365,1.016849827,11646.1515,1.0082234892662487,1.0284963263834002,0,0.6862099999999999,0,0,1.0465019820285717,0,44938.66666666666,,35091493.51595193,
2021-01-24,61334327.0,21608.0,,,,,1.0040003022658284,0.6382,1.0109365621,11656.578,1.0073868208384325,1.0283467370880155,0,0.6857333333333333,0,0,1.039063879142857,0,36527.16666666666,0.5915597067023175,36705687.87723888,
2021-01-25,,,,,,,1.005988989377595,0.6399,1.0113794359,11673.5572,1.005344240981541,1.0279011385689645,0,0.6845966666666666,0,0,1.0295626102714286,0,36527.16666666666,,36705687.87723888,
2021-01-26,,,35209827.729441255,103.4068562207157,81.76242060999999,336935.0,1.0024286640524998,0.6418,1.0357130781,11692.4134,1.0040258388611938,1.0270422137536697,0,0.6836433333333333,0,0,1.028732190642857,0,36527.16666666666,,36518705.35876417,0.9641587067103188
2021-01-27,65245012.0,23432.0,,,,,1.0198814439375716,0.613,1.0247340871,11748.0547,1.006081642100537,1.02522843992831,0,0.6817333333333334,0,0,1.0231886208571428,0,31965.33333333333,0.7330441311420706,36518705.35876417,
2021-01-28,,,,,,,1.0157496995057442,0.6473,1.0317418853,11819.0112,1.0082430214692553,1.0239304441563994,0,0.6810633333333335,0,0,1.020002968271429,0,31965.33333333333,,37704083.68253575,
2021-01-29,81536229.5,65962.0,,,,,1.0223914746588665,0.6517,1.0233568081,11899.2893,1.0109187124307777,1.0234625284886731,0,0.68004,0,0,1.022101669085714,0,37000.66666666666,1.7827246355921516,37704083.68253575,
2021-01-30,,,33651946.62402073,107.75070722006684,138.4634188,312313.0,1.0074266336678503,0.6526,1.0588230156,11934.5632,1.0111238867808507,1.022882834604727,0,0.6790733333333333,0,0,1.0280978388857145,0,37000.66666666666,,37197566.550221376,0.9046814010961278
2021-01-31,85269492.0,29026.0,,,,,1.0096644944907782,0.639,1.0285888096,11969.7763,1.0119330570987008,1.0218138708814957,0,0.6776366666666667,0,0,1.0306195885285714,0,39473.333333333336,0.7353318696166188,37197566.550221376,
2021-02-01,,,,,,,1.007698388483029,0.6427,1.0278359098,11995.9203,1.0121772569709058,1.020371366921201,0,0.6756433333333334,0,0,1.0329705133714284,0,39473.333333333336,,37953147.49444404,
2021-02-02,,,,,,,1.0146420871976178,0.6613,1.0618135636,12056.3662,1.0139220317059223,1.0193877966003788,0,0.6740600000000001,0,0,1.0366991541571429,0,39473.333333333336,,37953147.49444404,
2021-02-03,80101663.5,27581.0,39131400.43937232,113.61370527508838,134.24070735,344425.0,1.0131329046741782,0.6776,1.0207209617,12115.7469,1.012957954668295,1.0184852032968033,0,0.6736033333333332,0,0,1.0361258505285715,0,40856.333333333336,0.6750728161280585,38100429.11256007,1.027059310113449
2021-02-04,,,,,,,1.0181100207587748,0.6717,1.0678805997,12188.5669,1.0132951434187278,1.0178161811512654,0,0.67244,0,0,1.0412885240142855,0,40856.333333333336,,38100429.11256007,
2021-02-05,75189988.5,26784.5,,,,,1.025639882362919,0.6768,1.1367373817,12295.3745,1.013759201662164,1.0171178701834531,0,0.6709233333333333,0,0,1.0574857488142857,0,27797.166666666668,0.9635694285388798,37399838.255762994,
2021-02-06,,,,,,,1.014668202700583,0.686,1.0635980026,12354.9528,1.014793711523983,1.0157990097511118,0,0.6693633333333333,0,0,1.0581678898142857,0,27797.166666666668,,37399838.255762994,
2021-02-07,74980401.5,23344.0,41085629.48255814,143.47344457598768,84.69085027000003,286364.0,1.012910898310128,0.6817,1.1143789858,12416.5953,1.0152574834981756,1.0144158087302877,0,0.66755,0,0,1.0704236292714284,0,25903.166666666668,0.9012025556720864,37860562.15911239,1.0851827637923632
2021-02-08,,,,,,,1.0296866143130723,0.7266,1.0766177133,12610.5212,1.0183986586167533,1.0138598557637608,0,0.6674733333333334,0,0,1.0773924583428571,0,25903.166666666668,,37860562.15911239,
2021-02-09,,,,,,,1.0333452213489986,0.7236,1.1400745012,12863.7601,1.0210705349240936,1.0141892592465112,0,0.6678499999999999,0,0,1.088572592285714,0,25903.166666666668,,37101878.49935307,
2021-02-10,66753167.0,54429.0,,,,,1.0264835379473227,0.7116,1.1962063705,13002.6792,1.0229777682488284,1.014641232480564,0,0.6687266666666666,0,0,1.1136419364,0,34852.5,1.5616957176673123,37101878.49935307,
2021-02-11,,,47377470.06192563,152.232911640192,185.34915975,304739.0,1.0219630450866235,0.7257,1.1318359839,13136.2559,1.0235282002956638,1.0147788957246895,0,0.6706033333333333,0,0,1.1227784198571429,0,34852.5,,38386327.44467464,1.234227737212155
2021-02-12,85676738.0,94429.0,,,,,1.0263039571111223,0.7207,1.1147290915,13276.1195,1.023623068116836,1.015013405086121,0,0.6713366666666667,0,0,1.1196343784,0,57400.66666666666,1.6450854229335317,38386327.44467464,
2021-02-13,,,,,,,1.008641455255152,0.7181,1.1416754361,13306.6881,1.02276210419606,1.014282892525311,0,0.6716300000000001,0,0,1.1307882974714285,0,57400.66666666666,,37796068.3192078,
2021-02-14,,,,,,,1.0102184152514913,0.7264,1.0610483881,13360.6376,1.022377463759112,1.014014224544138,0,0.6728733333333334,0,0,1.1231696406571428,0,74429.0,,37796068.3192078,
2021-02-15,87118536.5,50886.0,51761591.27857075,165.50733434130282,121.55584341000002,308496.0,1.0240787648592082,0.7192,1.2328986455,13508.4924,1.0215763424085598,1.0144206507493565,0,0.6740633333333332,0,0,1.1454954881142858,0,66581.33333333333,0.7642682633771227,39541758.68912816,1.3090361429169912
2021-02-16,,,,,,,1.0151762622478175,0.7232,1.0649682353,13602.809,1.0189807768226768,1.014597960115599,0,0.6754466666666666,0,0,1.134766021557143,0,66581.33333333333,,39541758.68912816,
2021-02-17,86631847.5,58962.5,,,,,1.02618660876903,0.7364,1.1166132321,13763.9591,1.0189383583686349,1.0147946121287057,0,0.6771833333333334,0,0,1.1233955732142855,0,68092.5,0.8659176855013401,40011951.10844519,
2021-02-18,,,,,,,1.029027033046793,0.7304,1.1611927159,13923.0127,1.019947499505802,1.015373597267101,0,0.6788533333333333,0,0,1.1275893920714286,0,68092.5,,40011951.10844519,
2021-02-19,78189951.5,79791.0,59244126.43753824,173.43839161305863,160.80575279999996,341586.0,1.048136114706996,0.7442,1.1356982604,14276.8319,1.023066379162355,1.0167951070485952,0,0.6812333333333332,0,0,1.1305849876285714,0,63213.16666666666,1.2622528534403434,42415973.02458183,1.3967409495287022
2021-02-20,,,,,,,1.0215194551812885,0.7421,1.1828711315,14404.914,1.0249060934375178,1.0174917540904809,0,0.6851133333333334,0,0,1.1364700869714286,0,63213.16666666666,,42415973.02458183,
2021-02-21,,,,,,,1.0225298892274908,0.7474,1.1538266527,14527.3517,1.0266648754340892,1.018120695800457,0,0.6884466666666665,0,0,1.1497241247714285,0,63213.16666666666,,43923141.72191815,
2021-02-22,75202820.0,65232.0,,,,,1.0198147233313684,0.7288,1.1377024178,14633.246,1.0260557266443977,1.0185815061375914,0,0.6915233333333333,0,0,1.1361246636714286,0,67995.16666666667,0.959362307615002,43923141.72191815,
2021-02-23,,,48487887.64094238,165.1770480800351,183.30218417,287884.0,1.023665166118788,0.696,1.199358365,14763.0248,1.0272684271973935,1.0192370015993566,0,0.69345,0,0,1.1553232536285714,0,67995.16666666667,,44493734.96179618,1.0897688783055797
2021-02-24,67468832.0,71881.0,,,,,1.0235976583526316,0.6997,1.0684161742,14885.3392,1.026898577137908,1.019823957231858,0,0.6954433333333333,0,0,1.148437959642857,0,72301.33333333333,0.994186368162874,44493734.96179618,
2021-02-25,,,,,,,1.016447631531748,0.6852,1.0706834953,14973.4749,1.0251015197786155,1.0202912561478328,0,0.69689,0,0,1.1355080709857142,0,72301.33333333333,,45820007.42356117,
2021-02-26,83020455.5,73403.0,,,,,1.0225366956671444,0.6738,1.2084438067,15080.2245,1.02144445991578,1.0203797645388186,0,0.6989166666666667,0,0,1.1459002918857144,0,70172.0,1.0460440061563017,45820007.42356117,
2021-02-27,,,51148405.64582984,159.44811974983116,104.30956316000002,320784.0,0.9980569805201858,0.6716,0.9302521436,15053.4286,1.0180926778213366,1.0197900072392998,1,0.6997266666666667,0,0,1.1098118650428572,1,70172.0,,46486057.20134476,1.1002956311027
2021-02-28,,,,,,,1.0030928734696514,0.6676,1.043904133,15075.2767,1.0153159612845026,1.019146720532993,0,0.7002566666666666,0,0,1.0941086479428572,0,70172.0,,46486057.20134476,
2021-03-01,86137656.5,42752.0,,,,,1.0175821193074512,0.6942,1.0175816484,15179.0503,1.0149970178525145,1.0194852367209797,0,0.7016433333333333,0,0,1.0769485380285713,0,62678.66666666666,0.6820821544810568,48319501.5695339,
2021-03-02,,,,,,,1.0124864341629056,0.6846,1.0231903409,15235.122,1.013400056144531,1.019579301376717,0,0.7031633333333335,0,0,1.051781677442857,0,62678.66666666666,,48319501.5695339,
2021-03-03,85112272.5,55988.5,55147754.83271214,164.49985781357557,132.69783596999994,333402.0,1.0125396854898878,0.6982,1.0357915535,15298.0867,1.011820345735568,1.0197406779436122,0,0.7050133333333334,0,0,1.0471210173428571,0,57381.16666666666,0.9757295512174436,49173033.22743118,1.1215040279831257
2021-03-04,,,,,,,1.0099908368668598,0.6837,1.0658876425,15330.248,1.0108979464977266,1.0195856362659204,0,0.7057599999999999,0,0,1.0464358955142858,0,57381.16666666666,,49173033.22743118,
2021-03-05,84330137.5,54186.5,,,,,1.010913272599789,0.6846,1.0326972194,15389.3923,1.0092374574881045,1.0195116485301072,0,0.7059933333333334,0,0,1.0213292401857144,0,50975.66666666666,1.062987569232379,50607552.197153874,
2021-03-06,,,,,,,1.0064792468094266,0.6851,1.0065287826,15419.2717,1.0104406383865672,1.019123956065129,0,0.7064400000000001,0,0,1.0322259029,0,50975.66666666666,,50607552.197153874,
2021-03-07,,,49451162.50304934,189.65771328051932,71.23039113000002,260739.0,1.006143963314262,0.6975,1.0171092057,15454.9914,1.0108765083643687,1.0184740920968405,0,0.7071299999999999,0,0,1.0283980561428572,0,50975.66666666666,,50463003.485390805,0.979948855350348
2021-03-08,88464597.0,32782.5,,,,,1.015731798376813,0.7015,1.0389988942,15548.6922,1.010612176802849,1.0185095452860482,0,0.7076466666666666,0,0,1.0314576626857144,0,47652.5,0.6879492156759877,50463003.485390805,
2021-03-09,,,,,,,1.0171070992886464,0.7142,1.0452334851,15646.2098,1.0112722718208125,1.0186494186519988,0,0.70873,0,0,1.034606683285714,0,47652.5,,51802628.34293833,
2021-03-10,91290962.0,41831.0,,,,,1.020457168068353,0.7193,1.0905613608,15749.9555,1.0124033407605928,1.0183417704438416,0,0.7084866666666667,0,0,1.0424309414714286,0,42933.333333333336,0.9743245341614908,51802628.34293833,
2021-03-11,,,52736912.574518405,181.07405302929973,111.07819319,291245.0,1.0339512413769154,0.7247,1.1528281543,15928.1145,1.0158262556906006,1.018361971111439,0,0.7085233333333334,0,0,1.0548510145857144,0,42933.333333333336,,51919413.87188584,1.0157455302683074
2021-03-12,74278008.0,28068.0,,,,,1.0319160341566034,0.7199,1.1280008572,16057.4862,1.018826650198717,1.0185430543184149,0,0.7088,0,0,1.0684658199857142,0,34227.166666666664,0.8200503498682821,51919413.87188584,
2021-03-13,,,,,,,1.027233836120942,0.7361,1.0784551273,16172.9936,1.0217915915289335,1.018718747352892,0,0.7091466666666667,0,0,1.0787410120857144,0,34227.166666666664,,52568262.98759444,
2021-03-14,,,,,,,1.022649818595595,0.7286,1.0705010596,16257.3162,1.0241495708548385,1.0185969427357078,0,0.70941,0,0,1.0863684197857142,0,34227.166666666664,,52568262.98759444,
2021-03-15,72967309.0,11735.0,59673362.68696073,204.19928990066327,112.98540384,292231.0,1.0197713761295624,0.7091,1.1070994297,16326.8213,1.0247266533909454,1.018967940098188,0,0.70911,0,0,1.0960970677142858,0,27211.33333333333,0.4312541343067839,53456400.450015225,1.116299679451083
2021-03-16,,,,,,,1.0188332609767252,0.7095,1.1331746062,16413.5112,1.0249732479178135,1.0192551016223628,0,0.7085466666666667,0,0,1.1086600850142858,0,27211.33333333333,,53456400.450015225,
2021-03-17,83837598.0,32088.0,,,,,1.0195179161409793,0.7186,1.0586818188,16512.5851,1.024839069071046,1.019103073331755,0,0.7085266666666666,0,0,1.1041058647285715,0,23963.666666666668,1.339027138306603,53698516.04593587,
2021-03-18,,,,,,,1.0132323202940428,0.7132,1.0274467327,16558.4987,1.0218792232020644,1.0190382752666292,0,0.7081933333333333,0,0,1.0861942330714285,0,23963.666666666668,,53698516.04593587,
2021-03-19,79835999.0,29044.5,61617467.94631133,193.87048323719537,116.33945050000008,316180.0,1.013350114746594,0.7146,1.0632980637,16603.2452,1.0192269490006345,1.018610392132548,0,0.7074666666666667,0,0,1.0769509768571428,0,24289.166666666668,1.1957800116650084,54688385.033482805,1.126701179941339
2021-03-20,,,,,,,1.0153153686091152,0.7141,1.0518268094,16655.0107,1.017524310784659,1.018153336651292,0,0.7069233333333333,0,0,1.0731469314428572,0,24289.166666666668,,54688385.033482805,
2021-03-21,,,,,,,1.0121154114164108,0.7093,1.0866511576,16699.1842,1.016019395473347,1.016952646541606,0,0.70576,0,0,1.0754540883,0,24289.166666666668,,54037564.83290345,
2021-03-22,94177566.0,31074.0,,,,,1.0163303081952386,0.6924,1.0601772513,16750.0531,1.0155278143398725,1.0167796749754043,0,0.7041033333333334,0,0,1.068750919957143,0,30735.5,1.0110133233557288,54037564.83290345,
2021-03-23,,,60904323.71943131,190.3569446267247,81.33063817999997,314234.0,1.01857465566459,0.691,1.0896540181,16860.6923,1.015490870723853,1.016647833856641,0,0.7022233333333333,0,0,1.0625336930857143,0,30735.5,,54895909.69371943,1.109451033041161
2021-03-24,91207237.0,38578.5,,,,,1.015541326812652,0.6785,1.0780132253,16909.4304,1.014922786534092,1.016505387306017,0,0.7005466666666667,0,0,1.0652953225857142,0,32899.0,1.1726344265783155,54895909.69371943,
2021-03-25,,,,,,,1.013596469994004,0.6706,1.069476088,16977.9487,1.0149748079198009,1.0161697641018574,0,0.6997,0,0,1.0712995162,0,32899.0,,55811341.415544726,
2021-03-26,102492621.0,56648.5,,,,,1.021774606838883,0.6884,1.0091292415,17083.4365,1.0161783067901278,1.0161089957180658,0,0.6993233333333334,0,0,1.0635611130285716,0,42100.333333333336,1.3455594175818084,55811341.415544726,
2021-03-27,,,59212965.29536148,203.6272281307244,66.63131525,288259.0,1.0139668488407978,0.6941,1.060754709,17136.8425,1.0159856611089395,1.016026302961701,0,0.69962,0,0,1.064836527257143,0,42100.333333333336,,56236544.40052182,1.0529268098985831
2021-03-28,,,,,,,1.0121548234233266,0.6918,1.0317742881,17170.3162,1.0159912913956417,1.0156802405535736,0,0.7002200000000001,0,0,1.0569969744714287,0,42100.333333333336,,56236544.40052182,
2021-03-29,72970403.0,29578.0,,,,,1.015392311770323,0.7004,1.0627797966,17247.4475,1.0158572919063682,1.0162580849285785,0,0.70118,0,0,1.057368766657143,0,41601.66666666666,0.7109811305636794,56963421.365477815,
2021-03-30,,,,,,,1.021401878673822,0.7044,1.0744122846,17345.3544,1.016261180907687,1.0168683851020506,0,0.7024066666666666,0,0,1.055191376157143,0,41601.66666666666,,56963421.365477815,
2021-03-31,88552147.5,54588.5,63698731.011946015,191.43177293379097,102.46134312999996,332749.0,1.017344744077601,0.7038,1.0625673189,17417.1485,1.0165188119455366,1.0168604725943888,0,0.7027266666666667,0,0,1.0529848181,0,46938.333333333336,1.1629833469445725,57805335.07128634,1.1019524570421029
2021-04-01,,,,,,,1.0252638512386387,0.702,1.0428073634,17526.5983,1.0181855806947702,1.0172863864969135,0,0.7033066666666667,0,0,1.0491750003,0,46938.333333333336,,57805335.07128634,
2021-04-02,86610354.5,63441.0,,,,,1.0168220484826669,0.7019,1.0550180321,17599.6536,1.0174780723581678,1.017429131930006,0,0.7034300000000001,0,0,1.0557305418142855,0,49202.5,1.2893857019460393,58184989.39108266,
2021-04-03,,,,,,,1.005503542791757,0.6925,1.0324801436,17615.1877,1.0162690286368763,1.0172795554608358,0,0.7037233333333333,0,0,1.0516913181857144,0,49202.5,,58184989.39108266,
2021-04-04,,,56501558.977773495,229.6745985999321,67.19630150000003,246007.0,1.0075752420226765,0.6968,1.0433971508,17646.1137,1.0156148027224978,1.0171682877749322,0,0.7041299999999999,0,0,1.053351727142857,0,49202.5,,57974560.589419015,0.974592276393823
2021-04-05,74527477.5,26800.5,,,,,1.0080678361391588,0.6988,1.0238153483,17696.2986,1.014568449060903,1.0172212407525898,0,0.7045866666666666,0,0,1.0477853773857142,0,48276.66666666666,0.5551439618863495,57974560.589419015,
2021-04-06,,,,,,,1.0458084092693416,0.6903,1.0725464228,17987.4547,1.0180550962888344,1.0185433889510924,0,0.7043466666666667,0,0,1.0475188257,0,48276.66666666666,,59192188.88747183,
2021-04-07,89790053.5,42650.5,,,,,1.0069846731121346,0.6797,1.0582788189,18021.8753,1.0165750861509106,1.0182518181089366,0,0.7036200000000001,0,0,1.0469061828428572,0,44297.333333333336,0.9628231947747042,59192188.88747183,
2021-04-08,,,53025106.53857864,190.3721144943836,91.57954065,278534.0,1.0108142908676,0.6881,1.0401272688,18080.8832,1.0145108632407622,1.018042057828235,0,0.70275,0,0,1.0465233121857145,0,44297.333333333336,,58421303.59386018,0.9076330598030568
2021-04-09,83714311.0,40380.0,,,,,1.0082837248301346,0.6878,1.014504755,18120.9249,1.013291102718972,1.017636276386961,0,0.7017,0,0,1.0407357011714289,0,36610.333333333336,1.102967286103195,58421303.59386018,
2021-04-10,,,,,,,1.0184204957273622,0.6947,1.0298237937,18210.5964,1.0151363817097727,1.0171185848653093,0,0.7007,0,0,1.0403562226142855,0,36610.333333333336,,59233359.45376615,
2021-04-11,,,,,,,1.0088484838378278,0.6955,1.0359293243,18252.5522,1.0153182733976511,1.0163496665213505,0,0.6998866666666667,0,0,1.039289390257143,0,36610.333333333336,,59233359.45376615,
2021-04-12,76283731.5,29154.5,59662203.17826638,204.7651025959055,91.77267732999996,291369.0,1.0152593195155613,0.694,1.0448204256,18333.3217,1.0163456281657088,1.0159505159678377,0,0.6984833333333333,0,0,1.0422901155857145,0,37395.0,0.7796363150153763,59286964.91932868,1.006329186515928
2021-04-13,,,,,,,1.0198203137251665,0.7088,1.0867156087,18472.8693,1.0126330430879695,1.015856199138823,0,0.6978233333333334,0,0,1.044314285,0,37395.0,,59286964.91932868,
2021-04-14,83304681.0,77873.5,,,,,1.0268302471957398,0.7038,1.0842808313,18621.2451,1.0154681250999131,1.0160914948410291,0,0.6976466666666667,0,0,1.0480288582,0,49136.0,1.584856317160534,59231765.23823839,
2021-04-15,,,,,,,1.0180845510341796,0.7036,1.0693054248,18739.6079,1.0165067336951388,1.016066537842944,0,0.69745,0,0,1.0521971662,0,49136.0,,59231765.23823839,
2021-04-16,73618322.0,108585.5,48356808.52401327,220.0998093981597,140.32071554000004,219704.0,1.0084825836286464,0.6948,1.062840462,18790.8766,1.0165351420949262,1.0156986934258665,0,0.6966566666666666,0,0,1.0591022672,0,71871.16666666667,1.5108353604945886,57872395.64896024,0.8355764087827608
2021-04-17,,,,,,,1.015887903328122,0.6875,1.0402935998,18839.9676,1.0161733431807491,1.0157872128603358,0,0.6958,0,0,1.0605979537857144,0,71871.16666666667,,57872395.64896024,
2021-04-18,,,,,,,1.040302732504301,0.6621,1.0448965466,19051.5441,1.0206668072759597,1.0166856334522594,0,0.6940500000000001,0,0,1.0618789855428572,0,71871.16666666667,,57337385.32076722,
2021-04-19,75155683.5,106113.5,,,,,1.0058752475829174,0.6582,0.9905572938,19071.3662,1.019326225571296,1.016370962751386,0,0.6921866666666666,0,0,1.0541271095714286,1,97524.16666666669,1.0880738962137588,57337385.32076722,
2021-04-20,,,62004693.81146113,219.57580391049467,301.8282274699999,279977.0,1.0042858346042876,0.6616,1.0144061969,19109.3328,1.0171070142683134,1.0161099768576487,0,0.6905966666666665,0,0,1.0437971936,0,97524.16666666669,,57920798.882103965,1.0705082631486111
2021-04-21,74398071.0,112091.0,,,,,1.0029798968072292,0.6462,0.9950115754,19113.7852,1.013699821355669,1.015664963144715,0,0.6890566666666665,0,0,1.0310444427571428,1,108930.0,1.0290186358211697,57920798.882103965,
2021-04-22,,,,,,,1.0089001420892074,0.6309,1.08622865,19147.4477,1.0123877629349587,1.0153424793588688,0,0.6870533333333333,0,0,1.033462046357143,0,108930.0,,57494581.04820006,
2021-04-23,70366738.5,101798.0,,,,,0.9978928783943544,0.6239,1.0036620569,19162.0495,1.0108749479014885,1.0147541977449257,1,0.6852333333333334,0,0,1.0250079884857144,0,106667.5,0.9543487941500456,57494581.04820006,
2021-04-24,,,53877732.96517578,185.3442944895792,168.4008953499999,290690.0,1.008484261125568,0.6182,0.9751483142,19197.3081,1.009817284729695,1.0145837907826445,0,0.6834866666666667,0,0,1.0157015191142855,1,106667.5,,57042475.03782202,0.9445195519558388
2021-04-25,,,,,,,1.0009319770502705,0.6078,0.9568555471,19195.7167,1.0041928910934048,1.0138890364563573,0,0.6808,0,0,1.0031242334714283,1,106667.5,,57042475.03782202,
2021-04-26,88750631.5,49955.5,,,,,1.009451227025478,0.6428,0.9653146686,19269.0755,1.0047037452994851,1.01373851572918,0,0.67909,0,0,0.9995181441571428,1,87948.16666666667,0.5680107032740875,56732405.00103067,
2021-04-27,,,,,,,1.0125561946074095,0.6482,1.0079711627,19358.2702,1.005885225299931,1.0137518947686497,0,0.6776366666666667,0,0,0.9985988535571428,0,87948.16666666667,,56732405.00103067,
2021-04-28,87025808.0,35181.0,56029341.15713478,202.1800233725265,135.93910763999995,277126.0,1.005819056694323,0.646,1.0103812837,19392.3588,1.006290819569516,1.013432786266116,0,0.6758233333333333,0,0,1.0007945261714286,0,62311.5,0.5645988300714956,56644522.02054369,0.9891396230126932
2021-04-29,,,,,,,1.0114380631705,0.6367,1.0327181136,19458.4295,1.0066533797239865,1.013100659082672,0,0.6735666666666666,0,0,0.9931501638285714,0,62311.5,,56644522.02054369,
2021-04-30,,,,,,,1.013537343067512,0.6611,1.0109016964,19567.2395,1.008888303248723,1.0129737457156691,0,0.6721433333333333,0,0,0.9941843980428572,0,42568.25,,55636777.87891478,
2021-05-01,84712924.5,42258.0,,,,,1.0066955345876294,0.6613,1.0039316078,19599.3087,1.0086327708861604,1.012354801827302,0,0.6707866666666666,0,0,0.9982962971285716,0,42464.833333333336,0.9951293030703836,55636777.87891478,
2021-05-02,,,70637245.5046327,300.31054913667,84.96037570000003,235214.0,1.0063144497684762,0.6531,1.0339815922,19626.3769,1.00940169556019,1.012004548536829,0,0.66916,0,0,1.0093143035714287,0,42464.833333333336,,57511836.33212952,1.2282210064847214
2021-05-03,82241949.0,25606.5,,,,,1.0070986360596803,0.6563,1.0307239113,19676.6462,1.0090656111365044,1.0120577183124264,0,0.6679533333333334,0,0,1.0186584811,0,34348.5,0.7454910694790166,57511836.33212952,
2021-05-04,,,,,,,1.0061836386258534,0.6333,1.0415221286,19702.5218,1.008155245996282,1.0120113315325323,0,0.6658366666666667,0,0,1.0234514762285714,0,34348.5,,57656161.6684661,
2021-05-05,74175078.0,43975.5,,,,,1.0096922451251082,0.6553,1.0089319888,19768.4763,1.0087085586292517,1.0120654784987309,0,0.6643866666666667,0,0,1.0232444341,0,37280.0,1.179600321888412,57656161.6684661,
2021-05-06,,,66659326.27502956,214.07709639356915,109.52051484,311380.0,1.018654966078462,0.6486,1.026008157,19864.5175,1.00973954475896,1.0111603637257014,0,0.6629966666666666,0,0,1.0222858688714285,0,37280.0,,58781557.24428653,1.1340176987486792
2021-05-07,,,,,,,1.020785219037346,0.6515,1.1074921239,19985.6283,1.0107749556117938,1.0116203819232086,0,0.6620566666666667,0,0,1.0360845013714284,0,37280.0,,58781557.24428653,
2021-05-08,48994375.5,18936.5,,,,,1.0072992533571723,0.6592,1.0392303063,20019.869,1.0108612011502998,1.011503214006194,0,0.6610933333333333,0,0,1.0411271725857143,0,29506.166666666668,0.641781096606924,59603907.345101945,
2021-05-09,,,,,,,1.0129467890758492,0.6557,1.046358507,20066.7641,1.0118086781942102,1.011658649481051,0,0.6600233333333333,0,0,1.0428953032714283,0,29506.166666666668,,59603907.345101945,
2021-05-10,41133847.5,17046.5,71072062.4963203,234.3315710222004,101.01711434,303297.0,1.009384817385025,0.6406,1.0286667319,20093.8694,1.012135275526402,1.0113574602029731,0,0.65822,0,0,1.0426014205,0,26652.83333333333,0.6395755298060869,61037426.73900424,1.164401356568063
2021-05-11,,,,,,,1.005880802233183,0.6445,1.0249893801,20126.5553,1.0120920131845923,1.0112585374828185,0,0.65652,0,0,1.0402395992857143,0,26652.83333333333,,61037426.73900424,
2021-05-12,34083562.5,13510.5,,,,,1.0157845348235737,0.6045,1.0668199201,20157.4525,1.012962340284373,1.0112760446597524,0,0.6535366666666668,0,0,1.048509303757143,0,16497.833333333332,0.8189257175184621,61233887.247681074,
2021-05-13,,,,,,,0.9988566163625068,0.5917,1.0426119005,20159.1134,1.0101340046106653,1.0105772547476637,1,0.6496333333333334,0,0,1.0508812671142858,0,16497.833333333332,,61233887.247681074,
2021-05-14,,,45652932.824427664,171.59208744217423,73.24686827,266055.0,1.0003785778512908,0.5967,0.9638172716,20165.6055,1.0072187701555144,1.009695532436182,0,0.6460633333333334,0,0,1.0303562882142858,1,16497.833333333332,,59286267.9447744,0.7700422780356779
2021-05-15,46179648.5,18144.5,,,,,1.0007446692641255,0.5715,0.9923620894,20159.2604,1.0062824009993647,1.0091175363771805,0,0.6416599999999999,0,0,1.023660828657143,1,16233.833333333334,1.1176965801874683,59286267.9447744,
2021-05-16,,,,,,,0.9975289502160256,0.5621,0.9985188186,20151.2124,1.0040798525908186,1.0087524152634262,1,0.6372366666666667,0,0,1.016826587457143,1,16233.833333333334,,60847619.290597424,
2021-05-17,45225337.5,16969.0,,,,,0.9916639038370966,0.538,0.9705723158,20095.4675,1.0015482935125433,1.0079449486137255,1,0.6322533333333333,0,0,1.0085273851571428,1,16208.0,1.046952122408687,60847619.290597424,
2021-05-18,,,30628667.240716435,138.5799674267093,67.16487364999998,221018.0,0.994867961683169,0.5309,0.9458642074,20072.1723,0.9999750305768268,1.006430456253021,1,0.6278799999999999,0,0,0.9972237890571428,1,16208.0,,57070250.2843623,0.5366835976380663
2021-05-19,83012055.5,65056.0,,,,,0.9766348713331588,0.4706,0.920481401,19928.0567,0.9943822215067676,1.0054557770446957,1,0.6216266666666667,0,0,0.9763182863285714,1,33389.833333333336,1.9483775001372672,57070250.2843623,
2021-05-20,,,,,,,0.9902799510756068,0.5127,0.8876493507,19882.2034,0.993156983608639,1.0049889142604065,1,0.6166633333333333,0,0,0.9541807792142858,1,33389.833333333336,,56365329.78049104,
2021-05-21,,,,,,,0.990898960864553,0.4665,0.9263582828,19831.7287,0.9918027526105336,1.0045862163956505,1,0.6106733333333333,0,0,0.9488294951,1,33389.833333333336,,56365329.78049104,
2021-05-22,79134974.0,70580.0,31076144.88179497,138.85676890882473,102.38136843,223800.0,0.992841336935419,0.4741,0.9419661445,19795.35,0.990673705135004,1.004050922890524,1,0.6054466666666667,0,0,0.9416300744,1,50868.333333333336,1.3875036859866976,53204181.66815402,0.5840921504182435
2021-05-23,,,,,,,0.991800802869706,0.4315,0.9226499375,19770.3971,0.989855398371244,1.0038478537063693,1,0.5990333333333334,0,0,0.9307916628142856,1,50868.333333333336,,53204181.66815402,
2021-05-24,69047633.5,27841.5,,,,,1.0089527121776771,0.4868,0.917535164,19823.892,0.9923252281341844,1.0038634687414396,0,0.5946533333333334,0,0,0.9232149268428572,1,54492.5,0.5109235215855393,53107960.05429377,
2021-05-25,,,,,,,0.9934652667317734,0.4827,0.8982717098,19795.1517,0.9921248431411278,1.0036145783974897,1,0.5904833333333334,0,0,0.9164159986142858,1,54492.5,,53107960.05429377,
2021-05-26,76810415.0,18304.5,32976616.14112848,142.9087211916139,77.84665827,230753.0,1.0026287307035535,0.4947,0.956048668,19806.7498,0.9958382516226126,1.0033871618534256,0,0.5855466666666668,0,0,0.9214970367571428,1,38908.66666666666,0.4704478865034354,50591542.06514811,0.6518207351470645
2021-05-27,,,,,,,0.9955366138570112,0.4862,0.9788929944,19786.0747,0.9965892034485276,1.002819842495079,1,0.5801466666666666,0,0,0.934531843,1,38908.66666666666,,50591542.06514811,
2021-05-28,,,,,,,0.9934346061228104,0.4453,0.9706936864,19745.3405,0.9969514384854214,1.0024070274760286,1,0.5734566666666667,0,0,0.9408654720857142,1,38908.66666666666,,49814713.62343573,
2021-05-29,69823971.0,29747.5,,,,,0.9940811871687868,0.4312,0.9599283743,19725.807,0.9971285599473312,1.001828464942638,1,0.5666066666666667,0,0,0.9434315049142856,1,25297.83333333333,1.175891215980288,49814713.62343573,
2021-05-30,,,33235125.091146626,184.85010757332864,36.61452541999999,179795.0,1.0078371876137882,0.4462,0.9482024433,19743.8053,0.9994194720536288,1.0016384597608472,0,0.5594433333333334,0,0,0.9470818628857142,1,25297.83333333333,,47742265.05689959,0.6961363280844919
2021-05-31,12615179.5,4736.0,,,,,0.9991053006184568,0.4707,0.9435097929,19748.6844,0.99801269897374,1.0013854519618748,1,0.5530899999999999,0,0,0.950792524157143,1,17596.0,0.2691520800181859,47742265.05689959,
2021-06-01,,,,,,,1.0039472270281848,0.4609,0.92491157,19764.5306,0.9995101218732272,1.0013065445371985,0,0.5466833333333334,0,0,0.9545982184714286,1,17596.0,,44471553.56436629,
2021-06-02,3560846.5,3474.5,,,,,0.9963223944944636,0.4751,0.9430596094,19757.2181,0.9986092167005004,1.0009473364850243,1,0.5406433333333334,0,0,0.9527426386714284,1,12652.666666666666,0.2746061436324358,44471553.56436629,
2021-06-03,,,37237145.28549553,145.6732634857681,49.88061483999999,255621.0,1.009368864899134,0.4947,0.9428407479,19786.4468,1.0005852525636605,1.0010535106941338,0,0.5360233333333333,0,0,0.9475923177428572,1,12652.666666666666,,43567252.52950744,0.8547049245365053
2021-06-04,,,,,,,0.9865973070076556,0.4643,0.9397179695,19757.5068,0.99960849554721,1.000283679423552,1,0.5296566666666667,0,0,0.9431672153285716,1,12652.666666666666,,43567252.52950744,
2021-06-05,357555.0,900.5,,,,,0.9904376995784164,0.4425,0.962094938,19740.1547,0.9990879973200142,0.9993431038735506,1,0.5227866666666666,0,0,0.9434767244285714,1,3037.0,0.2965097135330918,40268384.85157572,
2021-06-06,,,,,,,0.9976589332802418,0.4476,0.9579002218,19730.8964,0.9976339609866504,0.9985722276816472,1,0.5159900000000001,0,0,0.9448621213571428,1,3037.0,,40268384.85157572,
2021-06-07,3180724.5,2646.5,32065211.206185155,132.76420671656655,34.55627144,235479.0,0.9942590205885002,0.4161,0.9466265811,19692.7353,0.9969416352680852,0.9981375532560248,1,0.5078866666666667,0,0,0.9453073768142858,1,2340.5,1.130741294595172,39242988.145901896,0.8170940267588591
2021-06-08,,,,,,,0.98427670185364,0.4132,0.9238042594,19642.546,0.9941315602431502,0.9971818836819512,1,0.4998033333333333,0,0,0.9451491895857144,1,2340.5,,39242988.145901896,
2021-06-09,26554510.5,46111.5,,,,,1.0130310985669766,0.473,0.9371565136,19694.2467,0.9965185179677948,0.9973034263880164,0,0.4942166666666667,0,0,0.9443058901857144,1,16552.833333333332,2.785716443307793,34695977.52441355,
2021-06-10,,,,,,,0.999085073046742,0.4656,0.9102336426,19680.3435,0.9950494048460248,0.9970769020818016,1,0.4882533333333334,0,0,0.9396477322857144,1,16552.833333333332,,34695977.52441355,
2021-06-11,,,25753794.507168025,118.9540720509188,40.70747208999999,216502.0,1.0031896059312049,0.4705,0.9665864399,19689.3267,0.9974197332636744,0.9966570711187226,0,0.4837866666666667,0,0,0.9434860852,1,16552.833333333332,,33578204.647257864,0.7669794969002665
2021-06-12,32961111.0,40584.0,,,,,0.9948358576434834,0.4483,0.9755100531,19679.101,0.998048041558684,0.9965230458280884,1,0.4790066666666667,0,0,0.9454025302142856,1,29780.666666666668,1.36276331400685,33578204.647257864,
2021-06-13,,,,,,,1.0028829006503444,0.494,0.9541337959,19696.8561,0.998794322611556,0.9966065232547234,0,0.4755833333333333,0,0,0.9448644693714288,1,29780.666666666668,,31853243.47909075,
2021-06-14,12584076.0,14131.5,,,,,1.0118866697812476,0.5122,0.9541483933,19735.9288,1.0013125582105198,0.9969779232719608,0,0.4736066666666667,0,0,0.9459390139714284,1,33609.0,0.4204677318575381,31853243.47909075,
2021-06-15,,,34465050.9411636,142.4994147099516,38.74243654999998,241861.0,1.005601864211106,0.5093,0.9854077045,19752.1642,1.004359009975872,0.9972470204051302,0,0.4718466666666667,0,0,0.9547395061285714,1,33609.0,,32179719.411849853,1.0710177581123408
2021-06-16,991444.0,1485.0,,,,,1.0009818908356156,0.484,1.0148476198,19745.9823,1.0026376945856776,0.9975576199717476,0,0.4700466666666666,0,0,0.9658382355857142,0,18733.5,0.0792697573865001,32179719.411849853,
2021-06-17,,,,,,,0.9931153532427448,0.4812,0.9548787273,19724.4635,1.001784877470821,0.9974991996904,1,0.46839,0,0,0.9722161048285716,1,18733.5,,32401298.293440346,
2021-06-18,,,,,,,0.995307094874306,0.4714,1.0018262143,19704.8975,1.0006588044626927,0.9981216071417716,1,0.4684166666666666,0,0,0.9772503583142856,0,18733.5,,32401298.293440346,
2021-06-19,997631.5,2556.5,23856840.00185822,127.548037349142,24.63339795000001,187042.0,0.9964719580452024,0.446,0.9898497705,19698.182,1.0008925330915095,0.9983280073740916,1,0.4661933333333333,0,0,0.9792988893714286,1,6057.666666666667,0.4220271831838441,31333241.00699258,0.7613907542004396
2021-06-20,,,,,,,0.9966137908655452,0.4343,0.9669086967,19696.1188,0.9999969459793954,0.998518501707458,1,0.46512,0,0,0.9811238752,1,6057.666666666667,,31333241.00699258,
2021-06-21,24456771.0,25921.0,,,,,0.983622278613962,0.3975,0.9413792817,19631.8102,0.9959591758126404,0.9982111997634092,1,0.4625666666666667,0,0,0.9792997164,1,9987.5,2.5953441802252817,31369969.024877947,
2021-06-22,,,,,,,0.9912522558473534,0.4039,0.9476365849,19615.2343,0.9939092317606756,0.9981929148626644,1,0.4616466666666666,0,0,0.9739038421714286,1,9987.5,,31369969.024877947,
2021-06-23,31337067.0,37164.0,23621428.33108729,99.10229461677712,56.04309666,232704.0,0.999693927731712,0.4165,0.9099831332,19612.8445,0.9937252370315466,0.9978842887144654,1,0.4593033333333333,0,0,0.9589232012285712,1,21880.5,1.6984986631932544,30401401.43815412,0.7769848498313675
2021-06-24,,,,,,,0.9996320227257798,0.4378,0.9443096639,19618.2254,0.9946561898148372,0.998089847247599,1,0.4578066666666666,0,0,0.9574133350285716,1,21880.5,,30401401.43815412,
2021-06-25,,,,,,,0.9584744239589604,0.3979,0.8043496444,19426.8009,0.9893943796840736,0.9966180370227792,1,0.45458,0,0,0.9292023964714284,1,21880.5,,30033513.62344349,
2021-06-26,10372382.5,3720.5,,,,,0.992614671804565,0.3806,0.9552729322,19409.6273,0.988843338792554,0.9965206389543644,1,0.45106,0,0,0.9242628481428572,1,22268.5,0.1670745672137773,30033513.62344349,
2021-06-27,,,13064509.932234002,104.81795516875805,27.102806160000004,124640.0,1.002227287896542,0.4049,0.9517209276,19426.532,0.9896452669398392,0.996813728346822,0,0.4497133333333333,0,0,0.9220931668428572,1,22268.5,,27912388.162042305,0.4680541792550828
2021-06-28,33602838.0,45377.0,,,,,1.0016641917290954,0.435,0.9547238566,19424.0332,0.992222683099144,0.997066495165499,0,0.44984,0,0,0.9239995346857144,1,28753.83333333333,1.5781200187801048,27912388.162042305,
2021-06-29,,,,,,,1.000993210400259,0.4626,0.9639149377,19427.0677,0.9936142480352734,0.9968383625917148,0,0.4503866666666667,0,0,0.9263250136571428,1,28753.83333333333,,27151997.17217026,
2021-06-30,56165993.0,60111.5,,,,,0.9949462796236124,0.4386,0.963281873,19420.5425,0.9929360125912592,0.9966997285585532,1,0.4493166666666666,0,0,0.9339391193428572,1,36403.0,1.651278740763124,27151997.17217026,
2021-07-01,,,22482193.59954811,97.64126243544322,72.52897938000002,230253.0,0.99337672675657,0.4196,0.9658716516,19396.6064,0.992042398881372,0.9963473785494994,1,0.4479399999999999,0,0,0.9370194033,1,36403.0,,26568271.72559249,0.8462045944031664
2021-07-02,,,,,,,0.9819171268969884,0.4273,0.8729096002,19347.2012,0.9953913564439476,0.9958672029629168,1,0.4463466666666666,0,0,0.9468136827,1,36403.0,,26568271.72559249,
2021-07-03,48751120.0,37645.0,,,,,1.0012906516280122,0.4427,0.9684705673,19350.5748,0.9966307821330112,0.9955979291872128,0,0.4446133333333333,0,0,0.9486990591428572,1,47711.16666666666,0.7890186434342764,25044146.93132063,
2021-07-04,,,,,,,1.0020713342674177,0.4525,0.9731529925,19356.5522,0.9966085030431364,0.9961137300958716,0,0.44422,0,0,0.9517607827,1,47711.16666666666,,25044146.93132063,
2021-07-05,4116431.0,3347.5,29781454.423735674,133.0955238815502,47.54560696000002,223760.0,0.9979041440012132,0.4294,0.9946592508,19350.5875,0.9960713533677248,0.9963626115766314,1,0.4437833333333333,0,0,0.9574658390142856,1,33701.333333333336,0.099328414306061,25636310.36787251,1.161690352331585
2021-07-06,,,,,,,0.9983122579821332,0.4301,0.9659436522,19347.0108,0.9956883601651352,0.9963843890666946,1,0.4432,0,0,0.9577556553714286,1,33701.333333333336,,25636310.36787251,
2021-07-07,3604746.0,7100.0,,,,,1.0016354682072752,0.4423,0.9733306458,19347.5223,0.99664395853423,0.9966302706539872,0,0.4440733333333334,0,0,0.9591911943428572,1,16030.833333333334,0.4428965015335031,24717895.962399278,
2021-07-08,,,,,,,0.9964890319336864,0.4111,0.9884690993,19328.5401,0.9970885735595324,0.9970373483233218,1,0.4440033333333333,0,0,0.9624194011571428,1,16030.833333333334,,24717895.962399278,
2021-07-09,,,28042394.08723746,123.25731101897252,26.87704906999999,227511.0,1.000445381069861,0.4299,0.968612015,19335.1958,0.9997354670128,0.9966178244067514,0,0.4425666666666667,0,0,0.9760911747,1,16030.833333333334,,25133458.22800405,1.115739578407568
2021-07-10,520945.5,1042.0,,,,,0.9994374660564032,0.4201,0.9593715727,19333.1133,0.9994707262168556,0.9966295708404068,1,0.44105,0,0,0.9747913183285714,1,3829.8333333333335,0.2720745028069106,25133458.22800405,
2021-07-11,,,,,,,1.000388485192622,0.4287,0.9835887375,19335.9315,0.9992303192061706,0.9965362001491206,0,0.4396566666666667,0,0,0.9762821390428572,1,3829.8333333333335,,25044838.75955205,
2021-07-12,3483741.5,8486.5,,,,,1.0026676492756763,0.4109,0.9800668438,19342.0796,0.9999108199596654,0.9967972598701936,0,0.43841,0,0,0.9741975094714286,1,5542.833333333333,1.5310761644165138,25044838.75955205,
2021-07-13,,,28926080.150108404,125.8115144231302,31.732052499999988,229916.0,0.9944452120067712,0.4079,0.9762429053,19328.3718,0.9993583848203278,0.9965160035820748,1,0.43554,0,0,0.9756688313428572,1,5542.833333333333,,25529993.9333716,1.1330233851837157
2021-07-14,,,,,,,0.9948636622522212,0.4113,0.9378652976,19316.5729,0.998390983969606,0.9959485699977738,1,0.4321766666666666,0,0,0.9706023530285716,1,4764.25,,25529993.9333716,
2021-07-15,963991.0,2814.5,,,,,0.9915384284320592,0.3924,0.9493492399,19291.0329,0.9976837548979448,0.9954797888051388,1,0.42828,0,0,0.9650138016857144,1,4114.333333333333,0.6840719436117638,24253557.217972737,
2021-07-16,,,,,,,0.9944436212815004,0.3873,0.9372991587,19271.8035,0.9968263606424648,0.9952618464866684,1,0.4250566666666666,0,0,0.9605405365,1,4114.333333333333,,24253557.217972737,
2021-07-17,380433.0,1099.0,28583415.04251025,157.01118415854285,12.611708939999998,182047.0,1.0257888048788433,0.3867,0.9709487084,19349.8181,1.0005908376170989,0.9963509615412052,0,0.4219066666666667,0,0,0.9621944130285714,1,4133.333333333333,0.2658870967741936,24794789.446039926,1.1527992647292038
2021-07-18,,,,,,,0.9954435059353915,0.3888,0.9299955394,19342.7146,0.9998844120089234,0.9963555085765744,1,0.4191533333333333,0,0,0.9545382418714284,1,4133.333333333333,,24794789.446039926,
2021-07-19,2547604.0,3439.0,,,,,0.9954206588031982,0.3725,0.9633481292,19329.6439,0.9988491276557122,0.9963204652685076,1,0.4167033333333333,0,0,0.9521498540714284,1,2450.833333333333,1.403196191771506,24928782.223780174,
2021-07-20,,,,,,,0.9964375081756204,0.3533,0.942735142,19320.866,0.9991337413941191,0.9963145891788436,1,0.4140033333333333,0,0,0.9473630307428572,1,2450.833333333333,,24928782.223780174,
2021-07-21,,,28599770.53082254,121.35001073838484,14.461766660000004,235680.0,1.001266000075912,0.393,0.9215316291,19329.1473,1.0000483610832178,0.9969027132275752,0,0.4138533333333333,0,0,0.9450296495285716,1,2450.833333333333,,25387655.76216047,1.12652270058938
2021-07-22,674175.5,1896.0,,,,,1.0033740330263765,0.4014,0.9569456085,19339.7813,1.0017391617395488,0.997306772466876,0,0.41377,0,0,0.9461148450428573,1,2144.6666666666665,0.8840534659620766,25387655.76216047,
2021-07-23,,,,,,,0.9845791972747115,0.4228,0.8750165765,19302.3939,1.0003299583100076,0.9968029481183092,1,0.4139799999999999,0,0,0.9372173333,1,2144.6666666666665,,25639973.96659949,
2021-07-24,989124.5,2665.0,,,,,1.0017501122167558,0.4349,0.9707953796,19307.6362,0.9968958593582808,0.9968735511013418,0,0.4138833333333334,0,0,0.9371954291857144,1,2666.6666666666665,0.999375,25639973.96659949,
2021-07-25,,,33196893.294046123,190.20192680004652,9.733525729999997,174535.0,1.0013554134940903,0.4501,0.9790551524,19312.7465,0.997740417580952,0.9983029174191796,0,0.4156233333333333,0,0,0.9442039453285714,1,2666.6666666666665,,26584588.88253032,1.2487269763972535
2021-07-26,2474762.0,5596.0,,,,,1.0187037403521195,0.4819,0.9381331733,19400.3415,1.0010665720879408,0.9991725530374312,0,0.419,0,0,0.9406018087714286,1,3385.6666666666665,1.6528502510583831,26584588.88253032,
2021-07-27,,,,,,,1.0088943448453582,0.4864,1.0930530539,19545.7653,1.002846120183618,0.9993947882690584,0,0.4217166666666667,0,0,0.9620757961857144,0,3385.6666666666665,,28516028.73257265,
2021-07-28,,,,,,,1.010415662905305,0.5091,1.0035729056,19637.4004,1.004153214873531,0.999686503974932,0,0.4241866666666666,0,0,0.9737959785428572,0,3385.6666666666665,,28516028.73257265,
2021-07-29,547767.0,887.0,40901817.89725001,152.68937081802778,14.995055600000008,262612.0,1.0442491440761283,0.4998,1.034169097,19870.1394,1.009992516452067,1.0011283684307943,0,0.4254266666666667,0,0,0.9848279054714286,0,3049.333333333333,0.2908832531700918,30064252.37815732,1.360480127121556
2021-07-30,,,,,,,1.00509512962942,0.5128,1.0250924263,19907.7838,1.0129233639313109,1.001466663430988,0,0.4279,0,0,1.0062673125857142,0,3049.333333333333,,30064252.37815732,
2021-07-31,448845.0,740.5,,,,,1.0028123324172356,0.5234,0.9981797547,19919.0962,1.0130751096742368,1.0017811836196768,0,0.43136,0,0,1.010179366171429,1,2407.833333333333,0.307537897141275,31147403.632244352,
2021-08-01,,,,,,,1.000822455140651,0.5179,1.0350999603,19916.3857,1.0129989727666024,1.002411361227799,0,0.43438,0,0,1.0181857673,0,2407.833333333333,,31147403.632244352,
2021-08-02,244595.0,541.0,35937889.12802676,150.19366311023109,13.481515990000002,239277.0,1.0013947837587334,0.4931,1.0536210309,19921.6977,1.010526264681833,1.002414832298823,0,0.43606,0,0,1.0346840326714286,0,722.8333333333334,0.748443624625317,31746214.319217157,1.1320369971254252
2021-08-03,,,,,,,0.9984878369238968,0.4799,1.0056663531,19912.3832,1.0090396206930528,1.0022953823873724,1,0.4369733333333334,0,0,1.0222002182714285,0,722.8333333333334,,31746214.319217157,
2021-08-04,,,,,,,1.0026762191297676,0.4981,1.0031078467,19929.8254,1.007933985867976,1.0024544515583242,0,0.4392633333333333,0,0,1.0221337812857143,0,722.8333333333334,,32026894.304285936,
2021-08-05,662891.0,915.0,,,,,1.0030505103937462,0.5123,0.9842191723,19949.4,1.002048466770493,1.002612393305378,0,0.4420033333333333,0,0,1.0149980777571428,1,732.1666666666666,1.2497154564079218,32026894.304285936,
2021-08-06,,,41573126.86150505,159.40004931369597,14.22965964,260810.0,1.0076818672844678,0.5318,0.9797641045,19987.7622,1.002418000721214,1.0028139399412843,0,0.4449866666666667,0,0,1.0085226032142858,1,732.1666666666666,,33220173.37393833,1.2514422003022936
2021-08-07,436572.0,1216.5,,,,,1.0049781913780402,0.5446,1.0058727567,20012.1909,1.002727409144186,1.0030969119227628,0,0.4494366666666666,0,0,1.0096216035,0,890.8333333333334,1.3655753040224508,33220173.37393833,
2021-08-08,,,,,,,1.0036081698817283,0.5434,1.006051881,20025.4455,1.003125368392911,1.003202338216492,0,0.45322,0,0,1.0054718778857143,0,890.8333333333334,,33959856.12918131,
2021-08-09,4952828.5,9457.5,,,,,1.011197066014199,0.5659,1.0549270662,20083.3249,1.0045256944294063,1.0035943248817516,0,0.45808,0,0,1.0056584543571427,0,3863.0,2.4482267667615845,33959856.12918131,
2021-08-10,,,48233368.67053298,182.74230198503076,13.957605080000002,260968.0,1.007910567587652,0.5578,1.0549194967,20114.5355,1.005871798809943,1.003845060961586,0,0.4623833333333333,0,0,1.0126946177285714,0,3863.0,,35744045.19685027,1.3494099060389295
2021-08-11,,,,,,,1.0052808361348753,0.5591,1.0288510992,20137.9378,1.0062438869535295,1.0039321671902257,0,0.4673233333333333,0,0,1.0163722252285716,0,3863.0,,35744045.19685027,
2021-08-12,811711.0,2318.5,,,,,1.0030303495416415,0.5465,1.0545070915,20152.9467,1.0062410068318006,1.004218338441388,0,0.4719433333333333,0,0,1.026413356542857,0,4330.833333333333,0.5353473157590918,36718040.20352768,
2021-08-13,,,,,,,1.0090348439560168,0.5767,1.0354475515,20197.107,1.0064342892134506,1.004690711164848,0,0.4774566666666667,0,0,1.0343681346857143,0,4330.833333333333,,36718040.20352768,
2021-08-14,784141.5,1562.5,48765927.53500252,233.24721168104367,10.89573864,209074.0,1.0102746145549737,0.5662,1.0146698395,20244.0129,1.0071909210958696,1.0053152507022785,0,0.48325,0,0,1.0356248608,0,4446.166666666667,0.3514263223001087,38224026.11996203,1.2757925442483704
2021-08-15,,,,,,,1.002208938833436,0.5667,1.0326269474,20255.8775,1.0069910309461136,1.0055740946206764,0,0.48923,0,0,1.0394212988571427,0,4446.166666666667,,38224026.11996203,
2021-08-16,1977167.5,3719.5,,,,,1.0039191009006574,0.5599,1.0407517333,20273.7239,1.005951321644179,1.0048451044880702,0,0.4950033333333333,0,0,1.0373962513,0,2533.5,1.4681270969015197,39601256.27388372,
2021-08-17,,,,,,,1.0021342477832056,0.5495,1.0424974467,20281.1793,1.0051261331006869,1.0050681292163306,0,0.50036,0,0,1.0356216727285716,0,2533.5,,39601256.27388372,
2021-08-18,,,38733931.86284885,156.60640457540583,15.411591230000004,247333.0,1.0041448587796138,0.5446,1.045939167,20307.5195,1.0049638506213636,1.0053589358822113,0,0.5060966666666668,0,0,1.0380628252714286,0,2533.5,,39492840.72250436,0.9807836345582744
2021-08-19,3316246.5,1621.0,,,,,1.004422716228811,0.5632,1.0343722442,20342.0078,1.005162760148102,1.005625109483984,0,0.5130933333333334,0,0,1.0351864185142856,0,2301.0,0.7044763146458062,39492840.72250436,
2021-08-20,,,,,,,1.0073841716306828,0.5808,1.0204147037,20393.8082,1.0049269498159117,1.00582904853581,0,0.5193533333333333,0,0,1.0330388688285714,0,2301.0,,41048993.607030325,
2021-08-21,581805.0,1310.0,,,,,1.0042079793725232,0.5839,1.0365269244,20418.1874,1.00406028764699,1.005856846747348,0,0.5254366666666667,0,0,1.0361613095285716,0,2216.833333333333,0.590933012555447,41048993.607030325,
2021-08-22,,,50723143.42981716,266.0802462863709,11.626182749999996,190631.0,1.0041297225887529,0.5779,1.0344227646,20440.3255,1.0043346853263209,1.0065085309244828,0,0.5306066666666667,0,0,1.036417854842857,0,2216.833333333333,,42258262.33487868,1.2003130424024042
2021-08-23,223850.0,681.0,,,,,1.0052274336518237,0.5861,1.0441391801,20491.7582,1.004521590005059,1.0066244416389851,0,0.5356466666666666,0,0,1.0369017758142858,0,1204.0,0.5656146179401993,42258262.33487868,
2021-08-24,,,,,,,1.0007082388802115,0.5762,1.0397711736,20499.1283,1.0043178744474883,1.0066028691518558,0,0.5398499999999999,0,0,1.0365123082285714,0,1204.0,,43552743.6264262,
2021-08-25,,,,,,,1.0085695661546903,0.5775,1.0502799346,20597.694,1.004949975501071,1.0062650633452748,0,0.5430366666666667,0,0,1.0371324178857144,0,1204.0,,43552743.6264262,
2021-08-26,156382.5,357.5,44344740.93695561,169.21727608756692,11.575345220000004,258590.0,1.002346239138948,0.5616,1.0253651451,20627.0732,1.0046533359168046,1.0060467931550612,0,0.5455433333333333,0,0,1.0358456894428572,0,782.8333333333334,0.4566744730679156,43651743.29024237,1.0158756007086698
2021-08-27,,,,,,,1.0017895859742576,0.5781,1.0039998995,20650.7072,1.0038541093944582,1.0057592572573597,0,0.5478433333333332,0,0,1.0335007174142856,0,782.8333333333334,,43651743.29024237,
2021-08-28,2487525.0,3980.5,,,,,1.0018531489985292,0.5761,0.9944253065,20665.5075,1.003517705055316,1.0043460574214396,0,0.5503866666666667,0,0,1.0274862005714287,1,1673.0,2.3792588164973103,44044589.77495556,
2021-08-29,,,,,,,1.000765914524767,0.5771,1.0053534208,20677.0606,1.0030371610461752,1.0042017502512846,0,0.5525300000000001,0,0,1.0233334371714289,0,1673.0,,44044589.77495556,
2021-08-30,5341125.5,4461.5,41207632.496016696,164.20327347937558,12.53730114,250955.0,1.00185115266005,0.5748,1.0328697277,20687.6969,1.0025548351902076,1.004169710926045,0,0.5542433333333334,0,0,1.0217235154,0,2933.1666666666665,1.5210523325188932,43689970.11508821,0.9431828950092542
2021-08-31,,,,,,,1.0022135379308243,0.5593,1.0196704246,20709.1879,1.0027698779117238,1.004216080352384,0,0.5556233333333334,0,0,1.0188519798285711,0,2933.1666666666665,,43689970.11508821,
2021-09-01,,,,,,,1.0030064400290637,0.5701,1.0106281226,20750.4505,1.0019751456080628,1.0042698022280618,0,0.55819,0,0,1.0131874352571428,0,2933.1666666666665,,44797410.25609698,
2021-09-02,1195684.5,2732.5,,,,,1.0033851836510843,0.5805,1.0177989998,20786.8874,1.0021235662526535,1.004433047118968,0,0.5615433333333334,0,0,1.0121065573571428,0,3724.8333333333335,0.7335898697928319,44797410.25609698,
2021-09-03,,,47116728.859512806,165.9092325443863,18.433869729999994,283991.0,1.00396966445413,0.5825,1.0318644914,20815.202,1.0024350060354927,1.0044761619631133,0,0.5643566666666667,0,0,1.0160872133428571,0,3724.8333333333335,,45087325.08152396,1.0450105162441865
2021-09-04,671486.0,927.0,,,,,1.002841927405279,0.5826,1.0417134085,20836.5286,1.0025762600935997,1.0044692091968312,0,0.5667000000000001,0,0,1.0228426564857145,0,2707.0,0.3424455116364979,45087325.08152396,
2021-09-05,,,,,,,1.002595829716783,0.5962,1.0219904328,20858.0232,1.002837676549602,1.0042996746112418,0,0.5688466666666667,0,0,1.0252193724857144,0,2707.0,,45589353.398669526,
2021-09-06,735084.0,1491.5,,,,,1.0030946324880647,0.6031,1.0224354935,20894.8122,1.0030153165250328,1.0042368893149092,0,0.5707966666666667,0,0,1.0237287676,0,1717.0,0.8686662783925452,45589353.398669526,
2021-09-07,,,50271634.77666399,176.64023688299673,18.45604694,276624.0,0.9983624989237276,0.5543,1.0459519703,20863.6569,1.0024651680954475,1.0040620336163093,1,0.57116,0,0,1.027483274128571,0,1717.0,,46174638.57091883,1.0887282788245902
2021-09-08,,,,,,,0.9996282586029128,0.5479,1.0661495851,20865.8049,1.0019825707488546,1.0036764067025996,1,0.5705600000000001,0,0,1.0354149116285714,0,1717.0,,46174638.57091883,
2021-09-09,1198201.0,2742.5,,,,,1.0042332508475236,0.5482,1.0141931446,20903.1523,1.0021037232054886,1.0035538294779287,0,0.57024,0,0,1.0348997894571428,0,1720.3333333333333,1.594167796938578,45880534.27097394,
2021-09-10,,,,,,,0.999997989090758,0.537,1.0015640787,20894.3898,1.0015363410107212,1.003377734576458,1,0.5695033333333334,0,0,1.0305711590714286,0,1720.3333333333333,,45880534.27097394,
2021-09-11,3672911.5,8815.5,42455401.022459485,194.35281660124735,10.836634559999998,218445.0,1.000199520819808,0.5366,1.0006294859,20900.1849,1.001158854355654,1.0032833736190636,0,0.5691733333333334,0,0,1.024702027271429,0,4349.833333333333,2.0266293727729034,45452392.61490964,0.934063062029719
2021-09-12,,,,,,,1.000820415066105,0.5471,1.0015867191,20913.077,1.0009052236912714,1.0030095593227333,0,0.5681866666666665,0,0,1.0217872110285715,0,4349.833333333333,,45452392.61490964,
2021-09-13,296258.5,772.0,,,,,0.9996763499271046,0.5353,0.9881257052,20908.1675,1.000416897611134,1.0026562838351376,1,0.5671566666666668,0,0,1.0168858127,1,4110.0,0.1878345498783455,44979030.4834678,
2021-09-14,,,,,,,1.0010063239176563,0.5529,0.9983142386,20943.8516,1.000794586895981,1.0026161966712783,0,0.5666966666666666,0,0,1.010080422457143,1,4110.0,,44979030.4834678,
2021-09-15,,,43026873.39652887,159.97677471316555,17.058681740000008,268957.0,1.0045635642669928,0.564,0.9932680269,20999.217,1.0014996305622783,1.0026376787834894,0,0.5668333333333333,0,0,0.9996687712857144,1,4110.0,,44735010.84760043,0.9618165410333596
2021-09-16,3288055.0,5017.5,,,,,1.001686650235726,0.5538,1.0011104637,21019.2214,1.0011358304748788,1.00262275886524,0,0.5669766666666668,0,0,0.9977998168714286,0,4868.333333333333,1.0306401917151662,44735010.84760043,
2021-09-17,,,,,,,1.0016730848704487,0.5534,1.0179850503,21031.116,1.0013751298719773,1.0025403664016013,0,0.56727,0,0,1.0001456699571427,0,4868.333333333333,,45592307.84542209,
2021-09-18,305683.5,812.5,,,,,1.0016537524753064,0.5617,1.0114526427,21045.8661,1.0015828772513342,1.002448067609818,0,0.5672200000000001,0,0,1.0016918352142858,0,2200.6666666666665,0.3692063011208725,45592307.84542209,
2021-09-19,,,48131991.96049828,240.04065491281636,8.247936459999996,200516.0,1.0010290159506716,0.5576,1.0255559479,21052.0293,1.001612677377701,1.0022362290871507,0,0.5664466666666667,0,0,1.0051160107571429,0,2200.6666666666665,,45909768.35980661,1.048404156241337
2021-09-20,287891.0,820.5,,,,,0.9970351630162724,0.518,1.014746379,21001.5673,1.0012353649618675,1.001997135208609,1,0.56425,0,0,1.0089189641571428,0,2216.833333333333,0.3701225471769039,45909768.35980661,
2021-09-21,,,,,,,0.9989823628921048,0.4827,1.0043792981,20963.0632,1.0009462276725034,1.0018255565520542,1,0.5610766666666667,0,0,1.0097854012285714,0,2216.833333333333,,45222143.3498051,
2021-09-22,,,,,,,1.001294440109641,0.5172,0.9965894288,20991.685,1.0004792099357387,1.0016944567673147,0,0.55878,0,0,1.0102598872142858,1,2216.833333333333,,45222143.3498051,
2021-09-23,1514728.5,2807.5,46022168.07568965,171.2841540803295,13.782920530000004,268689.0,1.001158563152602,0.5302,0.966677434,21009.278,1.0004037689238638,1.0017094675763945,0,0.5572466666666666,0,0,1.0053408829714283,1,1480.1666666666667,1.8967458619524824,45322146.44054067,1.0154454651892393
2021-09-24,,,,,,,0.9977053264163792,0.5117,0.9905779034,20992.9239,0.9998369462875684,1.001347326251784,1,0.5550533333333333,0,0,1.0014255762714286,1,1480.1666666666667,,45322146.44054067,
2021-09-25,1109358.0,1268.5,,,,,0.999976113128432,0.5085,1.0031622324,20993.2545,0.9995972835237292,1.0012683220514336,1,0.5532833333333333,0,0,1.000241231942857,0,1632.1666666666667,0.7771877871949351,45461775.79819568,
2021-09-26,,,,,,,1.02114741326341,0.5099,1.0112539251,21137.3047,1.0024713402826917,1.001913582961072,0,0.55101,0,0,0.9981980858285714,0,1632.1666666666667,,45461775.79819568,
2021-09-27,,,43218816.609998696,167.79119328350458,12.663846300000005,255873.0,1.000427177948637,0.5052,0.9836946658,21138.2038,1.002955913844458,1.0018660505927424,0,0.5486466666666667,0,0,0.9937621268,1,2038.0,,45181405.89967106,0.9565620137179782
2021-09-28,1217022.5,2127.5,,,,,0.9982124186793236,0.4948,1.0117632428,21122.1078,1.0028459218140608,1.0017809340645607,1,0.5459033333333334,0,0,0.9948169760428572,0,2067.833333333333,1.028854678810349,45181405.89967106,
2021-09-29,,,,,,,1.0001013387852813,0.4905,0.9931583365,21121.2506,1.0026754787677237,1.0017226069354015,0,0.5430933333333333,0,0,0.9943268199999998,1,2067.833333333333,,45749087.81447882,
2021-09-30,1863501.5,1665.5,,,,,1.0024289674991589,0.5169,0.9792997212,21151.8917,1.002856965102946,1.001729787921013,0,0.5416799999999999,0,0,0.9961300038857144,1,1687.1666666666667,0.9871579571273338,45749087.81447882,
2021-10-01,,,40884975.737541296,147.57681412039076,16.25074991,277042.0,1.0052420777662308,0.5586,0.9987170189,21220.3997,1.0039336438672104,1.0018043091789184,0,0.5412966666666666,0,0,0.9972927346714284,1,1687.1666666666667,,45141073.80486164,0.9057156219694986
2021-10-02,636499.0,1564.5,,,,,1.0037801560915365,0.5571,1.018354104,21253.2594,1.0044770785762254,1.0018174749269335,0,0.5405166666666666,0,0,0.9994630020428572,0,1785.8333333333333,0.8760615958936071,45141073.80486164,
2021-10-03,,,,,,,1.001831250902325,0.5609,1.0149811794,21268.3864,1.0017176268103565,1.0017461944752069,0,0.5397966666666666,0,0,0.9999954669428572,0,1785.8333333333333,,44858837.368482895,
2021-10-04,,,,,,,1.0031178718703453,0.5676,1.0263459641,21310.7891,1.0021020116563144,1.001755392624042,0,0.5392966666666666,0,0,1.0060885095571428,0,1785.8333333333333,,44858837.368482895,
2021-10-05,754304.5,1868.5,52076953.33832859,166.62598896239368,15.293184800000008,312538.0,1.0042566630231802,0.5854,1.0116941501,21377.0155,1.0029654751340082,1.0018107537342555,0,0.5389366666666666,0,0,1.0060786391714287,0,1699.5,1.0994410120623712,45761101.8647136,1.1380179063932274
2021-10-06,,,,,,,1.0107666772560826,0.6076,1.0795200539,21539.448,1.0044890949155512,1.002066488559856,0,0.5390866666666666,0,0,1.018416027371429,0,1699.5,,45761101.8647136,
2021-10-07,22936536.5,30948.0,,,,,1.0069413931203477,0.5984,1.0571256001,21608.265,1.00513372714715,1.0023524516997435,0,0.5405566666666667,0,0,1.0295340100714283,0,11460.333333333334,2.7004450132340536,45116740.02014927,
2021-10-08,,,,,,,1.003488302305911,0.5987,1.0399281076,21642.6607,1.0048831877956754,1.002481119823177,0,0.54225,0,0,1.0354213084571429,0,11460.333333333334,,45116740.02014927,
2021-10-09,13228961.5,5236.5,52134455.4356277,211.7659823778792,14.68665122,246189.0,1.002857512087721,0.6034,1.036589719,21672.873,1.004751381509416,1.0024352618645167,0,0.5440900000000001,0,0,1.0380263963142855,0,12684.333333333334,0.4128321025937508,45993954.44708407,1.133506698051116
2021-10-10,,,,,,,1.0042613804731937,0.6084,1.0165111262,21705.7919,1.005098542876683,1.002577374910598,0,0.54647,0,0,1.0382449601428572,0,12684.333333333334,,45993954.44708407,
2021-10-11,,,,,,,1.00432625288898,0.6207,1.0318139435,21770.0588,1.005271168736488,1.002714932646237,0,0.5492733333333334,0,0,1.0390261000571428,0,12684.333333333334,,46499462.07917329,
2021-10-12,3234683.5,2568.5,,,,,1.0056959057121324,0.6116,1.0404226641,21828.6879,1.0054767748349096,1.0028774490011043,0,0.5514233333333334,0,0,1.043130173485714,0,12917.666666666666,0.1988362191314221,46499462.07917329,
2021-10-13,,,60196305.44825861,208.35227349215208,16.82798138,288916.0,1.005083199508379,0.6183,1.0626452098,21888.0693,1.0046648494423809,1.0030576773204802,0,0.5541900000000001,0,0,1.040719481471429,0,12917.666666666666,,48211567.50030896,1.2485863573689622
2021-10-14,5126832.5,1605.0,,,,,1.0083615190576982,0.6174,1.0377782153,21953.2292,1.004867724576288,1.003302850491815,0,0.5563400000000001,0,0,1.0379555693571427,0,3136.6666666666665,0.5116896918172158,48211567.50030896,
2021-10-15,,,,,,,1.00901257030206,0.6408,1.0486974854,22072.8435,1.005656905718595,1.003451150692984,0,0.5589,0,0,1.0392083376142858,0,3136.6666666666665,,48952238.08656327,
2021-10-16,1493810.5,4072.0,,,,,1.005005545961461,0.637,1.0338749008,22116.4051,1.005963767700558,1.0035617805505084,0,0.5616733333333334,0,0,1.038820506442857,0,2748.5,1.481535382936147,48952238.08656327,
2021-10-17,,,61555796.558050446,285.13498773896254,11.342677920000003,215883.0,1.002405114018754,0.6396,1.0360727598,22148.2356,1.005698586778495,1.0035861815221183,0,0.5645466666666666,0,0,1.0416150255285714,0,2748.5,,50527682.89549916,1.2182588440748314
2021-10-18,,,,,,,1.0091914562766058,0.6401,1.046247631,22307.7356,1.00639361583387,1.003837438315495,0,0.5671599999999999,0,0,1.0436769808857145,0,2748.5,,50527682.89549916,
2021-10-19,2151097.0,2364.0,,,,,1.002865258499911,0.6514,1.0564226078,22413.2041,1.0059892376606956,1.0038986464004698,0,0.5702866666666667,0,0,1.0459626871285714,0,2680.333333333333,0.8819798532520831,50869924.45764215,
2021-10-20,,,,,,,1.008785476695096,0.6585,1.0630364134,22559.6441,1.0065181344016552,1.0042903235230976,0,0.5749700000000001,0,0,1.0460185733571428,0,2680.333333333333,,50869924.45764215,
2021-10-21,3893084.5,4038.5,60807152.14749298,189.582164373012,20.276850739999997,320743.0,1.0062195376942038,0.6372,1.0817427724,22627.1714,1.0062121370640131,1.0045315626831672,0,0.5801200000000001,0,0,1.0522992243714286,0,3491.5,1.1566661893169126,52112077.9188735,1.1668533394917722
2021-10-22,,,,,,,1.0014540648158496,0.6273,1.0373403599,22642.7397,1.005132350565983,1.0045368835067077,0,0.58379,0,0,1.0506767778714283,0,3491.5,,52112077.9188735,
2021-10-23,2847442.0,4749.5,,,,,1.001960248622364,0.63,1.0357710221,22664.3227,1.0046973080889692,1.0045636063556995,0,0.5871166666666666,0,0,1.0509476523428571,0,3717.3333333333335,1.2776631994261118,52982065.03932833,
2021-10-24,,,,,,,1.0054532865640076,0.6267,1.0680981079,22718.7806,1.0051327613097196,1.004821871693954,0,0.5909499999999999,0,0,1.0555227020714286,0,3717.3333333333335,,52982065.03932833,
2021-10-25,,,74417752.58679873,261.1680713506564,14.023436650000006,284680.0,1.0086199737897656,0.6379,1.0302119629,22821.4772,1.0050511209544568,1.0051100003826652,0,0.5952633333333334,0,0,1.0532318923428572,0,3717.3333333333335,,55661525.98276213,1.336969320780843
2021-10-26,310428.0,587.5,,,,,1.0041486819415744,0.6217,1.0425625201,22847.0751,1.0052344671604088,1.0045433760052709,0,0.59899,0,0,1.0512518798142856,0,3125.1666666666665,0.1879899738680603,55661525.98276213,
2021-10-27,,,,,,,0.9985164639782008,0.6099,1.0231327304,22843.0099,1.0037674653437094,1.0044796855395892,1,0.60248,0,0,1.0455513536714285,0,3125.1666666666665,,57439055.8931569,
2021-10-28,1256157.5,3278.5,,,,,1.005823953700601,0.6219,1.0308996938,22902.2997,1.0037109533446231,1.004733403373632,0,0.6067166666666667,0,0,1.0382880567285713,0,2871.833333333333,1.1416052463583075,57439055.8931569,
2021-10-29,,,68395070.2356678,221.39700650859527,15.656144510000004,305733.0,1.0050880501563682,0.6309,1.0121089772,22969.9096,1.0042300941075546,1.0048996270860016,0,0.6113966666666667,0,0,1.0346835734857145,0,2871.833333333333,,58808557.68597077,1.1630122031029502
2021-10-30,5891266.0,5088.5,,,,,1.001996301368987,0.628,1.0211121389,22991.6597,1.0042352444999294,1.0048852048816623,0,0.6151000000000001,0,0,1.0325894473142856,0,2984.833333333333,1.7047853034786975,58808557.68597077,
2021-10-31,,,,,,,1.0110546819597035,0.6241,1.0071694423,23094.83,1.0050354438421716,1.0050789583547783,0,0.6172833333333333,0,0,1.0238853522285714,0,2984.833333333333,,61369069.39288926,
2021-11-01,,,,,,,1.004956625159683,0.6211,1.0398949712,23146.9644,1.0045121083235882,1.0051181739903832,0,0.6194166666666667,0,0,1.0252686391285717,0,2984.833333333333,,61369069.39288926,
2021-11-02,2047903.5,2130.5,62861190.1269139,211.367745095574,17.50019126999999,297402.0,1.0126780831282427,0.6304,1.0156968428,23293.7822,1.005730594207398,1.0054797350645803,0,0.6217333333333334,0,0,1.0214306852285715,0,3499.1666666666665,0.6088592522029055,61555584.48464234,1.0212101899966086
2021-11-03,,,,,,,1.0072531496434691,0.6286,1.0444093816,23380.5236,1.0069786921595794,1.0056175776570178,0,0.6237666666666666,0,0,1.0244702068285714,0,3499.1666666666665,,61555584.48464234,
2021-11-04,3493059.0,2940.0,,,,,1.000752690507836,0.619,1.0201881426,23393.1753,1.0062542259891842,1.005500778573173,0,0.6248866666666667,0,0,1.0229399852285714,0,3386.333333333333,0.8681956885520228,62909674.648401454,
2021-11-05,,,,,,,1.004251012299892,0.6156,1.0185813845,23447.8166,1.006134649152545,1.0052835897413,0,0.6251533333333333,0,0,1.023864614842857,0,3386.333333333333,,62909674.648401454,
2021-11-06,202499.5,596.5,59379244.68089525,251.3588054204758,10.765226660000003,236233.0,1.0018454303497986,0.618,1.0241797162,23478.6054,1.0061130961498037,1.005113724315615,0,0.6258066666666667,0,0,1.0243028401714285,0,1889.0,0.3157755426151403,62468370.90246318,0.9505489549840954
2021-11-07,,,,,,,1.001985836485633,0.6272,1.0066196025,23503.6051,1.004817546796365,1.0050636421216057,0,0.6267566666666666,0,0,1.0242242916285715,0,1889.0,,62468370.90246318,
2021-11-08,,,,,,,1.006304122921434,0.6497,1.0175627247,23660.2616,1.0050100464766152,1.0051785291493962,0,0.6283,0,0,1.0210339707,0,1889.0,,63944644.54058254,
2021-11-09,24910086.0,18432.0,,,,,1.005497970024955,0.6461,1.04967946,23747.7179,1.0039843160332882,1.0052197488011216,0,0.6295566666666665,0,0,1.0258886303,0,7322.833333333333,2.5170585156018848,63944644.54058254,
2021-11-10,,,63548112.515628144,211.1057636928101,18.414890980000003,301025.0,1.0044266802331312,0.6325,1.0444567779,23798.1542,1.003580534688954,1.00522309637926,0,0.6299499999999999,0,0,1.0258954012,0,7322.833333333333,,63895078.03746323,0.9945697613573355
2021-11-11,1085299.0,2058.5,,,,,1.0034402579009192,0.6328,1.0614796066,23855.0465,1.0039644728879662,1.0051479081188863,0,0.6306566666666666,0,0,1.0317941817714285,0,7029.0,0.2928581590553421,63895078.03746323,
2021-11-12,,,,,,,1.0227119779981195,0.6227,1.2614533258,24178.5301,1.006601753701999,1.005735534068544,0,0.6308033333333333,0,0,1.0664901733857144,0,7029.0,,64423474.12163532,
2021-11-13,473274.5,1050.5,,,,,1.0018741018318469,0.6242,1.0063790048,24200.1799,1.0066058496280057,1.0055192868276823,0,0.6310299999999999,0,0,1.063947214614286,0,7180.333333333333,0.1463024000742769,64423474.12163532,
2021-11-14,,,65428799.071050175,287.7066115737756,8.671454749999999,224016.0,1.0017061302447436,0.6275,1.0019590095,24221.6498,1.0065658915935929,1.0052757388257718,0,0.6305866666666666,0,0,1.0632814156142856,0,7180.333333333333,,64549139.740312174,1.013627746772102
2021-11-15,,,,,,,1.003593198621892,0.6192,1.0283505553,24277.1679,1.0061786166936582,1.0052286605811196,0,0.6299933333333333,0,0,1.0648225342714286,0,7180.333333333333,,64549139.740312174,
2021-11-16,305051.0,812.0,,,,,1.0008041423594034,0.597,1.0283047155,24312.0816,1.0055080698842935,1.0051752948591413,0,0.6285733333333334,0,0,1.0617689993428572,0,1307.0,0.6212700841622035,64976760.194920994,
2021-11-17,,,,,,,1.0017292873781642,0.5952,0.9985407539,24347.4856,1.0051227280478698,1.0049265558958598,0,0.6270766666666667,0,0,1.0552095673428572,1,1307.0,,64976760.194920994,
2021-11-18,6368471.5,9005.0,53828907.24201124,183.17438583444635,11.7643974,293867.0,0.9981806607717604,0.5722,0.9747864403,24295.5054,1.0043713570294186,1.004770402638255,1,0.6244366666666666,0,0,1.0428248293,1,3622.5,2.4858523119392686,63583278.57580727,0.8465890474306642
2021-11-19,,,,,,,1.0001411687820958,0.5809,1.0000053903,24312.1531,1.0011469557128438,1.0044822590411548,0,0.62185,0,0,1.005475124228571,0,3622.5,,63583278.57580727,
2021-11-20,610250.5,2076.0,,,,,1.0012787525618736,0.5927,0.980533097,24337.6947,1.0010619058171335,1.0043175662034105,0,0.6203666666666666,0,0,1.0017828516857143,1,3964.3333333333335,0.5236693853527284,63979868.06556647,
2021-11-21,,,,,,,1.0005580394908091,0.5876,0.989274647,24344.556,1.0008978928522854,1.004287698692576,0,0.6190433333333334,0,0,0.9999707999,1,3964.3333333333335,,63979868.06556647,
2021-11-22,,,51325923.63237871,183.85515244525172,12.30824165,279165.0,0.9987710073257676,0.5688,1.0100302578,24313.5438,1.0002090083814106,1.004181390649356,1,0.6170033333333333,0,0,0.9973536145428572,0,3964.3333333333335,,62398125.011418,0.8225555435036993
2021-11-23,1016002.5,3064.5,,,,,1.0003681676572622,0.5778,0.9871462704,24334.3031,1.0001467262811048,1.004011886685798,0,0.6153733333333334,0,0,0.9914738366714284,1,4715.166666666667,0.6499240041002439,62398125.011418,
2021-11-24,,,,,,,1.0008405592566425,0.5739,0.9925473232,24348.3825,1.0000197651208873,1.003752572868027,0,0.6132399999999999,0,0,0.9906176322857144,1,4715.166666666667,,60681035.35779218,
2021-11-25,4770024.0,12789.0,,,,,1.011091679638132,0.5842,1.0001040882,24536.6069,1.0018641963875117,1.0039840061245788,0,0.61199,0,0,0.9942344391285712,0,5976.5,2.1398812013720403,60681035.35779218,
2021-11-26,,,46589569.53114692,159.2016591130787,14.573473770000003,292645.0,0.9969094873135672,0.5451,0.9994644429,24472.2243,1.0014025276062934,1.0039304402357578,1,0.60983,0,0,0.9941571609285714,1,5976.5,,58919602.12946151,0.7907312311576318
2021-11-27,1430250.0,4489.0,,,,,0.9992729724798826,0.5521,0.9917768226,24470.4425,1.0011159875945803,1.0037120741950671,1,0.6075033333333334,0,0,0.9957634074428572,1,6780.833333333333,0.6620130269140961,58919602.12946151,
2021-11-28,,,,,,,1.0014714654918446,0.572,0.9832693903,24499.6259,1.0012464770232998,1.0035915213729163,0,0.60554,0,0,0.9949055136285712,1,6780.833333333333,,57565963.8285749,
2021-11-29,,,,,,,1.0037145177885247,0.5762,0.9758319165,24548.5086,1.0019526928036937,1.0036487952535678,0,0.6038133333333333,0,0,0.9900200363,1,6780.833333333333,,57565963.8285749,
2021-11-30,933399.0,2453.0,48794504.35667063,166.03773141280888,12.639602539999998,293876.0,1.0015572056673026,0.5698,0.997337112,24562.3058,1.0021225553765567,1.0033322127104876,0,0.6020033333333334,0,0,0.9914758708142856,1,6577.0,0.3729663980538239,56469531.39458687,0.864085519246013
2021-12-01,,,,,,,1.003528364096061,0.5698,1.0047906215,24601.3635,1.0025065274964735,1.003284604008367,0,0.6002933333333332,0,0,0.9932249134285712,0,6577.0,,56469531.39458687,
2021-12-02,21861343.5,14679.5,,,,,0.9998502247236728,0.5653,0.997557475,24599.1552,1.0009006053658365,1.0028570087282145,1,0.5981233333333333,0,0,0.9928611115428572,1,7207.166666666667,2.036792081955461,55556437.28996872,
2021-12-03,,,,,,,0.997832128191653,0.5423,0.9957821202,24563.7641,1.001032411205563,1.002542974679821,1,0.5952466666666667,0,0,0.9923350654428572,1,7207.166666666667,,55556437.28996872,
2021-12-04,5003915.5,10048.5,48318140.19851063,190.4733642332704,17.45400847999999,253674.0,0.9901146978916135,0.5023,1.0027368399,24467.7206,0.9997240862643818,1.0021883749259466,1,0.5913566666666666,0,0,0.9939007822,0,9060.333333333334,1.1090651558073654,54651650.15353646,0.8841112768373383
2021-12-05,,,,,,,0.998151858689896,0.5042,0.9642924215,24457.8767,0.9992498567212464,1.0019850698056134,1,0.5876433333333334,0,0,0.9911897866571427,1,9060.333333333334,,54651650.15353646,
2021-12-06,,,,,,,0.9983847062361302,0.5163,0.9312095627,24442.3254,0.9984884550709042,1.001869712335158,1,0.5842533333333333,0,0,0.9848151646857144,1,9060.333333333334,,53976279.50677092,
2021-12-07,355102.0,1099.0,,,,,1.0046851945001212,0.5156,0.9599468183,24498.6585,0.9989353106184498,1.0019596909356407,0,0.5805333333333333,0,0,0.9794736941571428,1,8609.0,0.127657103031711,53976279.50677092,
2021-12-08,,,53150535.42389043,199.7314472356936,10.347112210000002,266110.0,0.9992119859359928,0.515,0.9836859097,24494.445,0.9983186851670114,1.0017232863694594,1,0.5760433333333334,0,0,0.9764587353285716,1,8609.0,,53873061.49641085,0.986588360630506
2021-12-09,8673324.5,5217.5,,,,,0.9959689620241908,0.4899,0.9740945409,24451.2536,0.9977642190670852,1.001405652769434,1,0.5708366666666667,0,0,0.9731068876,1,5455.0,0.956461961503208,53873061.49641085,
2021-12-10,,,,,,,0.9984808473497976,0.4849,0.9880118569,24434.8774,0.9978568932325346,1.0012074583399897,1,0.5659166666666666,0,0,0.9719968499857145,1,5455.0,,52490911.35080839,
2021-12-11,,,,,,,1.0011992069205553,0.5042,0.9885202313,24454.1173,0.9994403945223834,1.001132756640644,0,0.56163,0,0,0.9699659059,1,3158.25,,52490911.35080839,
2021-12-12,1131750.5,3511.5,43658657.58972005,203.2450262081489,6.5401876499999965,214808.0,1.0004924046073471,0.5121,0.970974186,24459.8334,0.9997747582248764,1.000392104194285,0,0.5579433333333333,0,0,0.9709204436857144,1,3276.0,1.0718864468864469,51386879.63067235,0.8496070962763927
2021-12-13,,,,,,,0.998200756402229,0.4779,1.0058414264,24427.1552,0.9997484796771764,1.000269659346631,1,0.5530666666666667,0,0,0.9815821385,0,3276.0,,51386879.63067235,
2021-12-14,1182107.5,3481.5,,,,,1.0002564889661787,0.4936,0.9818137239,24453.5077,0.9991158074580416,1.0002213379706788,0,0.5486033333333332,0,0,0.9847059821571428,1,4070.1666666666665,0.8553703779534008,49380891.1391898,
2021-12-15,,,,,,,1.0003211574936266,0.499,0.9590407417,24465.1347,0.9992742605377036,1.00011226993307,0,0.5445966666666667,0,0,0.9811852438714286,1,4070.1666666666665,,49380891.1391898,
2021-12-16,3490727.0,7009.0,35647706.322254986,139.1368911042481,10.47070691,256206.0,1.0006539694696843,0.4868,0.9730313248,24458.8631,0.9999435473156312,1.0001072641700792,0,0.5409233333333334,0,0,0.9810333558571428,1,4667.333333333333,1.501714040851307,47664243.03707295,0.747892005638869
2021-12-17,,,,,,,0.9964271819362271,0.4727,0.9918268625,24431.2289,0.999650166542264,0.9999305273220148,1,0.53684,0,0,0.9815783566571428,1,4667.333333333333,,47664243.03707295,
2021-12-18,,,,,,,0.9998788347669436,0.479,0.9822433886,24435.6561,0.999461541948891,0.9999871331218542,1,0.5337333333333334,0,0,0.9806816648428572,1,4667.333333333333,,46783576.722081766,
2021-12-19,291094.5,835.0,,,,,1.000089688862405,0.4787,0.9846122685,24437.0894,0.9994040111281848,0.9999854171245312,0,0.5303266666666667,0,0,0.9826299623428572,1,3775.1666666666665,0.2211822877577149,46783576.722081766,
2021-12-20,,,42533811.43613241,159.33429271028484,10.997373189999998,266947.0,0.9972871139839676,0.4798,0.982070417,24427.7768,0.9992734907827188,0.9998523625052675,1,0.5265633333333333,0,0,0.9792341038571428,1,3775.1666666666665,,46252356.0613381,0.9196031306972924
2021-12-21,1181043.5,3814.5,,,,,1.0030167013085445,0.5018,0.9729799004,24452.9349,0.9996678068316284,0.999934317899192,0,0.5237033333333333,0,0,0.9779721290714284,1,3886.1666666666665,0.9815585195351032,46252356.0613381,
2021-12-22,,,,,,,1.0010998175944477,0.4977,0.984662866,24457.6949,0.9997790439888884,1.0000119449081482,0,0.5213333333333333,0,0,0.981632432542857,1,3886.1666666666665,,45527560.69404658,
2021-12-23,6724741.0,12326.0,,,,,1.002548321910168,0.5169,0.987221427,24497.2378,1.0000496657661004,1.0000846167165782,0,0.5193033333333333,0,0,0.98365959,1,5658.5,2.1783158080763454,45527560.69404658,
2021-12-24,,,49180777.12235141,187.4596046652668,12.067905989999998,260565.0,1.0031199802724735,0.5173,0.9849224188,24513.8951,1.0010057798141356,1.0001605974171062,0,0.5174166666666666,0,0,0.9826732409,1,5658.5,,45984212.747584686,1.0695143873031647
2021-12-25,,,,,,,0.999368251656268,0.5155,0.9927198329,24510.1916,1.0009328393697534,0.9997698164843772,1,0.5151266666666667,0,0,0.9841698758,1,5658.5,,45984212.747584686,
2021-12-26,748912.5,693.0,,,,,1.0006753151141763,0.5173,1.001261256,24521.9739,1.0010165002628637,0.9998953440777308,0,0.5142,0,0,0.9865483025857144,0,5611.166666666667,0.1235037276858644,45897733.20707579,
2021-12-27,,,,,,,1.0021845183681892,0.5171,0.9963105501,24530.7999,1.0017161294606096,0.9999923956073412,0,0.5130333333333333,0,0,0.9885826073142856,1,5611.166666666667,,45897733.20707579,
2021-12-28,14873536.0,11185.5,43360200.30927323,163.36324912506586,17.86068218000001,265422.0,0.9969360681682968,0.4861,1.0066073127,24500.1756,1.0008474675834311,0.9998412156965562,1,0.51017,0,0,0.9933865233571428,0,8068.166666666667,1.3863744345059803,45580541.59485047,0.9512875185794613
2021-12-29,,,,,,,0.9982033271098728,0.4733,0.9952206468,24477.904,1.000433683228492,0.999657509340601,1,0.5067400000000001,0,0,0.9948947777571427,1,8068.166666666667,,45580541.59485047,
2021-12-30,18693210.0,23986.5,,,,,1.0002579408512082,0.4801,0.9718522924,24486.5021,1.000106485934355,0.999614200513398,0,0.50375,0,0,0.9926991871,1,11955.0,2.0063989962358844,45121404.0574476,
2021-12-31,,,,,,,1.0003523029796426,0.4718,0.9588222969,24482.6607,0.9997111034639506,0.9995083318095174,0,0.5004833333333333,0,0,0.9889705982571428,1,11955.0,,45121404.0574476,
2022-01-01,,,50149010.75444461,268.41480006018503,9.313250859999998,186834.0,1.0006874996932191,0.4851,0.9914578523,24490.6494,0.9998995674692294,0.9995362409751688,0,0.49781,0,0,0.9887903153142856,1,11955.0,,45749854.89457222,1.096156717218229
2022-01-02,274000.5,633.5,,,,,0.9995710179951712,0.4828,0.9822184925,24490.6278,0.9997418107379428,0.9995942039686194,1,0.4958266666666666,0,0,0.9860699205285712,1,11935.166666666666,0.0530784376701903,45749854.89457222,
2022-01-03,,,,,,,0.9986012113927116,0.473,0.9851026927,24481.3569,0.999229909741446,0.9998770877519896,1,0.4948499999999999,0,0,0.9844687980428573,1,11935.166666666666,,45382956.99400959,
2022-01-04,482864.5,1219.0,,,,,0.9982924475946734,0.4672,0.9780703789,24458.5742,0.9994236782309284,0.9998817740488152,1,0.4936166666666667,0,0,0.9803920932142856,1,8613.0,0.1415302449785208,45382956.99400959,
2022-01-05,,,43723000.844989486,160.65477703878116,15.839727270000004,272155.0,0.9974620545919232,0.4389,0.9865878673,24424.3402,0.9993177821569356,0.9998510189940084,1,0.4910366666666667,0,0,0.979158839,1,8613.0,,45175462.47538208,0.9678484391568964
2022-01-06,1752983.5,5141.5,,,,,0.9962476338716312,0.4344,0.980992935,24402.4632,0.9987448811598532,0.9995697669730588,1,0.48833,0,0,0.9804646450857144,1,2331.333333333333,2.2053903345724906,45175462.47538208,
2022-01-07,,,,,,,0.9943339448134942,0.4133,0.9408745853,24353.7978,0.9978851157075462,0.9994071656023088,1,0.48494,0,0,0.9779006862857142,1,2331.333333333333,,44036166.33988088,
2022-01-08,,,,,,,0.9978505237341596,0.4176,0.9719589423,24344.7778,0.9974798334276808,0.9994698843259744,1,0.48253,0,0,0.9751151277142858,1,2331.333333333333,,44036166.33988088,
2022-01-09,313701.0,601.5,37068053.16263282,176.3944226675779,7.86552615,210143.0,0.999254655451146,0.4189,0.9573125979,24341.0017,0.9974346387785342,0.9994956779293528,1,0.48033,0,0,0.9715571427714286,1,2320.6666666666665,0.259192760700948,43165152.19272488,0.8587495069432497
2022-01-10,,,,,,,0.9976664355172238,0.4181,0.9754575286,24331.4396,0.9973010993677504,0.999377918882575,1,0.47746,0,0,0.9701792621857144,1,2320.6666666666665,,43165152.19272488,
2022-01-11,1389337.0,3290.0,,,,,0.999603597754436,0.4312,0.9587820622,24327.195,0.9974884065334306,0.999348291987478,1,0.4747633333333333,0,0,0.9674237883714286,1,3011.0,1.0926602457655263,43094651.42172556,
2022-01-12,,,,,,,1.001439435840218,0.4462,0.9728392293,24347.0859,0.9980566038546156,0.9994562479687442,0,0.4737066666666666,0,0,0.9654596972285716,1,3011.0,,43094651.42172556,
2022-01-13,1564734.0,1912.5,49600693.77700761,180.684821510692,10.43758314,274515.0,0.9986928266268232,0.4292,0.9786574429,24329.8251,0.9984059171053572,0.999404125890766,1,0.47156,0,0,0.9651260555,1,1934.6666666666667,0.9885423845623708,43907906.716135815,1.1296528913955204
2022-01-14,,,,,,,0.9995609697376646,0.4356,0.9880389756,24328.7525,0.9991526349516674,0.9993787862989004,1,0.4694466666666667,0,0,0.9718638255428572,1,1934.6666666666667,,43907906.716135815,
2022-01-15,,,,,,,1.000188613587682,0.4369,0.9886888179,24331.4764,0.9994866477878848,0.999363274436167,0,0.4677833333333333,0,0,0.9742538077714286,1,1934.6666666666667,,45087935.34383308,
2022-01-16,983555.0,1801.5,,,,,1.0001014977621403,0.4363,0.9887176619,24333.9831,0.999607625260884,0.999485751630364,0,0.46657,0,0,0.9787402454857144,1,2334.6666666666665,0.7716304968589378,45087935.34383308,
2022-01-17,,,43763608.21850503,169.53373628561536,9.08946149,258141.0,0.9971898690566656,0.4241,0.9758000958,24310.9521,0.999539544337947,0.9993961194400214,1,0.46474,0,0,0.9787891836571428,1,2334.6666666666665,,44922394.45316708,0.9742047090595288
2022-01-18,959838.0,1112.5,,,,,0.9985984775807206,0.4272,0.9820797062,24303.1972,0.999395955741702,0.9993464123972988,1,0.4630233333333333,0,0,0.9821174185142858,1,1608.8333333333333,0.6914948720604993,44922394.45316708,
2022-01-19,,,,,,,0.9961739237450088,0.4193,0.9327417395,24267.231,0.9986437397281008,0.999309306056,1,0.4610066666666667,0,0,0.9763892056857144,1,1608.8333333333333,,45263620.59845775,
2022-01-20,6435549.5,8879.5,,,,,0.9985128364761164,0.4053,0.9657273328,24236.882,0.9986180268494284,0.9991591772282524,1,0.45779,0,0,0.9745420471,1,3931.1666666666665,2.258744223512952,45263620.59845775,
2022-01-21,,,32978968.483064435,121.09128204747029,12.146521389999997,272348.0,0.9877329488223344,0.3398,0.9702836056,24090.6453,0.9969283095758098,0.9987136149358484,1,0.4525266666666667,0,0,0.9720055656714284,1,3931.1666666666665,,43728039.08403358,0.754183566742787
2022-01-22,,,,,,,0.9963531242132144,0.3128,0.9896184591,24049.7602,0.9963803825223144,0.9985071083459502,1,0.4457233333333333,0,0,0.9721383715571428,1,3931.1666666666665,,43728039.08403358,
2022-01-23,1215058.0,3174.5,,,,,0.998745243984652,0.337,0.937701407,24046.3775,0.9961866319826732,0.9983612838030228,1,0.4397133333333334,0,0,0.9648503351428572,1,4388.833333333333,0.7233129533285232,42949076.50713103,
2022-01-24,,,,,,,0.9960444989845576,0.3448,0.9159540377,24018.011,0.9960230076866576,0.9982504920472992,1,0.4340233333333333,0,0,0.9563008982714286,1,4388.833333333333,,42949076.50713103,
2022-01-25,5668150.0,14205.0,35087221.533111915,132.3406865103343,10.852287239999995,265128.0,0.9996201407902264,0.3502,0.9303520365,24012.6415,0.99616895957373,0.998215319569834,1,0.4284533333333333,0,0,0.9489112311714284,1,8753.0,1.622872158117217,41966344.63537864,0.8360800026298344
2022-01-26,,,,,,,0.9994585080973712,0.3484,0.9605750967,23996.0803,0.9966381859097818,0.9981244525608068,1,0.42283,0,0,0.9528874250571427,1,8753.0,,41966344.63537864,
2022-01-27,3623804.0,10472.0,,,,,0.9963565867806492,0.3522,0.9603138268,23981.6065,0.9963301502390008,0.998105136514552,1,0.4183666666666667,0,0,0.952114067057143,1,9283.833333333334,1.12798233488322,41767222.39625085,
2022-01-28,,,,,,,0.9963670560320916,0.3657,0.9230212419,23956.2198,0.9975635941261088,0.998043927478626,1,0.41478,0,0,0.9453623008142856,1,9283.833333333334,,41767222.39625085,
2022-01-29,,,35684124.95720539,154.45132383939176,12.331016270000005,231038.0,0.9947707244018312,0.3721,0.9039008605,23917.5181,0.9973375370101972,0.9978610202636468,1,0.41118,0,0,0.9331169295857142,1,9283.833333333334,,41006835.21637016,0.8701994379454109
2022-01-30,2734535.5,1807.5,,,,,0.997175160690064,0.3709,0.9606330826,23896.7172,0.9971132393966844,0.9977551155206608,1,0.4078166666666666,0,0,0.9363928832428572,1,8828.166666666666,0.2047423964960637,41006835.21637016,
2022-01-31,,,,,,,0.9988272573667007,0.3788,0.9884830849,23894.4586,0.9975107763084192,0.99769310744311,1,0.4042733333333333,0,0,0.9467541757,1,8828.166666666666,,39700810.139502384,
2022-02-01,1385641.0,1963.5,,,,,1.016177609191583,0.3806,0.8799864039,24024.3404,0.9998761289371844,0.9982466604829906,0,0.4008666666666667,0,0,0.9395590853285716,1,4747.666666666667,0.4135715790212735,39700810.139502384,
2022-02-02,,,36860308.93409871,132.12290601322186,12.277100499999994,278985.0,0.9977064532110788,0.3503,0.993403607,24001.3208,0.9996258353819998,0.9982168352102694,1,0.3967766666666666,0,0,0.9442488725142856,1,4747.666666666667,,39345747.48882692,0.9368308212867474
2022-02-03,706887.0,1121.5,,,,,0.9971461002588828,0.3527,1.0017779411,23989.087,0.9997386230217474,0.9981786236324096,1,0.39296,0,0,0.950172317414286,0,1630.8333333333333,0.6876852324987226,39345747.48882692,
2022-02-04,,,,,,,1.0034743059082567,0.4149,0.9706659058,24036.6434,1.000753944432628,0.9983790320096207,0,0.3921599999999999,0,0,0.9569786979714284,1,1630.8333333333333,,38720425.5808037,
2022-02-05,,,,,,,1.002125916927026,0.4207,0.9616568666,24046.7757,1.0018046862219416,0.998574974778134,0,0.3917033333333333,0,0,0.9652295559857144,1,1630.8333333333333,,38720425.5808037,
2022-02-06,2592204.5,3637.5,40981670.2961239,186.9635864528728,10.26759842,219196.0,1.000543682160033,0.4321,0.9960569997,24055.2258,1.0022859035747944,0.9987819660230186,0,0.39233,0,0,0.9702901155714284,1,2240.833333333333,1.6232800297508367,39003081.17021873,1.0507290466942891
2022-02-07,,,,,,,1.0039530045763516,0.451,1.0058114841,24093.513,1.0030181531761733,0.9989853820510918,0,0.3934433333333333,0,0,0.9727656011714286,0,2240.833333333333,,39003081.17021873,
2022-02-08,2375644.0,2772.0,,,,,1.0006430648437588,0.454,1.0022219745,24115.0574,1.0007989325550557,0.9990316623641788,0,0.3946133333333333,0,0,0.9902278255428572,0,2510.333333333333,1.10423582525561,39279513.742731,
2022-02-09,,,,,,,1.0012701476545345,0.4565,1.0052279456,24131.946,1.0013080317612637,0.9991517861020892,0,0.3958933333333333,0,0,0.9919170167714286,0,2510.333333333333,,39279513.742731,
2022-02-10,22201822.5,7463.0,41628004.65890094,159.60862632959606,19.58059812,260813.0,1.0019349929888364,0.4465,1.0038678338,24140.7645,1.001992159294114,0.9992294992765692,0,0.3964033333333333,0,0,0.9922155728714286,0,4624.166666666667,1.6139124166516488,39573075.10725224,1.051927466998189
2022-02-11,,,,,,,1.000576172303593,0.43,1.0353922362,24145.7247,1.0015781402077333,0.9992007238253484,0,0.3958633333333333,0,0,1.0014621915000002,0,4624.166666666667,,39573075.10725224,
2022-02-12,,,,,,,1.001065191740628,0.4272,1.042206094,24155.0131,1.001426608038248,0.9992798026624752,0,0.3957966666666667,0,0,1.0129692239857142,0,4624.166666666667,,38140558.15443005,
2022-02-13,174525.0,506.5,,,,,1.0001239058141014,0.4275,0.9912475578,24157.2591,1.001366639988829,0.9992985671983564,0,0.3955266666666667,0,0,1.0122821608571428,1,3580.5,0.1414606898477866,38140558.15443005,
2022-02-14,,,40840022.9699916,164.948879487187,11.161085030000006,247592.0,0.9994985307538654,0.4335,0.9895168783,24160.3287,1.000730286585617,0.9992755644372292,1,0.3954133333333333,0,0,1.0099543600285714,1,3580.5,,38477991.25637524,1.0613865650594485
2022-02-15,6245684.0,10215.0,,,,,1.003831270478557,0.4564,0.9918673235,24194.582,1.001185744533445,0.9993998901944432,0,0.3960833333333333,0,0,1.0084751241714285,1,6061.5,1.6852264291017074,38477991.25637524,
2022-02-16,,,,,,,1.0007159238543752,0.4508,1.0026856486,24201.8193,1.001106569704851,0.9995174253543668,0,0.3969733333333333,0,0,1.0081119388857145,0,6061.5,,37722903.11892813,
2022-02-17,3598028.5,4043.5,,,,,0.99781332486498,0.405,1.0148899198,24161.8447,1.0005177599728714,0.9994912535971754,1,0.3962333333333333,0,0,1.0096865225999998,0,4921.666666666667,0.8215712834405688,37722903.11892813,
2022-02-18,,,34237766.888329044,131.15154618118422,9.413693890000005,261055.0,0.9973786525198832,0.397,1.0234464497,24146.3943,1.0000609714323414,0.9995314112230046,1,0.39549,0,0,1.0079799816714283,0,4921.666666666667,,37287261.09010324,0.9182161920017348
2022-02-19,,,,,,,0.9996764615085092,0.3978,0.9956257416,24144.9441,0.9998625813991816,0.9995701987240844,1,0.39524,0,0,1.0013256456142856,1,4921.666666666667,,37287261.09010324,
2022-02-20,1299876.0,2585.5,,,,,0.9975442609204066,0.3741,0.9898545404,24129.8675,0.9994940607000824,0.9998972424606868,1,0.3963833333333333,0,0,1.0011266431285717,1,5614.666666666667,0.4604903823319876,37902731.46253736,
2022-02-21,,,,,,,0.9979287206698698,0.3504,0.9692037232,24099.6556,0.9992698021166544,0.9999497623425752,1,0.3976366666666667,0,0,0.9982247638285716,1,5614.666666666667,,37902731.46253736,
2022-02-22,1364708.0,1855.0,36863634.739900105,140.91172571137008,9.152503500000002,260265.0,0.998778457582196,0.3692,0.9917370664,24098.6916,0.9985479717028886,0.9999508694624932,1,0.39871,0,0,0.9982061556714286,1,2828.0,0.655940594059406,37772844.3722077,0.9759295428390728
2022-02-23,,,,,,,1.0013664029210407,0.3542,0.9716936985,24092.2375,0.9986408972838408,1.000128266260376,0,0.3990233333333333,0,0,0.9937787342285714,1,2828.0,,37772844.3722077,
2022-02-24,,,,,,,0.9950810334230727,0.3707,0.9813302148,24092.9197,0.998250569934997,0.9999769626814708,1,0.3997066666666667,0,0,0.9889844906571428,1,2220.25,,38156504.77779281,
2022-02-25,2255402.5,3276.5,,,,,0.9996992988042545,0.3873,0.9172911912,24093.6678,0.9985820908327642,0.9999849890383672,1,0.4010033333333334,0,0,0.9738194537285716,1,2572.333333333333,1.2737462744589865,38156504.77779281,
2022-02-26,,,33937773.77919107,141.44569895676358,6.735534049999998,220423.0,0.999214534307252,0.3833,0.9611601243,24085.5073,0.9985161012325846,1.0000802539559206,1,0.40204,0,0,0.9688957941142856,1,2572.333333333333,,37629163.4029676,0.9019008319625462
2022-02-27,468626.0,1225.5,,,,,0.999772534394456,0.3609,0.9922977116,24071.0472,0.9988344260145916,1.0001937699013326,1,0.40188,0,0,0.9692448185714284,1,2119.0,0.5783388390750354,37629163.4029676,
2022-02-28,,,,,,,1.0054217663657392,0.4401,0.9281154754,24178.0484,0.9999048611140016,1.000548804633463,0,0.4041466666666667,0,0,0.9633750688857142,1,2119.0,,37907026.03807648,
2022-03-01,8850478.5,15528.0,,,,,1.0035378941276465,0.4539,0.9342777946,24212.0825,1.0005847806204946,1.000760895748049,0,0.4069133333333333,0,0,0.9551666014857142,1,6676.666666666667,2.325711432850724,37907026.03807648,
2022-03-02,,,38804384.27420314,134.43077519063505,29.26598148,288657.0,1.001686697145996,0.4493,0.9976888974,24222.5061,1.0006305369383452,1.0008562104073588,0,0.4092633333333333,0,0,0.9588802013285714,1,6676.666666666667,,38019195.81759231,1.020652421486714
2022-03-03,,,,,,,1.0021838071383613,0.4297,1.0325945167,24233.2893,1.001645218897672,1.000389750338918,0,0.4109,0,0,0.9662036730285716,0,6676.666666666667,,38019195.81759231,
2022-03-04,786249.0,1577.0,,,,,0.996615475635502,0.3816,1.0281923617,24182.1408,1.0012046727307076,1.0003533844197323,1,0.4119433333333333,0,0,0.9820466973857142,0,6110.166666666667,0.2580944327759744,38184751.08666282,
2022-03-05,,,,,,,0.998701801560922,0.386,1.0300904814,24182.2384,1.0011314251955177,1.0004052411298,1,0.4130533333333333,0,0,0.9918938912571428,0,6110.166666666667,,38184751.08666282,
2022-03-06,1485931.5,3741.0,32347699.625522237,156.18155828387103,9.45711786,207116.0,0.9992925135029,0.3704,0.9779328416,24176.614,1.0010628507824382,1.0002658480496216,1,0.41157,0,0,0.9898417669714288,1,6948.666666666667,0.5383766669864722,37455119.65402026,0.8636389343919819
2022-03-07,,,,,,,0.9984214561749692,0.3666,0.9798449291,24162.5504,1.000062806469471,1.000142366024553,1,0.4097666666666667,0,0,0.9972316889285714,1,6948.666666666667,,37455119.65402026,
2022-03-08,984161.5,2994.0,,,,,0.9990068210237574,0.3765,0.9723641233,24145.4996,0.9994155103117726,1.0000911373200103,1,0.4079133333333333,0,0,1.0026725930285714,1,2770.6666666666665,1.08060635226179,36951326.7051483,
2022-03-09,,,,,,,1.0024230723387375,0.4238,0.9419583953,24192.2649,0.9995207067678784,1.0000401395787566,0,0.4070066666666667,0,0,0.9947110927285716,1,2770.6666666666665,,36951326.7051483,
2022-03-10,,,36518474.15193781,139.62169866886563,11.649466789999998,261553.0,1.0014985388927236,0.3867,0.9924695648,24212.8773,0.999422811304216,1.000068655380389,0,0.4047633333333333,0,0,0.9889789567428572,1,2770.6666666666665,,36897220.13599699,0.9897351078844644
2022-03-11,490643.5,691.5,,,,,0.9970166388938662,0.3771,0.9743044141,24185.7515,0.9994801203411252,0.9999268717550333,1,0.4021166666666667,0,0,0.9812806785142856,1,2475.5,0.2793375075742274,36897220.13599699,
2022-03-12,,,,,,,1.000131337150732,0.3791,0.9985677864,24185.9322,0.999684339711098,0.9998667498937632,0,0.39987,0,0,0.9767774363714288,1,2475.5,,36221393.77558214,
2022-03-13,115520.5,353.0,,,,,0.999572771244758,0.3604,0.9854941655,24180.5627,0.9997243765313634,0.999833303191802,1,0.39755,0,0,0.9778576255,1,1346.1666666666667,0.2622260740373901,36221393.77558214,
2022-03-14,,,37379620.92665644,143.99373218996132,10.311670240000003,259592.0,1.000004290250731,0.3898,0.9891926001,24192.1257,0.9999504956850436,0.9997979398088054,0,0.3963033333333333,0,0,0.9791930070714284,1,1346.1666666666667,,36366172.16946643,1.0278678974643616
2022-03-15,4407097.0,7127.0,,,,,0.9987043898137874,0.3855,0.9628633023,24183.9812,0.9999072912264764,0.999750622608795,1,0.3949033333333333,0,0,0.9778357469285714,1,2723.833333333333,2.6165330722633544,36366172.16946643,
2022-03-16,,,,,,,1.0027735150001291,0.4108,0.9760461141,24215.2847,0.9999573544638184,0.999859788750337,0,0.3941466666666667,0,0,0.9827054210428572,1,2723.833333333333,,35727050.62653426,
2022-03-17,,,,,,,0.9988309436418464,0.4094,0.9328749729,24196.38,0.9995762694279786,0.9996931111891132,1,0.39258,0,0,0.9741919079142856,1,2723.833333333333,,35727050.62653426,
2022-03-18,1941558.5,1962.0,36959271.78465093,141.43408331860388,10.594884019999997,261318.0,1.0015242901224723,0.4211,1.0032316971,24212.0661,1.0002202196034935,0.9997200567313832,0,0.39159,0,0,0.978324376914286,0,3147.333333333333,0.623384876085575,35881078.27129884,1.0300490833970988
2022-03-19,,,,,,,1.000944716348294,0.426,0.985509778,24220.8068,1.0003364166317168,0.9998244364474936,0,0.39229,0,0,0.976458947142857,1,3147.333333333333,,35881078.27129884,
2022-03-20,259278.5,636.0,,,,,1.0000301379774654,0.4135,1.0060838496,24218.7594,1.0004017547363897,0.9999128192960798,0,0.3928399999999999,0,0,0.9794003305857144,0,3241.6666666666665,0.1961953727506427,36115837.04029453,
2022-03-21,,,,,,,1.0001001105500835,0.4102,1.0062268084,24221.781,1.0004154433505823,0.9999269409307988,0,0.3932533333333333,0,0,0.9818337889142856,0,3241.6666666666665,,36115837.04029453,
2022-03-22,14081997.5,17186.5,39888938.43880881,150.76950980201315,10.8074481,264569.0,1.003223861206927,0.428,0.9993784379,24245.1456,1.0010610821210313,1.0001162609403496,0,0.39505,0,0,0.9870502368571428,1,6594.833333333333,2.6060552452677603,36587474.71510882,1.0902348071138306
2022-03-23,,,,,,,1.0009785729930551,0.4323,1.0096196461,24261.1004,1.0008046618343065,1.0002179226844556,0,0.39778,0,0,0.9918464557142856,0,6594.833333333333,,36587474.71510882,
2022-03-24,,,,,,,1.0032040837542031,0.4477,0.9983451044,24286.6119,1.0014293961360716,1.000365443556856,0,0.4003966666666666,0,0,1.0011993316428571,1,6594.833333333333,,36548023.282995775,
2022-03-25,197012.5,485.5,,,,,1.0131069685520604,0.4496,0.9975579255,24408.5622,1.0030840644831556,1.000756795744557,0,0.4035766666666667,0,0,1.000388792842857,1,6102.666666666667,0.079555385623771,36548023.282995775,
2022-03-26,,,45600899.41748507,193.67139970476345,8.185598199999998,231031.0,1.0006106086069455,0.4516,1.0087580484,24415.3289,1.00303633480582,1.0009411149173526,0,0.4062733333333333,0,0,1.0037099743285711,0,6102.666666666667,,37679632.79980694,1.210226746628983
2022-03-27,382199.0,1256.5,,,,,1.002553281815291,0.4772,1.0131269068,24453.1861,1.0033967839255094,1.001036247684387,0,0.40927,0,0,1.0047161253571428,0,6309.5,0.1991441477137649,37679632.79980694,
2022-03-28,,,,,,,1.0072062742985814,0.4808,1.01961292,24518.1435,1.0044119501752948,1.001302639017431,0,0.41252,0,0,1.0066284270142858,0,6309.5,,38214184.088466346,
2022-03-29,3090240.5,7541.0,,,,,1.0042710886042243,0.4824,1.0225874046,24568.9526,1.0045615540891943,1.0014525908244236,0,0.41657,0,0,1.0099439936857144,0,3094.333333333333,2.437035441128945,38214184.088466346,
2022-03-30,,,40379135.25749871,147.9826406469843,11.172714079999997,272864.0,1.0023414971636229,0.4782,1.0247078886,24588.6809,1.0047562575421327,1.001349915184353,0,0.41784,0,0,1.0120994569,0,3094.333333333333,,38484802.98459539,1.0492228652868922
2022-03-31,,,,,,,0.9994338338921308,0.4607,1.0123283112,24572.2854,1.0042176504189797,1.0012131131765023,1,0.4180666666666666,0,0,1.0140970578714286,0,3094.333333333333,,38484802.98459539,
2022-04-01,245932.0,491.0,,,,,1.0018308483978269,0.4681,1.028716466,24598.8932,1.0026067761112318,1.00121791821823,0,0.4186933333333333,0,0,1.0185482779428572,0,3096.1666666666665,0.1585831942724875,38439148.51465143,
2022-04-02,,,,,,,1.000333719572162,0.4646,0.9838275575,24597.4858,1.0025672205348342,1.00115624863269,0,0.4198566666666667,0,0,1.014986779242857,1,3096.1666666666665,,38439148.51465143,
2022-04-03,357220.5,600.5,40719203.40116903,180.52172953649088,10.435895970000002,225564.0,1.001220411696692,0.4701,1.0067143309,24611.0027,1.0023768105178914,1.0013097465013965,0,0.4228066666666666,0,0,1.0140706969714286,0,2877.5,0.2086880973066898,38724155.37546613,1.0515194716672085
2022-04-04,,,,,,,1.001112090448533,0.4722,1.015841879,24629.6503,1.0015062128250274,1.0013900894643168,0,0.4256799999999999,0,0,1.0135319768285715,0,2877.5,,38724155.37546613,
2022-04-05,6223286.5,9012.5,,,,,1.0003653618209314,0.461,1.0008873929,24629.4572,1.0009482518559856,1.001425851074918,0,0.4286999999999999,0,0,1.010431975157143,0,3368.0,2.6759204275534443,39635077.625458114,
2022-04-06,,,,,,,0.9981983056280316,0.4321,1.0117416592,24592.2672,1.000356367350901,1.0014184127233534,1,0.4308833333333333,0,0,1.008579656671429,0,3368.0,,39635077.625458114,
2022-04-07,,,38455362.05837601,142.38666031678375,10.039681349999997,269404.0,0.9989068802297704,0.4356,1.004695872,24589.9553,1.0002810882562785,1.0014150813635538,1,0.4328533333333333,0,0,1.0074893082142855,0,3368.0,,39487613.17957285,0.973858862613382
2022-04-08,3138456.0,6198.0,,,,,0.9991899789808144,0.4182,0.9955526545,24566.2857,0.999903821196705,1.0013073115849564,1,0.4326666666666667,0,0,1.0027516208571428,1,5270.333333333333,1.1760166972361017,39487613.17957285,
2022-04-09,,,,,,,0.9997278960191934,0.4243,1.0085836259,24570.1271,0.9998172749748524,1.0012482901558386,1,0.43392,0,0,1.0062882020571429,0,5270.333333333333,,39911775.89780643,
2022-04-10,958846.0,2484.5,,,,,0.9998102680471188,0.4188,0.9892004905,24565.2492,0.9996158258820562,1.001341411127614,1,0.43531,0,0,1.0037862248571428,1,5898.333333333333,0.4212206838089856,39911775.89780643,
2022-04-11,,,35801153.7575258,129.42218744473814,10.507280689999998,276623.0,0.9967716708943848,0.3799,0.9865467013,24522.9289,0.9989957659457492,1.001229422252402,1,0.4353366666666666,0,0,0.9996011994714286,1,5898.333333333333,,39397948.13027135,0.9087060483238222
2022-04-12,2531590.5,4491.0,,,,,1.002235979590386,0.3876,1.0076498389,24553.3566,0.9992629970556716,1.0013181958639232,0,0.4362433333333333,0,0,1.0005672631857143,0,4391.166666666667,1.022735036247011,39397948.13027135,
2022-04-13,,,,,,,1.0002987065660487,0.4031,0.9864958515,24562.2372,0.9995630543325308,1.0013280097411006,0,0.4366866666666666,0,0,0.9969607192285714,1,4391.166666666667,,39686280.58793063,
2022-04-14,,,,,,,1.0019137824054722,0.3843,0.9697234801,24577.6067,0.9999926117862026,1.0014349894941563,0,0.4366466666666667,0,0,0.9919646632428571,1,4391.166666666667,,39686280.58793063,
2022-04-15,252377.0,568.5,40084844.38845567,157.2997178069217,8.863154869999999,254831.0,1.0000043589186347,0.3934,1.0069565778,24582.6471,1.0001089517773198,1.00134268429144,0,0.4360666666666667,0,0,0.9935937951428572,0,2514.6666666666665,0.2260737009544008,39736101.06299625,1.008776485768106
2022-04-16,,,,,,,0.9996002889953868,0.3922,0.9881488295,24580.3671,1.0000907222024902,1.0013683291365585,1,0.4354933333333333,0,0,0.9906745385142858,1,2514.6666666666665,,39736101.06299625,
2022-04-17,479658.0,1139.0,,,,,0.9996492979703924,0.381,0.9937120244,24576.4351,1.0000677264772435,1.0013058293981554,1,0.4341566666666666,0,0,0.9913190433571428,1,2066.1666666666665,0.5512624021940793,40132790.959902726,
2022-04-18,,,,,,,0.9994820763876064,0.3978,0.9917501584,24580.9889,1.0004549272619896,1.0012570747327991,1,0.4332166666666667,0,0,0.9920623943714286,1,2066.1666666666665,,40132790.959902726,
2022-04-19,4751303.0,4354.0,32209953.66828013,117.91261666183496,9.36977033,273168.0,1.0008024057064222,0.4073,0.9664807157,24591.4367,1.000250130992852,1.001282816990431,0,0.43301,0,0,0.986181091057143,1,2020.5,2.1549121504578075,39142436.29844991,0.8228908753325527
2022-04-20,,,,,,,1.0007665207233352,0.4058,0.9956033728,24595.5152,1.00031696158675,1.0013050306628728,0,0.4328633333333334,0,0,0.9874821655285716,1,2020.5,,39142436.29844991,
2022-04-21,,,,,,,1.0042003154663597,0.3911,1.0000381576,24636.2707,1.000643609166877,1.001337579138187,0,0.4316333333333333,0,0,0.9918128337428572,0,2020.5,,39035793.13554149,
2022-04-22,1277217.0,2649.0,,,,,0.9979668294281828,0.3806,1.018714487,24613.4904,1.0003525335253838,1.0012371876860249,1,0.4299099999999999,0,0,0.9934925350571427,0,2714.0,0.9760501105379512,39035793.13554149,
2022-04-23,,,40745768.893821314,173.402484036043,8.203158969999999,234978.0,0.9995597331594506,0.3782,0.9939488512,24611.9731,1.0003467398345356,1.0011157093328664,1,0.4275933333333333,0,0,0.9943211095857144,1,2714.0,,39249540.10532647,1.038120925353003
2022-04-24,337011.5,814.0,,,,,0.9996280250439544,0.3771,0.9913204548,24610.0457,1.0003437008450444,1.0006664112159296,1,0.4251766666666666,0,0,0.9939794567857144,1,2605.6666666666665,0.3123960598695152,39249540.10532647,
2022-04-25,,,,,,,0.9992015276869628,0.3919,0.975530684,24610.0627,1.0003036224592383,1.0006194418519303,1,0.4231866666666666,0,0,0.9916623890142856,1,2605.6666666666665,,38342203.06073238,
2022-04-26,5782882.0,9158.5,,,,,0.998124858675638,0.3547,0.9648358173,24569.0087,0.9999211157405548,1.000471827747275,1,0.4191033333333333,0,0,0.9914274035285714,1,4207.166666666667,2.1768807194073605,38342203.06073238,
2022-04-27,,,42682531.77661201,147.7170002097679,11.164919310000004,287105.0,0.9998238891514296,0.3735,1.0077245023,24571.547,0.9997864540874254,1.00022574824237,1,0.4155266666666666,0,0,0.9931589934571428,0,4207.166666666667,,38884744.15021733,1.0976678054437825
2022-04-28,,,,,,,0.9999925651400636,0.3818,0.9738872804,24573.5992,0.9991853468979546,1.0000831307935647,1,0.4121733333333334,0,0,0.9894231538571427,1,4207.166666666667,,38884744.15021733,
2022-04-29,842557.5,1825.5,,,,,0.9981366970638628,0.3641,0.9891416618,24550.8357,0.9992096137030516,0.9999429707902392,1,0.4083699999999999,0,0,0.9851984645428572,1,3932.6666666666665,0.4641888455670452,38671259.70632,
2022-04-30,,,,,,,0.9978634816101444,0.3495,0.9995357729,24532.7972,0.9989672920531508,0.9998906257141732,1,0.4046633333333334,0,0,0.9859965962142856,1,3932.6666666666665,,38671259.70632,
2022-05-01,136709.5,453.5,40525650.90483759,174.37287401826785,7.81516491,232322.0,0.9994007842501706,0.362,0.9770661496,24537.2406,0.9989348290826102,0.9998096235759178,1,0.4011266666666667,0,0,0.9839602669,1,3812.5,0.1189508196721311,38903058.6061347,1.0417086048459705
2022-05-02,,,,,,,0.9973410733989791,0.3647,0.9507439024,24502.2085,0.9986690498986126,0.9997098687034784,1,0.3977966666666666,0,0,0.9804192981,1,3812.5,,38903058.6061347,
2022-05-03,,,,,,,0.998243831075087,0.3511,0.9814108222,24467.7551,0.9986860459556768,0.9996106493494248,1,0.39383,0,0,0.982787155942857,1,1139.5,,38643609.34970122,
2022-05-04,257494.0,500.5,,,,,1.0013019604056317,0.3822,0.9944605602,24488.8633,0.9988971989919914,0.9996169783479948,0,0.39083,0,0,0.9808923070714286,1,926.5,0.54020507285483,38643609.34970122,
2022-05-05,,,38641030.35769125,122.37507199380303,22.34075054,315759.0,0.998252431801138,0.3304,0.9784062152,24443.0389,0.998648608515002,0.9995465473473352,1,0.3864766666666667,0,0,0.9815378691857142,1,926.5,,38643286.975699976,0.9999416038803804
2022-05-06,1236143.0,1865.0,,,,,0.9982856974642292,0.3225,1.0140463081,24418.0866,0.9986698942864828,0.9995494604085418,1,0.3828233333333333,0,0,0.9850956758,0,939.6666666666666,1.9847463639588507,38643286.975699976,
2022-05-07,,,,,,,0.9982023155386238,0.3127,0.9843367688,24406.8478,0.9987182991334086,0.9995259749188368,1,0.3787266666666666,0,0,0.9829243895,1,939.6666666666666,,38670133.39246054,
2022-05-08,3458476.0,9060.5,,,,,0.997523428105113,0.2842,0.9835457788,24379.1031,0.9984501053984002,0.99947042322298,1,0.37426,0,0,0.9838500508142856,1,3808.6666666666665,2.378916506213898,38670133.39246054,
2022-05-09,,,32281111.722359955,115.4913821722936,19.78760376000001,279511.0,0.9901586452151624,0.2047,0.9255557291,24221.7106,0.9974240442292835,0.9991514481961792,1,0.36694,0,0,0.9802517403428572,1,3808.6666666666665,,37871505.68369797,0.8523852204866406
2022-05-10,,,,,,,0.9961225471607772,0.2201,0.9634392846,24169.9721,0.9971210036700964,0.9990285241666343,1,0.3603166666666667,0,0,0.9776843778285714,1,3808.6666666666665,,37871505.68369797,
2022-05-11,3586162.0,4944.5,,,,,0.9886747779912975,0.1659,0.9095520161,24019.1709,0.9953171204680488,0.9987586277365316,1,0.3531833333333333,0,0,0.9655545858142858,1,5290.0,0.93468809073724,38167270.24457971,
2022-05-12,,,,,,,0.9949711920506954,0.1746,0.953354235,23961.1403,0.9948483719322712,0.998516468151875,1,0.3460833333333333,0,0,0.9619757315,1,5290.0,,38167270.24457971,
2022-05-13,99511192.0,58479.0,29699309.99481429,110.0463539158674,31.539118490000007,269880.0,0.9966874186403843,0.1834,0.8883185111,23915.0679,0.9946200463860077,0.9983960918876862,1,0.33876,0,0,0.9440146176428572,1,24161.33333333333,2.4203548369295294,37108775.21335903,0.8003311837713967
2022-05-14,,,,,,,1.004421630520803,0.2029,0.9816475324,23954.7727,0.9955085199548904,0.998479686824864,0,0.3327133333333333,0,0,0.9436304410142858,1,24161.33333333333,,37108775.21335903,
2022-05-15,59693561.5,6687.5,,,,,0.9993544529785832,0.2316,0.9709239908,23961.3574,0.9957700949368148,0.998458023293529,1,0.32732,0,0,0.9418273284428572,1,23370.33333333333,0.2861533853460941,36683622.47405951,
2022-05-16,,,,,,,0.996836985436434,0.1992,0.9606973729,23934.3492,0.9967241435398534,0.9983659131748972,1,0.3208866666666666,0,0,0.9468475632714286,1,23370.33333333333,,36683622.47405951,
2022-05-17,,,28397876.911416225,101.9687065933307,18.911246129999995,278496.0,0.9970950370304762,0.2142,0.9647372405,23917.4519,0.9968630706640962,0.9982807711435664,1,0.3153266666666666,0,0,0.9470329855428572,1,23370.33333333333,,35647904.278729096,0.7966212176001909
2022-05-18,898735.0,2194.5,,,,,0.9928243575339256,0.1701,0.9688606912,23878.5543,0.9974558677416144,0.9980588471817772,1,0.3077366666666667,0,0,0.9555056534142856,1,22453.666666666668,0.0977345942013925,35647904.278729096,
2022-05-19,,,,,,,0.9932496862231164,0.2115,0.9831708474,23857.6874,0.9972099383376748,0.997807089865667,1,0.30121,0,0,0.9597651694714284,1,22453.666666666668,,36139040.08022181,
2022-05-20,866930.0,1201.5,,,,,0.9919484451252596,0.1849,0.9456408467,23821.8098,0.9965329421212282,0.9975131540123978,1,0.2938466666666667,0,0,0.967954074557143,1,3361.1666666666665,0.357465165865027,36139040.08022181,
2022-05-21,,,25484061.476900727,112.75534695901425,12.030804259999996,225225.0,0.9969193588854446,0.1905,1.006358569,23816.4115,0.9954611890304628,0.9972704554597008,1,0.28716,0,0,0.9714842226428572,0,3361.1666666666665,,34807167.754806675,0.7321498162797667
2022-05-22,4104642.5,5414.5,,,,,1.0008461945021008,0.2147,0.9833264484,23820.8863,0.995674294962394,0.997366434295498,0,0.28163,0,0,0.9732560023,1,2936.833333333333,1.843652460132796,34807167.754806675,
2022-05-23,,,,,,,0.9918125703350762,0.1823,0.9783875259,23785.5358,0.9949565213764856,0.9971081955346855,1,0.2751,0,0,0.9757831670142858,1,2936.833333333333,,33958796.16351887,
2022-05-24,,,,,,,0.9974574445038612,0.1977,1.0000631226,23782.8408,0.9950082938726836,0.9970358428500156,1,0.26912,0,0,0.9808297216,0,2936.833333333333,,33958796.16351887,
2022-05-25,4714208.0,4586.5,27361186.722105965,94.72717514110124,19.46775853999999,288842.0,0.9975308213347108,0.1963,0.9735793018,23771.3976,0.9956806458442242,0.996980152638274,1,0.2626,0,0,0.9815038088285714,1,3734.1666666666665,1.2282526221825485,33134094.983342253,0.8257713613684471
2022-05-26,,,,,,,0.9934960241999324,0.1903,0.9638826793,23749.0614,0.9957158369837694,0.9968258581557504,1,0.25712,0,0,0.978748356242857,1,3734.1666666666665,,33134094.983342253,
2022-05-27,1677227.5,2282.0,,,,,0.9897681108510408,0.1714,0.9516544809,23707.2845,0.9954043606588808,0.9964906655457376,1,0.2503833333333333,0,0,0.9796074468428572,1,4094.3333333333335,0.5573556948628186,31770032.584303714,
2022-05-28,,,,,,,0.9991855106167492,0.1838,0.9855205547,23707.4667,0.995728096620496,0.9964637637282936,1,0.2437833333333333,0,0,0.9766305876571428,1,4094.3333333333335,,31770032.584303714,
2022-05-29,964993.0,2290.5,27414129.73763885,131.88810557944976,9.96276556,207859.0,0.9997638003660636,0.1906,0.9902736136,23710.3223,0.9955734688867764,0.9965180005050338,1,0.238,0,0,0.9776230398285716,1,3053.0,0.7502456600065509,31225544.728470605,0.8779391993326344
2022-05-30,,,,,,,1.0020574727598253,0.2524,0.9727817256,23726.7995,0.9970370263760264,0.996657800210023,0,0.2347633333333333,0,0,0.9768222112142856,1,3053.0,,31225544.728470605,
2022-05-31,,,,,,,1.0025853886164842,0.2539,0.9952664113,23748.9821,0.9977695898206866,0.9967639536889,0,0.23116,0,0,0.976136966742857,1,3053.0,,29896958.131846752,
2022-06-01,245466.5,605.5,,,,,0.9934905959437448,0.2052,0.9934189118,23705.1595,0.9971924147648342,0.9966356044403925,1,0.2258433333333333,0,0,0.9789711967428572,1,1726.0,0.350811123986095,29896958.131846752,
2022-06-02,,,24078261.13086094,90.8953198774672,19.52585209,264901.0,0.9842839453057096,0.2245,1.0183545913,23655.7736,0.995876403494231,0.9961702749147464,1,0.2216233333333333,0,0,0.9867528984571428,0,1726.0,,29169621.006723527,0.8254567697438016
2022-06-03,1260041.0,3052.0,,,,,0.9930994680993116,0.2034,0.9844860394,23630.3661,0.9963523116725552,0.9958968585045356,1,0.2156633333333333,0,0,0.9914431211,1,1982.6666666666667,1.5393409549428378,29169621.006723527,
2022-06-04,,,,,,,0.9898503191952198,0.2076,0.9439784834,23607.9963,0.9950187128980512,0.9956167880843384,1,0.21157,0,0,0.9855085394857144,1,1982.6666666666667,,27816562.52801385,
2022-06-05,775583.0,1475.5,,,,,0.9970134617952384,0.211,0.9617051113,23602.4726,0.9946258073879334,0.9955743802287056,1,0.2078533333333333,0,0,0.9814273248714286,1,1711.0,0.8623611922852134,27816562.52801385,
2022-06-06,,,30106422.182860665,109.83376022991096,12.70170594,268921.0,0.9977356109975136,0.247,0.9347440137,23595.5791,0.994008398564746,0.9955588234106684,1,0.2056633333333333,0,0,0.9759933660285716,1,1711.0,,28102794.984869704,1.071296367463439
2022-06-07,,,,,,,0.9904909958560788,0.244,1.0125735304,23568.5109,0.9922806281704024,0.9953244090023674,1,0.2043233333333333,0,0,0.9784658116142856,0,1711.0,,28102794.984869704,
2022-06-08,872042.5,681.5,,,,,0.9954927223824444,0.2208,0.966846741,23553.0804,0.9925666462330736,0.99550221157461,1,0.20486,0,0,0.974669787214286,1,1736.3333333333333,0.3924937607986178,27505892.59379967,
2022-06-09,,,,,,,0.9886933264059588,0.2176,0.9912537363,23521.0796,0.9931965578188237,0.9952545708827828,1,0.2047766666666666,0,0,0.9707982365,1,1736.3333333333333,,27505892.59379967,
2022-06-10,4072282.5,8809.0,27700978.416366063,105.78706776383228,13.5712683,261856.0,0.994970479973384,0.1917,0.9906398803,23498.5042,0.9934638452294056,0.995464427615519,1,0.2056366666666666,0,0,0.9716773566285716,1,3655.3333333333335,2.409903337588911,27530278.321620464,1.0062004492926446
2022-06-11,,,,,,,0.9918268713044556,0.1724,0.9980288039,23472.6343,0.993746209816439,0.9953596169239776,1,0.2055633333333333,0,0,0.9793988309857145,1,3655.3333333333335,,27530278.321620464,
2022-06-12,421819.0,944.0,,,,,0.9934520064142393,0.1263,0.9826572678,23440.4616,0.9932374304762964,0.9952517698497728,1,0.20366,0,0,0.9823919962,1,3478.1666666666665,0.2714073506157458,27220416.654021345,
2022-06-13,,,,,,,0.9797408500334984,-0.0391,0.9220939478,23188.4451,0.99066675033858,0.9944290771668628,1,0.1955933333333333,1,0,0.9805848439285716,1,3478.1666666666665,,27220416.654021345,
2022-06-14,,,20795095.681292698,73.4209732737331,26.092143590000006,283231.0,0.988895379378636,-0.043,0.8903361643,23022.5603,0.9904388051275168,0.9940804413801978,1,0.18644,1,0,0.9631223630571428,1,3478.1666666666665,,26417251.532430265,0.7871786228693884
2022-06-15,610023.5,1617.5,,,,,0.9932955717551476,-0.0177,0.9195594168,22920.2535,0.9901249264664742,0.9939623942574884,1,0.17921,1,0,0.9563670310285712,1,3790.1666666666665,0.4267622356096918,26417251.532430265,
2022-06-16,,,,,,,0.9945906879412442,-0.1235,0.8775425088,22817.7613,0.9909674066858007,0.993878915954514,1,0.1679533333333333,1,0,0.9401225699571428,1,3790.1666666666665,,26134305.04971799,
2022-06-17,6091029.0,6243.0,,,,,0.9924448357601232,-0.1106,0.93932089,22727.4583,0.9906066003696206,0.9938662652287203,1,0.1585966666666666,1,0,0.9327912856285714,1,2934.833333333333,2.127207677891987,26134305.04971799,
2022-06-18,,,19163215.151645448,77.30531748616502,20.9364046,247890.0,0.991264861224624,-0.1908,0.9192291196,22641.9966,0.9905263132153588,0.9938001043954372,1,0.1451866666666666,1,0,0.9215341878714286,1,2934.833333333333,,25262918.81245892,0.7585511117660213
2022-06-19,2226821.0,3555.5,,,,,0.9983250907624616,-0.1048,0.9515191681,22640.3453,0.991222468122248,0.9940126592500108,1,0.13553,1,0,0.9170858879142856,1,3805.3333333333335,0.9343465311843028,25262918.81245892,
2022-06-20,,,,,,,0.995517049971616,-0.0996,0.8973096193,22620.7552,0.9934762109705504,0.9939659156195496,1,0.12586,1,0,0.9135452695571428,1,3805.3333333333335,,25231327.00325295,
2022-06-21,,,,,,,0.9926570678182856,-0.0915,0.9379475577,22580.6992,0.9940135950333574,0.9936929447300892,1,0.1156533333333333,1,0,0.9203468971857144,1,3805.3333333333335,,25231327.00325295,
2022-06-22,257827.0,692.0,16701527.504797904,65.37517812049032,16.955184179999996,255472.0,0.985824515555496,-0.1266,0.9366200971,22535.5327,0.99294630129055,0.9934933429041032,1,0.1053566666666666,1,0,0.9227841372285714,1,3496.833333333333,0.1978933320623421,24165102.06594607,0.6911424358655626
2022-06-23,,,,,,,0.996124838484816,-0.0679,0.9558174548,22530.1949,0.9931654656539174,0.9934489227034684,1,0.0965033333333333,1,0,0.9339662723714284,1,3496.833333333333,,24165102.06594607,
2022-06-24,7385346.5,9403.0,,,,,0.9947175583463012,-0.0568,0.9220815174,22508.6782,0.9934901403090856,0.9933551472705214,1,0.0880666666666666,1,0,0.931503504857143,1,4550.166666666667,2.066517709973993,23708518.54363751,
2022-06-25,,,,,,,1.0027467493244748,-0.0487,0.9849458805,22514.3178,0.995130410037636,0.9936635047746728,0,0.0801,1,0,0.9408916135571428,1,4550.166666666667,,23708518.54363751,
2022-06-26,,,18725062.505838733,90.56643131164292,12.73963608,206755.0,0.9971342448952508,-0.0684,0.9788545758,22508.1886,0.994960289199463,0.9939090425761464,1,0.0721066666666666,1,0,0.9447966718,1,5047.5,,23085586.53891266,0.811114869196678
2022-06-27,22382927.5,8784.5,,,,,0.9916004895763254,-0.0832,0.9635477025,22477.8971,0.9944007805715644,0.9936562085414656,1,0.0632066666666666,1,0,0.9542592551142856,1,6293.166666666667,1.395879128154877,23085586.53891266,
2022-06-28,,,,,,,0.9953558292762174,-0.1081,0.9759520998,22454.1357,0.9947863179226974,0.9935092761718042,1,0.05325,1,0,0.9596884754142856,1,6293.166666666667,,22467223.224808924,
2022-06-29,2360132.0,4805.0,,,,,0.9948174527667478,-0.117,0.9430829402,22430.1676,0.9960710232385904,0.9932679421720352,1,0.0409366666666666,1,0,0.9606117387142856,1,7664.166666666667,0.6269435685549636,22467223.224808924,
2022-06-30,,,20986948.239193022,77.38179305266719,16.563506569999994,271213.0,0.9832784868818586,-0.156,0.9057550265,22349.7744,0.9942358301524538,0.9926243787808808,1,0.0272733333333333,1,0,0.9534599632428572,1,7664.166666666667,,22282188.85160693,0.941871033360329
2022-07-01,4645903.5,8024.5,,,,,0.992976907426102,-0.1537,0.9241908823,22313.8438,0.9939871657352825,0.9926072558302926,1,0.01531,1,0,0.9537613010857144,1,7204.666666666667,1.113791986675303,22282188.85160693,
2022-07-02,,,,,,,0.996654801158038,-0.1597,0.9788451353,22302.3778,0.9931168874257914,0.993019617692037,1,0.0025033333333333,1,0,0.9528897660571428,1,7204.666666666667,,22025607.09742779,
2022-07-03,,,,,,,0.9954436424942764,-0.1562,0.9581963789,22287.3503,0.9928753727970808,0.993097756838536,1,-0.0094833333333333,1,0,0.9499385950714286,1,7204.666666666667,,22025607.09742779,
2022-07-04,119052.5,282.0,17710446.53341544,73.67533969846471,13.56007377999999,240385.0,0.9993797827802848,-0.102,0.96620316,22289.2597,0.9939867003976464,0.9934154056247048,1,-0.0198033333333333,1,0,0.9503179461428573,1,4370.5,0.0645235098958929,21486212.02692625,0.8242703046596085
2022-07-05,,,,,,,0.997486772526322,-0.1033,0.9383780697,22278.9142,0.994291120861947,0.993431182649074,1,-0.0302799999999999,1,0,0.9449502275571428,1,4370.5,,21486212.02692625,
2022-07-06,6400641.0,11219.5,,,,,0.987082341343426,-0.0816,0.8934520756,22237.7405,0.9931861049443296,0.9930760736606044,1,-0.0412333333333333,1,0,0.937860104042857,1,6508.666666666667,1.7237785516746902,20254753.43322133,
2022-07-07,,,,,,,0.9988502453737628,-0.0271,0.952340763,22237.4535,0.9954106418717448,0.993354715311194,1,-0.0502699999999999,1,0,0.9445152092571428,1,6508.666666666667,,20254753.43322133,
2022-07-08,2720359.0,3994.0,20610085.030495837,76.80843819944708,22.855290490000005,268331.0,0.9979675200625548,-0.019,0.9393703264,22227.7806,0.996123586534095,0.9934372085671976,1,-0.0582633333333333,1,0,0.9466837012714284,1,5165.166666666667,0.7732567519602465,20299169.882880643,1.0153166434592678
2022-07-09,,,,,,,0.988369293653296,-0.0282,0.8883959681,22194.0057,0.9949399426048462,0.9934264074754424,1,-0.0664566666666666,1,0,0.9337623916714286,1,5165.166666666667,,20299169.882880643,
2022-07-10,,,,,,,0.9970138937854096,-0.065,1.0066532563,22185.9987,0.9951642642178652,0.9934945212691764,1,-0.0750133333333333,1,0,0.9406848027285714,0,5165.166666666667,,19241768.6638113,
2022-07-11,351635.0,631.5,,,,,0.9863165723073722,-0.1071,0.956897673,22110.3474,0.9932980912931634,0.9933108446359404,1,-0.0843299999999999,1,0,0.939355447442857,1,5281.666666666667,0.1195645313979173,19241768.6638113,
2022-07-12,,,19253095.526382398,68.86188893158695,17.361912600000007,275378.0,0.996412434713397,-0.1423,0.9865398636,22090.1736,0.9931446144627456,0.9934095255792456,1,-0.0932833333333333,1,0,0.9462357037142856,1,5281.666666666667,,19243184.521632686,1.0005150397398397
2022-07-13,1511892.5,2432.0,,,,,0.9986193673413696,-0.0959,0.9715375988,22088.6934,0.9947927610338804,0.994038809489508,1,-0.0951766666666666,1,0,0.9573907784571428,1,2352.5,1.0337938363443149,19243184.521632686,
2022-07-14,,,,,,,0.9937400672601804,-0.0738,0.9483474302,22069.8128,0.9940627355890828,0.9942002990855594,1,-0.0962033333333333,1,0,0.9568203023428572,1,2352.5,,19021482.92739554,
2022-07-15,614874.0,739.5,,,,,0.9801252922534004,-0.0555,0.8831361481,21988.198,0.9915138459020608,0.9937612897688344,1,-0.0974633333333333,1,0,0.9487868483,1,1267.6666666666667,0.5833552458585327,19021482.92739554,
2022-07-16,,,19644545.69899658,86.67807560513498,18.277772789999997,226638.0,1.000052293119016,-0.0374,0.9905739129,21989.3813,0.9931828458257348,0.9939433432747602,0,-0.0945933333333333,1,0,0.9633836975571428,1,1267.6666666666667,,19099365.77384567,1.0285443994112868
2022-07-17,,,,,,,0.9980999196416716,-0.0378,0.9817676241,21984.5319,0.9933379923766296,0.9941318460708118,1,-0.0921666666666666,1,0,0.959828607242857,1,1267.6666666666667,,19099365.77384567,
2022-07-18,2239625.0,3418.5,,,,,1.0005988197154128,0.0112,0.9898493736,21989.4886,0.9953783134349212,0.9944429780205049,0,-0.0854333333333333,0,0,0.9645359930428572,1,2196.6666666666665,1.5562215477996966,19090244.434159987,
2022-07-19,,,,,,,0.9922623843741042,0.0602,0.9580745532,21965.0864,0.9947854491007364,0.9942408878075596,1,-0.0799333333333333,0,0,0.9604695201285712,1,2196.6666666666665,,19090244.434159987,
2022-07-20,4314074.5,3261.0,19141473.222768992,73.56587644946671,25.64368542000001,260195.0,1.004063713856734,0.0562,1.0073323842,21972.5621,0.9955632128886456,0.99452577660373,0,-0.07474,0,0,0.9655830609,0,2473.0,1.3186413263243024,19096648.03273611,1.0023472805256737
2022-07-21,,,,,,,0.9909015821126352,0.0526,0.984986237,21933.5189,0.9951577150104248,0.9944672604135418,1,-0.0699366666666666,0,0,0.9708171761571428,1,2473.0,,19096648.03273611,
2022-07-22,6451952.5,10873.0,,,,,0.9916630705093444,0.0359,1.0226419334,21891.6621,0.9968059690469884,0.9946618789120034,1,-0.06452,0,0,0.9907465740571428,0,5850.833333333333,1.8583677538812136,19438808.10815585,
2022-07-23,,,,,,,0.994669030186598,0.027,1.0087138714,21876.9796,0.9960369314852144,0.9946133519687294,1,-0.0613566666666666,0,0,0.9933379967,0,5850.833333333333,,19438808.10815585,
2022-07-24,,,22447659.673061103,112.28377329348938,10.6778997,199919.0,0.9978530537320908,0.0345,0.9901367823,21872.6539,0.9960016649267028,0.9947178684815892,1,-0.0583133333333333,0,0,0.9945335907285714,1,5850.833333333333,,19814914.55376901,1.1328668419007295
2022-07-25,624936.5,919.5,,,,,0.993716467696058,-0.0155,0.9739563333,21843.3656,0.9950184717810808,0.9944168590939751,1,-0.0572066666666666,1,0,0.9922631564,1,5017.833333333333,0.1832464210980835,19814914.55376901,
2022-07-26,,,,,,,0.9961715221659488,-0.0304,0.9731913217,21825.6481,0.9955769200370584,0.9943847683363318,1,-0.0559399999999999,1,0,0.9944226947571428,1,5017.833333333333,,19970607.703473337,
2022-07-27,724796.5,1812.5,,,,,1.0014143955047938,0.0463,0.9731975039,21838.5699,0.9951984459867812,0.9947118985339476,0,-0.0516233333333333,0,0,0.9895462832857144,1,4535.0,0.3996692392502756,19970607.703473337,
2022-07-28,,,21195787.991195064,72.22348749022937,16.141326599999996,287254.0,1.0031613840951388,0.0834,0.9700756704,21850.6973,0.9969498462699962,0.9949720836945782,0,-0.0452399999999999,0,0,0.9874162023428572,1,4535.0,,20123755.23943856,1.0532720031127956
2022-07-29,8668646.0,16876.0,,,,,1.0001058839934671,0.0877,0.9990821454,21850.4416,0.9981559624820135,0.9951483647354687,0,-0.0384166666666666,0,0,0.9840505183428572,1,6536.0,2.5820073439412483,20123755.23943856,
2022-07-30,,,,,,,1.001024967910275,0.0751,1.0111787763,21849.3376,0.999063953585396,0.9957399141030828,0,-0.0307133333333333,0,0,0.9844026476142858,0,6536.0,,20000441.953759342,
2022-07-31,,,,,,,0.9967495036007824,0.0648,1.0112532585,21842.3259,0.9989063035666376,0.9958656673089054,1,-0.0234299999999999,0,0,0.9874192870714288,0,6536.0,,20000441.953759342,
2022-08-01,4709931.0,6158.0,20057094.21660737,80.35372868317523,14.450534099999995,249610.0,1.0000122553668729,0.0637,1.023461419,21844.2467,0.9998057018053256,0.9959775824492,0,-0.0159833333333333,0,0,0.9944914421714286,0,8282.166666666666,0.7435252450043266,20007523.48661535,1.0024776044883907
2022-08-02,,,,,,,0.9977304351738449,0.052,0.9942455292,21834.3121,1.0000284036635965,0.996053808871852,1,-0.0090433333333333,0,0,0.9974991861,1,8282.166666666666,,20007523.48661535,
2022-08-03,3176668.5,3971.5,,,,,0.9994435695940476,0.0641,0.9973135705,21827.9985,0.9997468571049184,0.9960559350989776,1,-0.0035066666666666,0,0,1.0009443384714285,1,9001.833333333334,0.4411879061672621,20335677.33707248,
2022-08-04,,,,,,,0.9958252797876628,0.0362,0.9849744096,21809.6501,0.9986988422038504,0.9960005520076888,1,0.0011433333333333,0,0,1.0030727297857145,1,9001.833333333334,,20335677.33707248,
2022-08-05,8161254.0,10332.0,22040552.556791432,82.09903248042163,19.59420281,268463.0,1.0000429583718975,0.0618,0.9994481818,21811.5986,0.9986898528293404,0.9964325725753048,0,0.0059233333333333,0,0,1.0031250207,1,6820.5,1.5148449527160766,20548786.739537347,1.0725962966165696
2022-08-06,,,,,,,0.999785934840327,0.0516,0.9938122368,21810.4885,0.998512848105062,0.99646376222419,1,0.0085466666666666,0,0,1.0006440864857142,1,6820.5,,20548786.739537347,
2022-08-07,,,,,,,0.9998419450907062,0.058,1.0058360633,21810.4447,0.9989546254607656,0.9965262430584618,1,0.0111133333333333,0,0,0.9998702014571428,0,6820.5,,20540029.84082899,
2022-08-08,321330.5,722.5,,,,,1.0006122792390009,0.0836,0.9951486247,21814.0179,0.9990403431567838,0.9969343425779852,0,0.01484,0,0,0.9958255165571428,1,5008.666666666667,0.1442499667243444,20540029.84082899,
2022-08-09,,,21500771.45078992,83.91101634367908,22.94095828,256233.0,0.9939626375722882,0.0604,1.0069322344,21785.0213,0.9985020863565612,0.9968326340375478,1,0.01902,0,0,0.9976379030142858,0,5008.666666666667,,20660122.542074107,1.0406894444601595
2022-08-10,514946.5,1512.5,,,,,1.0021754589410343,0.0887,1.0166660919,21800.7577,0.998892356263274,0.9973612635920034,0,0.0255466666666666,0,0,1.0004025489285715,0,4189.0,0.361064693244211,20660122.542074107,
2022-08-11,,,,,,,0.9998884263960508,0.0893,0.9857644365,21796.1675,0.9994728057787576,0.9974771299814252,1,0.0332666666666666,0,0,1.0005154099142857,1,4189.0,,20861126.40145864,
2022-08-12,2410001.5,2454.5,,,,,1.0007400476957342,0.1063,1.0345358297,21803.571,0.9995723899678772,0.9975478193265706,0,0.0400066666666666,0,0,1.005527931042857,0,1563.1666666666667,1.5702100437146818,20861126.40145864,
2022-08-13,,,21597981.286947653,92.57282770821254,11.569899080000006,233308.0,1.000441759574984,0.1074,0.9924508838,21803.2287,0.9996660792156856,0.9977712090703974,0,0.0460466666666666,0,0,1.0053334520428572,1,1563.1666666666667,,20953233.262144763,1.0307708131120616
2022-08-14,,,,,,,0.998649152427467,0.1034,1.00835672,21800.8554,0.999495680263794,0.9983886710761996,1,0.0513433333333333,0,0,1.005693545857143,0,1563.1666666666667,,20953233.262144763,
2022-08-15,2209877.0,3012.0,,,,,0.9984058628906618,0.0951,1.0100665142,21792.9638,0.9991804779283172,0.9983337900685878,1,0.05576,0,0,1.0078246729285714,0,2326.333333333333,1.2947413669580168,21140188.62830879,
2022-08-16,,,,,,,0.9996198072054148,0.087,1.0149400834,21791.3149,0.9999886450187638,0.9983844529873792,1,0.05992,0,0,1.008968651357143,0,2326.333333333333,,21140188.62830879,
2022-08-17,6091222.0,8193.0,19823143.47206977,77.37159200205213,15.181718970000006,256127.0,0.9974413108367336,0.0668,1.008160558,21777.6015,0.9993123381467208,0.9982792026914232,1,0.0617733333333333,0,0,1.0077535750857145,0,4553.166666666667,1.7994070061129614,20975557.983778916,0.9450591725569188
2022-08-18,,,,,,,0.9985968487052534,0.0623,1.002794449,21773.6507,0.9991278270480356,0.9984903515024616,1,0.0618433333333333,0,0,1.0101864340142857,0,4553.166666666667,,20975557.983778916,
2022-08-19,3156955.5,5594.0,,,,,0.9923596009384928,-0.0393,1.0006225165,21727.557,0.9979306203684296,0.998100214405187,1,0.05866,1,0,1.0053416749857145,0,5599.666666666667,0.9989880350020834,21237570.09249461,
2022-08-20,,,,,,,0.998641075484976,-0.0272,1.0059492425,21722.6006,0.9976733797841428,0.9983581975175982,1,0.056,1,0,1.0072700119428573,0,5599.666666666667,,21237570.09249461,
2022-08-21,,,19658711.446938902,95.69309731515516,7.922607870000005,205435.0,0.999176351525891,-0.0078,0.9787803451,21722.0425,0.9977486939410604,0.9986086402181498,1,0.0545433333333333,1,0,1.0030448155285714,1,5599.666666666667,,21040212.76180015,0.9343399550897388
2022-08-22,977696.0,2344.0,,,,,0.9975088883681698,-0.0191,0.9726015634,21708.6557,0.9976205547235616,0.9987033021575356,1,0.0530066666666666,1,0,0.9976926797,1,5377.0,0.4359308164403943,21040212.76180015,
2022-08-23,,,,,,,0.998710151422896,-0.0078,0.9707759378,21701.7588,0.9974906038974874,0.9987318720805624,1,0.0515966666666666,1,0,0.9913835160428572,1,5377.0,,20839148.9173343,
2022-08-24,417462.5,1059.5,,,,,0.9980566678930268,-0.0125,0.9792856876,21693.1586,0.9975785120483864,0.9988765454204612,1,0.0516966666666666,1,0,0.987258534557143,1,2999.1666666666665,0.3532647957766046,20839148.9173343,
2022-08-25,,,21711435.8619223,83.35804293143785,10.89698816,260460.0,0.9974626410808836,-0.0045,0.9675702999,21684.4811,0.9974164823877624,0.9989195827176258,1,0.05256,1,0,0.9822265132571428,1,2999.1666666666665,,20948184.785407804,1.0364351892220354
2022-08-26,249414.5,713.5,,,,,0.9955053544786532,-0.0701,0.9782669518,21664.6816,0.9978658757506425,0.9987226146834212,1,0.04868,1,0,0.9790328611571428,1,1372.3333333333333,0.519917415593879,20948184.785407804,
2022-08-27,,,,,,,0.9951040411366338,-0.0802,0.9840979712,21651.4683,0.9973605851294506,0.9984540365848044,1,0.0432266666666666,1,0,0.9759112509714286,1,1372.3333333333333,,20912812.898866765,
2022-08-28,,,,,,,0.999131502313539,-0.1004,0.983901054,21648.9666,0.9973541780991144,0.9984215571954734,1,0.0369566666666666,1,0,0.9766427808142858,1,1372.3333333333333,,20912812.898866765,
2022-08-29,271717.5,678.5,19815545.48503768,78.55985682017833,11.008257659999996,252235.0,0.9995150140656196,-0.068,0.9729994822,21650.0692,0.9976407674844646,0.9983712254006516,1,0.0321866666666666,1,0,0.9766996263571428,1,817.1666666666666,0.8303079747093617,20775654.472138125,0.9537868234963172
2022-08-30,,,,,,,0.9925833539609912,-0.0906,0.9567893374,21621.911,0.9967655107041924,0.9982323537459918,1,0.0270066666666666,1,0,0.9747015405857145,1,817.1666666666666,,20775654.472138125,
2022-08-31,1624953.0,4985.5,,,,,0.9979008221661398,-0.0793,0.9748163969,21612.3073,0.9967432470289228,0.9981619726393008,1,0.02224,1,0,0.9740630704857144,1,2125.833333333333,2.3451979615836924,20878305.93721395,
2022-09-01,,,,,,,0.9965422611395932,-0.0743,0.9673941348,21599.7529,0.9966117641801672,0.998122366838159,1,0.01803,1,0,0.9740379040428572,1,2125.833333333333,,20878305.93721395,
2022-09-02,,,16573004.97125154,61.24811510950796,18.27700629,270588.0,0.9962272770738718,-0.0818,0.9620612538,21581.5781,0.9967148959794842,0.9980151570874864,1,0.0131666666666666,1,0,0.9717228043285716,1,2832.0,,20340143.31646865,0.8147929300887965
2022-09-03,14207891.0,11186.5,,,,,0.9980494379858176,-0.0896,0.9926735701,21577.9432,0.9971356669579388,0.9980892956940915,1,0.0089733333333333,1,0,0.9729478898857142,1,5616.833333333333,1.991602623067565,20340143.31646865,
2022-09-04,,,,,,,1.0008020130891218,-0.0811,0.9859832144,21580.5267,0.9973743113544508,0.998114597517999,0,0.00421,1,0,0.9732453413714286,1,5616.833333333333,,20097227.710708253,
2022-09-05,1362486.5,2118.0,,,,,0.9985252445295169,-0.0897,0.9812963344,21573.6965,0.997232915706436,0.9980725745076388,1,-0.0004999999999999,1,0,0.9744306059714284,1,6096.666666666667,0.3474029524330235,20097227.710708253,
2022-09-06,,,17711313.57191243,66.05618115398575,15.29135514,268125.0,0.996009008874872,-0.143,0.9577433545,21541.9403,0.9977222949798475,0.9979448099671108,1,-0.0071999999999999,1,0,0.9745668941285714,1,6096.666666666667,,19798988.44335877,0.8945564882055064
2022-09-07,2933746.0,3501.0,,,,,0.9975778257567328,-0.1161,0.9829029875,21532.9726,0.9976761526356466,0.997843661517702,1,-0.0138566666666666,1,0,0.9757221213571428,1,5601.833333333333,0.6249739668560889,19798988.44335877,
2022-09-08,,,,,,,0.99771419935961,-0.114,0.965425517,21521.0168,0.9978435723813632,0.9979687135772796,1,-0.0196699999999999,1,0,0.9754408902428572,1,5601.833333333333,,19555876.585154325,
2022-09-09,,,,,,,1.0025089435363488,-0.0081,0.9697232575,21535.6879,0.9987409533045742,0.9979798297304564,0,-0.0228966666666666,1,0,0.9765354622,1,5601.833333333333,,19555876.585154325,
2022-09-10,213438.5,425.0,21254611.329074144,87.85220607546684,12.414737120000003,241936.0,1.0005292285792693,0.0082,0.9824946197,21537.3376,0.9990952091036388,0.9980011898032304,0,-0.0255999999999999,0,0,0.9750813264285716,1,2014.6666666666667,0.2109530112508272,19768218.428144302,1.07519103991757
2022-09-11,,,,,,,0.9981079142295642,0.0092,0.9840658999,21533.4188,0.9987103378379876,0.9979134520210248,1,-0.0288366666666666,0,0,0.9748074243571428,1,2014.6666666666667,,19768218.428144302,
2022-09-12,1363078.0,2951.5,,,,,1.0009534282225834,0.037,1.0021140168,21536.7241,0.9990572212227116,0.9979305076426114,0,-0.0311833333333333,0,0,0.9777813789857144,0,2292.5,1.2874591057797165,19506823.73402954,
2022-09-13,,,,,,,0.9833049190454096,-0.0645,0.9602427897,21466.5516,0.997242351247074,0.9974190331965428,1,-0.0367799999999999,1,0,0.978138441157143,1,2292.5,,19506823.73402954,
2022-09-14,2428234.5,4601.0,16390122.367911557,60.634763799620266,17.119207890000002,270309.0,0.9948167023997329,-0.0592,1.0185885534,21444.3714,0.9968479050532169,0.997299394513512,1,-0.0419233333333333,1,0,0.9832363791428572,0,2659.1666666666665,1.7302413036665625,19117236.06326479,0.8573479091680208
2022-09-15,,,,,,,0.993697600413208,-0.0872,0.9690935726,21414.43,0.9962741052037308,0.9971019876204384,1,-0.0477299999999999,1,0,0.9837603870857142,1,2659.1666666666665,,19117236.06326479,
2022-09-16,,,,,,,0.9972702451318703,-0.0844,0.989737024,21407.6887,0.9955257197173768,0.9970962854302764,1,-0.0527699999999999,1,0,0.9866194965857142,1,2659.1666666666665,,19016392.147721224,
2022-09-17,8916984.5,10260.0,,,,,0.9980518593455028,-0.0638,0.9715402473,21405.0245,0.9951718098268388,0.9970781191182846,1,-0.0569733333333333,1,0,0.985054586242857,1,5937.5,1.728,19016392.147721224,
2022-09-18,,,19614731.42557514,92.1705915895246,12.176171550000005,212396.0,0.9969257324298584,-0.1014,0.9902020976,21396.5807,0.995002926712595,0.99723032350133,1,-0.0590433333333333,1,0,0.9859311859142856,1,5937.5,,19091184.55745296,1.0274234878693158
2022-09-19,1091754.0,2869.0,,,,,0.9957121254627348,-0.0933,0.9789052798,21382.2201,0.994254169175474,0.997132691833922,1,-0.0612466666666666,1,0,0.9826156520571429,1,5910.0,0.4854483925549915,19091184.55745296,
2022-09-20,,,,,,,0.996286867740204,-0.132,0.9547920435,21364.4152,0.9961087332747302,0.9970363757077324,1,-0.0653866666666666,1,0,0.9818369740285714,1,5910.0,,19010109.2875264,
2022-09-21,8047684.5,5213.0,,,,,0.9967713401949988,-0.1534,0.9816953594,21345.9532,0.9963879672454824,0.9970117907686268,1,-0.0698633333333333,1,0,0.9765665177428572,1,6114.0,0.8526333006215243,19010109.2875264,
2022-09-22,,,15405709.406264087,62.67732087139673,12.921849560000002,245794.0,0.9985502157502668,-0.0995,0.9825403977,21346.1391,0.9970811980079194,0.9970064595795392,1,-0.07292,1,0,0.9784874927571428,1,6114.0,,18559559.30236861,0.8300687077358554
2022-09-23,,,,,,,0.997262788958198,-0.1042,0.9779637916,21340.6675,0.997080132840252,0.9969799969483782,1,-0.0759766666666666,1,0,0.9768056024142858,1,6114.0,,18559559.30236861,
2022-09-24,1463935.0,2469.0,,,,,0.9981484290882487,-0.1274,0.9888221249,21336.3032,0.997093928517787,0.9970028565486238,1,-0.0800733333333333,1,0,0.9792744420714286,1,3517.0,0.7020187659937447,18109291.222432368,
2022-09-25,,,,,,,0.9971368598100572,-0.135,0.9858052814,21330.2386,0.9971240895721012,0.9970572400596704,1,-0.0822366666666666,1,0,0.9786463254714286,1,3517.0,,18109291.222432368,
2022-09-26,914337.0,2412.0,18586164.0791014,71.33735862616115,14.465445650000005,259311.0,0.998664646749978,-0.1107,0.9868123485,21326.9478,0.9975458783274216,0.9971759269134488,1,-0.0832533333333333,1,0,0.9797759067142856,1,3364.6666666666665,0.7168615018823064,18168900.329516,1.0229658230282404
2022-09-27,,,,,,,0.9965754163945124,-0.1154,0.9549740778,21311.125,0.9975870995637514,0.9970907240494812,1,-0.0837533333333333,1,0,0.9798019116142856,1,3364.6666666666665,,18168900.329516,
2022-09-28,3297705.0,7341.5,,,,,0.9944440133403945,-0.0947,1.0040771453,21297.43,0.997254624298808,0.9969216906919736,1,-0.0846433333333333,1,0,0.9829993096,0,4074.1666666666665,1.8019635917365515,17933665.30729861,
2022-09-29,,,,,,,0.9968059891454012,-0.0895,0.9680102159,21289.3476,0.9970054490695414,0.9970624451981206,1,-0.0846066666666666,1,0,0.9809235693428572,1,4074.1666666666665,,17933665.30729861,
2022-09-30,,,20961626.892611515,73.12059389340959,16.583648199999992,286672.0,0.994885699161368,-0.0946,0.9784491146,21274.0947,0.9966658648128516,0.9969619410979615,1,-0.0851166666666666,1,0,0.9809929012,1,4074.1666666666665,,18312160.505462725,1.1446834406217892
2022-10-01,2061809.0,2532.0,,,,,0.9975488941364664,-0.1014,0.9963965808,21270.6158,0.9965802169625968,0.9969954955311906,1,-0.08602,1,0,0.9820749663285714,1,4095.1666666666665,0.6182898538928004,18312160.505462725,
2022-10-02,,,,,,,0.9965940554548524,-0.1183,0.9900828635,21265.381,0.996502673483282,0.9970077214772232,1,-0.0872366666666666,1,0,0.9826860494857144,1,4095.1666666666665,,18560611.296064325,
2022-10-03,3522574.5,7091.0,,,,,0.9981163044333816,-0.0831,0.9845015721,21264.2263,0.9964243388666252,0.9970099503588088,1,-0.08702,1,0,0.9823559385714286,1,5654.833333333333,1.2539715287806892,18560611.296064325,
2022-10-04,,,20497223.57467133,73.53422342605161,10.25446529,278744.0,0.9989521502752282,-0.0454,0.983378045,21263.4759,0.996763872278156,0.9969482882650124,1,-0.08583,1,0,0.9864136481714284,1,5654.833333333333,,18802687.8308902,1.0901219952711891
2022-10-05,669611.0,1188.5,,,,,0.9973894321217016,-0.0547,0.9912144603,21256.9905,0.9971846463897712,0.9969104278514184,1,-0.0846633333333333,1,0,0.9845761217428572,1,3603.8333333333335,0.3297877260324654,18802687.8308902,
2022-10-06,,,,,,,0.99709925729631,-0.0651,0.998852064,21249.6084,0.9972265418399012,0.9969467694654666,1,-0.0820666666666666,1,0,0.9889821000428572,1,3603.8333333333335,,18958598.439315595,
2022-10-07,,,,,,,0.9950903602248464,-0.087,1.007801281,21238.5867,0.9972557791346838,0.9968638539477368,1,-0.0810966666666666,1,0,0.9931752666714286,0,3603.8333333333335,,18958598.439315595,
2022-10-08,1619661.0,3128.5,21693311.538908795,91.78702035553596,6.680587199999998,235498.0,0.9936815506255152,-0.0934,0.9964998535,21229.2422,0.9967033014902622,0.996729432323267,1,-0.08041,1,0,0.9931900199142858,1,3802.6666666666665,0.8227121318373072,19300437.576764748,1.1239802959195475
2022-10-09,,,,,,,0.9986956069665665,-0.0926,0.99529007,21227.0929,0.9970035231347928,0.9966023211042744,1,-0.0832266666666666,1,0,0.993933906557143,1,3802.6666666666665,,19300437.576764748,
2022-10-10,1106377.5,1293.0,,,,,0.995920512035644,-0.1077,0.9823013338,21217.2852,0.9966898385065448,0.9964486972194868,1,-0.0870899999999999,1,0,0.9936195868,1,1870.0,0.6914438502673796,19021269.897863407,
2022-10-11,,,,,,,0.9968127706939036,-0.114,0.9874818307,21209.0115,0.9963842128520696,0.996405525768298,1,-0.0911966666666666,1,0,0.9942058419,1,1870.0,,19021269.897863407,
2022-10-12,2739712.5,5401.0,16543247.306288254,63.33652623427714,9.430387910000002,261196.0,0.990238414144864,-0.106,0.9050998094,21186.6548,0.9953626388553786,0.9960483586323742,1,-0.0959633333333333,1,0,0.9819037489142858,1,3274.1666666666665,1.6495800458131842,18711517.07391651,0.884121113266076
2022-10-13,,,,,,,0.9972978439558312,-0.0925,0.9743746624,21181.9538,0.9953910083781672,0.9965147894627217,1,-0.0968966666666666,1,0,0.9784069772571428,1,3274.1666666666665,,18711517.07391651,
2022-10-14,,,,,,,0.99771272096693,-0.1041,0.9763809802,21174.4938,0.995765631341322,0.9966113234149616,1,-0.0983933333333333,1,0,0.9739183628571428,1,3274.1666666666665,,19043144.88906008,
2022-10-15,941379.5,1011.5,,,,,0.9966703988287392,-0.1102,1.0059160404,21171.6074,0.9961926096560684,0.9967104166954792,1,-0.0991599999999999,1,0,0.975263532414286,0,2568.5,0.3938096165076893,19043144.88906008,
2022-10-16,,,17640377.301598247,81.84992321675497,8.21248342,212919.0,0.996060124802184,-0.099,0.9916967322,21168.8305,0.9958161122040136,0.9966700793511564,1,-0.0996466666666666,1,0,0.9747501984428572,1,2568.5,,18867798.940627348,0.934946220123952
2022-10-17,6367367.0,11359.5,,,,,0.9875528083057268,-0.0815,0.9879814465,21150.0857,0.9946207259568826,0.9963201109831636,1,-0.1002366666666666,1,0,0.9755616431142858,1,5924.0,1.9175388251181635,18867798.940627348,
2022-10-18,,,,,,,1.005618564702475,-0.0941,0.9876854231,21161.6076,0.9958786965295356,0.9966098720589176,0,-0.0999933333333333,1,0,0.9755907277428572,1,5924.0,,18761094.29992052,
2022-10-19,7177818.5,7390.0,,,,,0.9949528540933744,-0.1054,0.9877879965,21149.5998,0.9965521879507514,0.9965845630132724,1,-0.1003966666666666,1,0,0.9874033259,1,6587.0,1.1219067860938212,18761094.29992052,
2022-10-20,,,17832142.511155218,67.44737811818787,12.782906639999997,263986.0,0.9962303037325344,-0.1108,0.9896529776,21142.4979,0.9963996822045662,0.99658267754635,1,-0.09969,1,0,0.9895859423571428,1,6587.0,,18644975.326324858,0.956404725619454
2022-10-21,,,,,,,0.9969060828563256,-0.1024,0.9938499592,21137.6472,0.9962844481887656,0.9965871689683944,1,-0.09799,1,0,0.9920815107857144,1,6587.0,,18644975.326324858,
2022-10-22,3154839.0,4879.0,,,,,0.9885433136855952,-0.0997,0.9917754757,21123.1132,0.9951234360254594,0.9962536055662384,1,-0.0979966666666666,1,0,0.9900614301142856,1,7876.166666666667,0.619463783143238,19107727.600619253,
2022-10-23,,,,,,,0.9994121588465964,-0.0796,0.9872921544,21122.9869,0.995602298031804,0.996325251229185,1,-0.0971766666666666,1,0,0.9894322047142856,1,7876.166666666667,,19107727.600619253,
2022-10-24,6878016.0,14176.0,16704131.75423753,63.15696011977016,11.95198458,264486.0,0.9988281900524544,-0.092,0.9901009197,21120.0931,0.9972130668527652,0.996347909927992,1,-0.0959966666666666,1,0,0.9897349866,1,8815.0,1.6081678956324448,18807278.119821537,0.8881738041951196
2022-10-25,,,,,,,1.001994204643677,-0.0513,0.9980942936,21126.0094,0.9966953011300796,0.996509821422446,0,-0.0932066666666666,1,0,0.9912219681,1,8815.0,,18807278.119821537,
2022-10-26,1106221.0,2947.0,,,,,1.003182169294626,-0.0163,1.0015754557,21136.494,0.9978709175874012,0.9966604055072676,0,-0.09006,1,0,0.9931916051285716,0,7334.0,0.4018271066266703,18838865.839924414,
2022-10-27,,,,,,,1.0004781235391875,-0.0421,1.0069289124,21133.4484,0.9984777489883516,0.9967904957454234,0,-0.0876166666666666,1,0,0.9956595958142858,0,7334.0,,18838865.839924414,
2022-10-28,,,20657842.562491424,72.98688346844533,18.72427351,283035.0,0.9983828800728564,-0.0256,1.0100452252,21132.8499,0.9986887200192848,0.9969217913031722,1,-0.0853133333333333,1,0,0.9979732052428572,0,7334.0,,19066237.930245288,1.0834776445184988
2022-10-29,871657.0,792.0,,,,,1.0001517993372873,-0.0158,0.9954668258,21132.8421,1.0003470751123835,0.9970333183095684,0,-0.0828566666666666,1,0,0.9985005409714286,1,5971.666666666667,0.1326262908177505,19066237.930245288,
2022-10-30,,,,,,,0.9962699143744258,-0.0248,1.0049044671,21127.306,0.9998981830449306,0.99707945881667,1,-0.0805299999999999,1,0,1.0010165856428572,0,5971.666666666667,,18795468.078478683,
2022-10-31,2065161.5,4659.5,,,,,0.9977186247623988,-0.0308,1.012660909,21122.4893,0.99973967371778,0.9970851165042014,1,-0.0781766666666666,1,0,1.004239441257143,0,2799.5,1.6644043579210572,18795468.078478683,
2022-11-01,,,19035680.24022811,67.94404851473624,14.951825980000002,276192.0,0.9973024627661105,-0.0309,1.0053971129,21116.4095,0.9990694248781274,0.9971087300812432,1,-0.0752633333333333,1,0,1.0052827011571428,0,2799.5,,18825494.598697364,1.0111649465796924
2022-11-02,13702025.0,21274.0,,,,,0.9980719499775684,-0.0477,0.9916980436,21108.9314,0.9983393935471192,0.9971072515993828,1,-0.0740833333333333,1,0,1.0038716422857143,1,8908.5,2.38805635067632,18825494.598697364,
2022-11-03,,,,,,,0.999142328532394,-0.0449,1.0011440838,21105.9626,0.9981485656890058,0.9971135908746216,1,-0.0740666666666666,1,0,1.0030452382,0,8908.5,,18586676.173558228,
2022-11-04,,,,,,,1.0062319018896138,0.001,0.9936550878,21136.4927,0.9992698545199712,0.9974083398668854,0,-0.0722099999999999,0,0,1.00070379,1,8908.5,,18586676.173558228,
2022-11-05,1120519.5,668.0,20477935.245340105,79.61934091765917,16.01921818999999,257198.0,0.9984492925474444,0.0071,0.9899376588,21133.1874,0.9990266392642794,0.9974533410419232,1,-0.0698033333333333,0,0,0.999913909,1,8867.166666666666,0.0753340977012574,18823083.55753096,1.0879160782956334
2022-11-06,,,,,,,0.9991294302947576,-0.0087,0.9831496286,21128.3104,0.9994351415386126,0.9975879767109204,1,-0.0671933333333333,1,0,0.9968060749285714,1,8867.166666666666,,18823083.55753096,
2022-11-07,1878328.5,4211.0,,,,,0.9871408552464054,-0.0245,1.0152326454,21072.4338,0.9979240316077564,0.9973699535316166,1,-0.0648966666666666,1,0,0.9971734658428572,0,8717.666666666666,0.4830420984208313,18413050.9887627,
2022-11-08,,,,,,,0.9839289108172646,-0.1354,1.0131233908,21028.7585,0.9960135241864928,0.9968777303266398,1,-0.0663233333333333,1,0,0.9982772198285714,0,8717.666666666666,,18413050.9887627,
2022-11-09,8327393.0,12859.5,16756916.904897427,57.3346685538721,24.96378276,292265.0,0.9698108355742604,-0.3263,0.9923193466,20900.7355,0.9919762221288771,0.9960074077779272,1,-0.07361,1,0,0.9983659774,1,5912.833333333333,2.1748456746624574,18206034.22827954,0.920404558993348
2022-11-10,,,,,,,0.9899304889033804,-0.1906,0.9669979101,20885.2039,0.9906602450390182,0.9957779983849095,1,-0.0761633333333333,1,0,0.9934879525857142,1,5912.833333333333,,18206034.22827954,
2022-11-11,,,,,,,0.9907758174238884,-0.2325,0.9221661208,20850.5038,0.988452232972486,0.9957959118275438,1,-0.0803799999999999,1,0,0.9832752430142856,1,5912.833333333333,,18443575.21713544,
2022-11-12,507951.0,1432.5,,,,,0.9767463515690736,-0.2401,0.9739767741,20798.2303,0.9853518128327188,0.9951108620813184,1,-0.0852999999999999,1,0,0.9809951166285716,1,6167.666666666667,0.2322596335729341,18443575.21713544,
2022-11-13,,,13715309.636890972,60.24893973437021,16.368784639999998,227644.0,0.9954089461391148,-0.2734,0.9714215369,20783.1984,0.9848203150961982,0.995034069587058,1,-0.0909433333333333,1,0,0.9793196749571428,1,6167.666666666667,,17852542.01960488,0.7682552782583801
2022-11-14,17873657.0,11554.0,,,,,0.9865152814846678,-0.2479,0.9447443731,20751.5253,0.98473094741595,0.9946955656755888,1,-0.0955333333333333,1,0,0.9692499217714288,1,8615.333333333334,1.3410972684361215,17852542.01960488,
2022-11-15,,,,,,,0.9851020227065208,-0.229,0.9414414922,20715.1231,0.9848985348287008,0.9943302956057336,1,-0.0998666666666666,1,0,0.9590096505428573,1,8615.333333333334,,17882851.2650344,
2022-11-16,,,,,,,0.9746170954634528,-0.2406,0.9420668806,20667.1836,0.9855851433842996,0.9938991051776578,1,-0.10517,1,0,0.9518307268285716,1,6493.25,,17882851.2650344,
2022-11-17,103512165.0,23937.0,15097004.518378556,60.25401314827246,34.54296318999999,248465.0,0.943799417925348,-0.2342,0.9239551993,20580.5344,0.978994990387438,0.9918384669517536,1,-0.10984,1,0,0.9456817681428572,1,12307.833333333334,1.9448589651576909,17534620.42170242,0.8609826819914019
2022-11-18,,,,,,,0.8710249581765727,-0.2217,0.9667373169,20355.9275,0.9618877247806786,0.9877075370878602,1,-0.1137166666666666,1,0,0.9520490818714286,1,12307.833333333334,,17534620.42170242,
2022-11-19,46888214.0,19397.5,,,,,0.989491112283074,-0.2186,0.9841185328,20345.8361,0.9637084048826788,0.987482897372878,1,-0.11731,1,0,0.9534979045428572,1,18296.166666666668,1.060194758464888,17492117.266066305,
2022-11-20,,,,,,,0.990224513003804,-0.2513,0.9721448485,20329.2809,0.9629677715776344,0.987260178377794,1,-0.1222733333333333,1,0,0.9536012347714288,1,18296.166666666668,,17492117.266066305,
2022-11-21,10293470.5,17565.0,13533870.26017263,49.44656241956775,25.365681919999997,270779.0,0.9746056549783316,-0.286,0.9733766694,20290.8508,0.9612663963624434,0.9867955897542184,1,-0.1284833333333333,1,0,0.9576915628142856,1,20299.83333333333,0.86527804004959,16997336.390329592,0.7962347716947312
2022-11-22,,,,,,,0.9786084475056596,-0.2531,0.9468425329,20265.4552,0.9603387427623205,0.9861021327095209,1,-0.1342666666666666,1,0,0.9584631400571428,1,20299.83333333333,,16997336.390329592,
2022-11-23,,,,,,,1.007922676194228,-0.2233,0.9456311718,20275.2859,0.9650966828667168,0.9864052822475796,0,-0.1386433333333333,1,0,0.9589723245142856,1,20299.83333333333,,17039222.766914174,
2022-11-24,20853246.5,9779.0,,,,,0.9864358670180404,-0.2219,0.9593815138,20264.056,0.9711876041656728,0.985886670993392,1,-0.14433,1,0,0.9640332265857144,1,15580.5,0.6276435287699368,17039222.766914174,
2022-11-25,,,13127718.390905542,50.81546634450413,27.05300031,258341.0,0.98762550395704,-0.2255,0.9766189599,20247.7457,0.987844824991454,0.9853681154821392,1,-0.1513033333333333,1,0,0.9654448898714286,1,15580.5,,16550284.719913095,0.7932019667982168
2022-11-26,10723669.0,8448.0,,,,,0.987161015056811,-0.2304,0.9869506636,20238.4926,0.9875119539591308,0.9849242118660598,1,-0.1575799999999999,1,0,0.9658494799857144,1,11930.666666666666,0.7080911935628074,16550284.719913095,
2022-11-27,,,,,,,0.9920495662535816,-0.23835,0.9839904752,20222.43315,0.987772675851956,0.9847131014054172,1,-0.1646716666666666,1,0,0.9675417123714284,1,11930.666666666666,,15963490.742401907,
2022-11-28,295999.0,871.5,,,,,0.967467240106873,-0.2463,0.9841099509,20206.3737,0.9867529022988906,0.9836236160977369,1,-0.172355,1,0,0.9690750383,1,6366.166666666667,0.1368955677147419,15963490.742401907,
2022-11-29,,,13816257.51734792,50.8863605194169,23.247694430000003,271512.0,0.9875341498023972,-0.2283,0.9610595421,20196.6235,0.988028002626996,0.983332423945336,1,-0.1791383333333333,1,0,0.9711060396142858,1,6366.166666666667,,15695086.589270158,0.8802918950949473
2022-11-30,,,,,,,0.9877490674098884,-0.1754,0.9738099385,20189.0798,0.9851460585149472,0.983000105366919,1,-0.1839583333333333,1,0,0.9751315777142856,1,6366.166666666667,,15695086.589270158,
2022-12-01,7310382.5,5792.0,,,,,0.9898974128489711,-0.1897,0.9853349311,20179.299,0.9856405650622232,0.982753270369681,1,-0.1892516666666666,1,0,0.9788392087571428,1,5037.166666666667,1.1498527611421765,15217858.924847594,
2022-12-02,,,,,,,0.9816889579839476,-0.1811,0.9978534375,20166.6541,0.9847924870660671,0.9822071706365602,1,-0.1936983333333333,1,0,0.9818727055571428,1,5037.166666666667,,15217858.924847594,
2022-12-03,807328.0,2044.5,14299138.04252222,56.97980100705803,23.08110451000001,250951.0,0.9916659937716652,-0.193,0.9955584336,20160.8857,0.9854360554539034,0.9819579594778692,1,-0.198635,1,0,0.9831023869857144,1,2902.6666666666665,0.7043523197060175,15103018.814556925,0.9467735038997708
2022-12-04,,,,,,,0.9781656863348248,-0.1769,0.998352246,20150.6945,0.9834526440369382,0.9810224189593764,1,-0.204565,1,0,0.9851540685285716,1,2902.6666666666665,,15103018.814556925,
2022-12-05,3296270.5,6045.0,,,,,0.9280369257612826,-0.1839,0.9899402319,20080.0673,0.9778197419875682,0.9786753400665044,1,-0.2109316666666666,1,0,0.9859869658142856,1,4627.166666666667,1.3064150127868024,14335173.610159324,
2022-12-06,,,,,,,0.9899702957306712,-0.1759,1.0083946306,20073.8865,0.9781677628344644,0.9783700355810347,1,-0.216505,1,0,0.9927491213142856,0,4627.166666666667,,14335173.610159324,
2022-12-07,,,18475685.995101217,67.84350487317212,18.32443866000001,272328.0,0.9943961361183126,-0.1912,0.9870643968,20069.2947,0.979117344078525,0.9786118782767648,1,-0.2220616666666666,1,0,0.9946426153571428,1,4627.166666666667,,14852737.65827706,1.2439246164699596
2022-12-08,273140.5,588.0,,,,,0.9885435188429978,-0.1642,0.9943423776,20061.1665,0.9789239306491002,0.9787656985442894,1,-0.2230216666666666,1,0,0.9959293934285716,1,2892.5,0.2032843560933448,14852737.65827706,
2022-12-09,,,,,,,0.9794422632042036,-0.1696,0.9796847688,20042.7814,0.978602974251994,0.9790867461319542,1,-0.2177983333333333,1,0,0.9933338693285716,1,2892.5,,14580712.051617008,
2022-12-10,28223355.0,6859.5,,,,,0.9993164769861856,-0.1704,0.9992286411,20042.0237,0.979695900425497,0.979399612401381,1,-0.2171249999999999,1,0,0.9938581846857144,1,4497.5,1.5251806559199554,14580712.051617008,
2022-12-11,,,15911653.689838964,73.06028656234027,8.19227598,217788.0,0.9886731687936264,-0.172,1.0000386829,20035.3142,0.9811969693481828,0.9793295241137056,1,-0.2151083333333333,1,0,0.9940991042428572,0,4497.5,,14747079.756394751,1.0789697996268868
2022-12-12,3415712.5,7078.5,,,,,0.9898994902803206,-0.1648,1.0048832362,20028.8131,0.9900344785651882,0.9797679620707472,1,-0.2125983333333333,1,0,0.9962338191428572,0,4842.0,1.461895910780669,14747079.756394751,
2022-12-13,,,,,,,0.993037719688841,-0.1265,0.984208053,20022.9018,0.990472681987784,0.9796889211890714,1,-0.2077016666666666,1,0,0.9927785937714284,1,4842.0,,14894475.487752436,
2022-12-14,,,,,,,0.9881294841381544,-0.1233,1.0019225538,20005.2086,0.9895774459906184,0.9797427279441876,1,-0.2035483333333333,1,0,0.9949011876285716,0,4842.0,,14894475.487752436,
2022-12-15,925386.0,1260.5,15628685.822634194,56.47976720513382,20.34853506,276713.0,0.993650321921585,-0.153,1.0089518867,19998.1538,0.9903069892875596,0.9800276712513564,1,-0.2010149999999999,1,0,0.9969882603571428,0,5066.166666666667,0.2488074481034312,14986251.779612657,1.0428682269902545
2022-12-16,,,,,,,0.9899413922784102,-0.2034,1.0105049562,19983.4549,0.991806864869589,0.9805384811451884,1,-0.1997749999999999,1,0,1.0013911442714287,0,5066.166666666667,,14986251.779612657,
2022-12-17,943116.0,1579.5,,,,,0.988381019439652,-0.191,0.9891528316,19977.6456,0.9902446566486558,0.9820245345289984,1,-0.1983349999999999,1,0,0.9999517429142858,1,3306.1666666666665,0.4777436104249635,14970429.959788958,
2022-12-18,,,,,,,0.9941856792352652,-0.1907,0.9824809147,19974.5206,0.9910321581403184,0.9861298918976216,1,-0.1973016666666666,1,0,0.9974434903142856,1,3306.1666666666665,,14970429.959788958,
2022-12-19,5157486.0,11174.5,14497991.473721288,55.95606058650573,18.069058319999996,259096.0,0.9711464199054214,-0.2143,0.9106092211,19943.4272,0.9883531480867612,0.9855184021516996,1,-0.1971583333333333,1,0,0.9839757738714284,1,4671.5,2.3920582254093974,14911375.149030495,0.9722772935978284
2022-12-20,,,,,,,0.9937710326031072,-0.1798,0.9911261353,19940.0157,0.9884579070745136,0.9856366194716766,1,-0.194775,1,0,0.9849640713428572,1,4671.5,,14911375.149030495,
2022-12-21,,,,,,,0.9815486750253588,-0.186,0.983443091,19924.8343,0.9875177914869714,0.985868053473244,1,-0.1914416666666666,1,0,0.9823241480857144,1,4671.5,,15108161.561724478,
2022-12-22,369168.5,941.0,,,,,0.9897930521041828,-0.1846,0.9973391199,19917.4788,0.9869667529416282,0.9862408736265282,1,-0.1891583333333333,1,0,0.9806651814,1,4565.0,0.2061336254107338,15108161.561724478,
2022-12-23,,,14192911.730580632,51.81294119791707,17.374282509999997,273926.0,0.988572656029223,-0.1864,0.9717292679,19908.3921,0.9867712191917444,0.9855958729543614,1,-0.1879283333333333,1,0,0.9751257973571428,1,4565.0,,14993755.332831496,0.946588190585098
2022-12-24,5295529.0,10136.0,,,,,0.9929878734063644,-0.1822,0.996713013,19904.9439,0.9874293411869888,0.9858142731673056,1,-0.186605,1,0,0.9762058232714284,1,7417.166666666667,1.3665595577826213,14993755.332831496,
2022-12-25,,,,,,,0.9790825506021096,-0.1824,0.9956151344,19894.4171,0.9852717513822524,0.9855295080554743,1,-0.1851683333333333,1,0,0.9780821403714286,1,7417.166666666667,,15260332.03882092,
2022-12-26,2716413.0,4500.5,,,,,0.9955179652960352,-0.1784,0.9917663756,19891.724,0.9887534007237688,0.9858080730634486,1,-0.183435,1,0,0.9896760195857144,1,5192.5,0.8667308618199326,15260332.03882092,
2022-12-27,,,12489766.06688427,52.18005617872848,23.851985059999997,239359.0,0.9843727788404404,-0.1906,0.9943812629,19881.172,0.9874107930433876,0.9855521801496772,1,-0.1818433333333333,1,0,0.9901410378142858,1,5192.5,,14914011.292328838,0.8374518311722413
2022-12-28,,,,,,,0.9645841523160535,-0.2005,0.9907304336,19851.6657,0.9849872897992012,0.9854560772233166,1,-0.1803166666666666,1,0,0.9911820867571428,1,5192.5,,14914011.292328838,
2022-12-29,3301034.5,4375.0,,,,,0.9746502458865554,-0.1926,0.9929190437,19833.1067,0.9828240317681116,0.9850266137594552,1,-0.1791266666666666,1,0,0.9905506473,1,6337.166666666667,0.6903716171790758,15070833.260183256,
2022-12-30,,,,,,,0.9899026807278672,-0.1948,0.9869673113,19826.0187,0.9830140352964892,0.9850984008700544,1,-0.1797733333333333,1,0,0.9927275106428572,1,6337.166666666667,,15070833.260183256,
2022-12-31,323592.5,754.5,16375895.467673866,67.57823364355252,12.180264259999996,242325.0,0.9282705031592868,-0.1973,0.9887538812,19783.6539,0.973768696689764,0.983044170547065,1,-0.1800266666666666,1,0,0.9915904918142856,1,3210.0,0.2350467289719626,15233966.036119582,1.0749594313684816
2023-01-01,,,,,,,0.99361734713819,-0.1911999999999999,0.9914952187,19781.08575,0.9758450961949184,0.9834417835188732,1,-0.1803633333333333,1,0,0.9910019324285714,1,3210.0,,15233966.036119582,
2023-01-02,1290065.0,2984.5,,,,,0.9967029247747656,-0.1851,0.9937469524,19778.5176,0.9760143761204514,0.9836096812189764,1,-0.1800999999999999,1,0,0.9912848719714286,1,2704.6666666666665,1.1034631501109196,15367512.892347775,
2023-01-03,,,,,,,0.9881474779562576,-0.1859,0.9928303331,19769.7522,0.9765536188512824,0.9839424076063576,1,-0.1804,1,0,0.9910633105714284,1,2704.6666666666665,,15367512.892347775,
2023-01-04,,,15514421.553151188,55.58552949976959,14.774281600000002,277936.0,0.9854485438360449,-0.1728,0.9910492342,19758.9515,0.979534246211281,0.9858561282088496,1,-0.1800299999999999,1,0,0.9911088535142856,1,2704.6666666666665,,15385876.4749482,1.0083547452374448
2023-01-05,238177.0,365.5,,,,,0.990621722804286,-0.174,0.9951452984,19751.6344,0.981815885770957,0.9858778424446368,1,-0.1799666666666666,1,0,0.9914268899000002,1,1368.1666666666667,0.2671458155682787,15385876.4749482,
2023-01-06,,,,,,,0.9325281901,-0.1641,0.9946250193,19741.4334,0.9736195299669758,0.9838155775773596,1,-0.1790633333333333,1,0,0.9925208481857144,1,1368.1666666666667,,14944475.114926342,
2023-01-07,352226.5,1084.5,,,,,0.9929478439656616,-0.1604499999999999,0.9941242446,19737.9006,0.9828591500821722,0.9839623884147818,1,-0.1789383333333333,1,0,0.993288042957143,1,1478.1666666666667,0.7336791070019167,14944475.114926342,
2023-01-08,,,16331614.696256422,71.47690336585038,6.781967409999997,228488.0,0.9965930837809146,-0.1568,1.0012429816,19734.3678,0.9832842553168472,0.9845340824340056,1,-0.1785116666666666,1,0,0.9946805805142857,0,1478.1666666666667,,15117867.562592603,1.0802856043445634
2023-01-09,40972233.0,6209.5,,,,,0.998825034441192,-0.1484,0.9967670725,19732.155,0.9835874138406224,0.984517701015839,1,-0.1777783333333333,1,0,0.9951120262428572,1,2553.1666666666665,2.4320778118676154,15117867.562592603,
2023-01-10,,,,,,,0.987784302680088,-0.1313,1.0040827283,19722.7018,0.9835355316583124,0.9844880721453878,1,-0.1764216666666666,1,0,0.9967195112714284,0,2553.1666666666665,,15004469.544414552,
2023-01-11,,,,,,,0.9799650212118576,-0.1051,1.0007684013,19708.2371,0.9827521712834286,0.984156923176439,1,-0.1744316666666666,1,0,0.9981079637142856,0,2553.1666666666665,,15004469.544414552,
2023-01-12,2681997.5,1888.0,17645261.628721908,55.84296989911358,16.51553844000001,315980.0,1.0080928071183752,-0.045,1.0078552936,19719.3028,0.9852480404711556,0.98465875942409,0,-0.1717149999999999,1,0,0.9999236773142856,0,3060.6666666666665,0.6168590720975823,15334568.554952972,1.150685235485324
2023-01-13,,,,,,,1.0096439199898095,0.0067,1.0314980334,19735.7593,0.9962645733125568,0.985375907285812,0,-0.1673816666666666,0,0,1.0051912507571428,0,3060.6666666666665,,15334568.554952972,
2023-01-14,1432423.5,2548.0,,,,,1.0140201932529318,0.0601,1.0165102244,19748.5327,0.999274908925024,0.9860549029968568,0,-0.1602783333333333,0,0,1.0083892478714285,0,3548.5,0.7180498802310835,15292551.80242708,
2023-01-15,,,,,,,1.003918779580689,0.0539,1.0631684459,19751.2659,1.0003214368964204,0.986520815906933,0,-0.1517016666666666,0,0,1.0172357427714285,0,3548.5,,15292551.80242708,
2023-01-16,4160533.0,4409.5,19564851.90352845,64.61226372019011,10.301662030000005,302804.0,1.0102106703164595,0.0671,1.0469484463,19759.9345,1.001947956307173,0.98724847093616,0,-0.1430983333333333,0,0,1.0244045104571426,0,2948.5,1.495506189587926,15826589.315064752,1.2362014022127548
2023-01-17,,,,,,,1.011717672668141,0.0665,1.0819638432,19769.2527,1.0053670091626092,0.9878328707172556,0,-0.1345249999999999,0,0,1.0355303840142858,0,2948.5,,15826589.315064752,
2023-01-18,,,,,,,1.0009028488556526,0.0456,1.0520233253,19766.0594,1.008358127397437,0.9888247516822636,0,-0.1258616666666666,0,0,1.0428525160142856,0,2948.5,,16016389.006685248,
2023-01-19,857563.5,2038.5,,,,,0.9916821699217648,0.0622,1.0539807736,19761.7078,1.006013750655064,0.9887551229262184,1,-0.117795,0,0,1.0494418703,0,2998.6666666666665,0.6798021342819031,16016389.006685248,
2023-01-20,,,18240061.154305376,60.50433763664141,19.5578755,295822.0,1.0108117605779965,0.127,1.0354475502,19783.3146,1.006180585024805,0.9897305591113064,0,-0.1073616666666666,0,0,1.0500060869857142,0,2998.6666666666665,,16294348.025137763,1.1194103087871885
2023-01-21,1302406.0,3721.5,,,,,1.0127130099141552,0.12775,1.0184969845,19790.54315,1.005993844547837,0.9904945577049722,0,-0.09695,0,0,1.050289909857143,0,3389.833333333333,1.0978415851320122,16294348.025137763,
2023-01-22,,,,,,,1.0088349856527357,0.1285,1.0721271621,19797.7717,1.0066961597009865,0.9911699686924228,0,-0.0864533333333333,0,0,1.0515697264571429,0,3389.833333333333,,16594553.210074496,
2023-01-23,192271.5,515.5,,,,,1.0050920217677262,0.1263,1.0587311991,19801.4029,1.0059649241940247,0.991573440304468,0,-0.0761699999999999,0,0,1.0532529768571428,0,2091.833333333333,0.2464345470480439,16594553.210074496,
2023-01-24,,,18918440.50491401,64.57466807152272,16.92996076,292970.0,1.0068745434902948,0.1241,1.048612424,19805.0341,1.0052730485971897,0.9924998400674075,0,-0.0659533333333333,0,0,1.0484884884,0,2091.833333333333,,16885039.121929437,1.1204262168598529
2023-01-25,,,,,,,1.0052961954353246,0.1425,1.0476603723,19815.0587,1.0059006695371424,0.9928257810720508,0,-0.0552566666666666,0,0,1.0478652094,0,2091.833333333333,,16885039.121929437,
2023-01-26,1003149.5,2467.0,,,,,0.9900026721084224,0.1393,1.0594001647,19803.9927,1.0056607412780936,0.9930134441809833,1,-0.0442599999999999,0,0,1.0486394081285713,0,2234.6666666666665,1.1039677804295944,17512935.272650175,
2023-01-27,,,,,,,0.9885061072910812,0.1421,1.0470505596,19792.1979,1.002474219379963,0.993810842680151,1,-0.0328399999999999,0,0,1.0502969809,0,2234.6666666666665,,17512935.272650175,
2023-01-28,212399.5,644.5,24442485.75123782,90.91529353368551,11.61323579,268849.0,1.004705179133541,0.1397,1.0325862805,19794.6507,1.001330243554161,0.994812673788384,0,-0.0217633333333333,0,0,1.0523097374714283,0,1209.0,0.5330851943755169,18379129.08247363,1.329904460736729
2023-01-29,,,,,,,1.0086881065642093,0.1671,1.0386718348,19802.293,1.0013092608272285,0.9954388546495953,0,-0.0096999999999999,0,0,1.047530405,0,1209.0,,18379129.08247363,
2023-01-30,,,,,,,1.0034578850588014,0.1315,1.0442969098,19801.8666,1.0010758127259536,0.9979451007129124,0,0.00126,0,0,1.0454683636714286,0,1555.75,,18665305.31315931,
2023-01-31,5718412.0,9375.0,,,,,1.0057729608537005,0.1435,1.0495849323,19809.7468,1.0009184437778686,0.9983502878367626,0,0.0124166666666666,0,0,1.0456072934285714,0,4162.166666666667,2.2524326272374164,18665305.31315931,
2023-02-01,,,20346134.427086797,58.87856102710315,22.09847212999999,345561.0,1.0179965549231558,0.164,1.0653884321,19834.7859,1.0027327808475588,0.9990600755083756,0,0.0240533333333333,0,0,1.0481398734,0,4162.166666666667,,18875408.952400245,1.077917542258046
2023-02-02,802047.5,2072.0,,,,,1.0090336128185324,0.156,1.0370883992,19839.3707,1.0054514866632889,0.9997562800037848,0,0.03545,0,0,1.0449524783285715,0,4030.5,0.5140801389405781,18875408.952400245,
2023-02-03,,,,,,,1.005365061529336,0.1536,1.0611358517,19845.5228,1.0078599086973252,1.0004201639268946,0,0.04633,0,0,1.0469646629142857,0,4030.5,,19355550.009435825,
2023-02-04,6302130.0,8293.5,,,,,1.0123397951854336,0.15,1.0652034748,19852.7502,1.00895056813331,1.0011440996729326,0,0.05713,0,0,1.0516242621,0,6580.166666666667,1.2603784098680375,19355550.009435825,
2023-02-05,,,22388253.779740416,88.10353574882204,13.976726330000004,254113.0,1.0000921850043112,0.1353,1.0308045983,19852.1778,1.0077225793390387,1.00339623283641,0,0.06711,0,0,1.0505003711714285,0,6580.166666666667,,19734637.9807239,1.1344648836025508
2023-02-06,,,,,,,1.002506304419697,0.1272,1.0272121279,19852.9943,1.007586639247738,1.0037148481848777,0,0.0766983333333333,0,0,1.0480596880428572,0,6580.166666666667,,19734637.9807239,
2023-02-07,32669795.0,17434.5,,,,,1.0023268265035183,0.1465,1.0244478788,19857.6528,1.0070943343405692,1.003905972942298,0,0.0868083333333333,0,0,1.0444686804,0,9266.666666666666,1.8814208633093523,20220784.164219253,
2023-02-08,,,,,,,1.0043876489076282,0.1342,1.0161634629,19859.6055,1.0051502049097796,1.0040913934245124,0,0.0962283333333333,0,0,1.037436541942857,0,9266.666666666666,,20220784.164219253,
2023-02-09,51836956.5,16333.0,23332309.14710399,63.145797815701776,21.55106488000002,369499.0,0.9987515772721612,0.0901,1.0388443001,19852.0413,1.003681342688869,1.004456969244248,1,0.1036083333333333,0,0,1.0376873849285717,0,14020.333333333334,1.1649509046385012,20609724.787079845,1.1321019270345096
2023-02-10,,,,,,,0.9948836964923528,0.0821,1.0083396389,19845.4668,1.0021840048264432,1.0049542584202646,1,0.1098483333333333,0,0,1.0301450688142857,0,14020.333333333334,,20609724.787079845,
2023-02-11,61544344.5,17078.0,,,,,0.9990178243881962,0.0924,1.0015173032,19845.2085,1.0002808661411235,1.0046517589959254,1,0.1144283333333333,0,0,1.0210470443,0,16948.5,1.0076407941705756,21033219.523988124,
2023-02-12,,,,,,,0.998178808079216,0.0886,1.0055028806,19843.1717,1.0000075265803956,1.0042695885989057,1,0.1171583333333333,0,0,1.0174325132,0,16948.5,,21033219.523988124,
2023-02-13,,,21667418.164248344,72.38663198102537,24.25921585,299329.0,0.9961464118728274,0.0898,1.0009775087,19841.0626,0.9990989705022716,1.0036737958862354,1,0.1181483333333333,0,0,1.0136847104571427,0,16948.5,,21112494.35402065,1.026284142504555
2023-02-14,61596113.0,10391.0,,,,,0.9992103720041434,0.1071,0.9913720809,19842.8034,0.9986537627166464,1.0035168489670172,1,0.1199216666666666,0,0,1.0089595964714284,1,14600.666666666666,0.7116798319711429,21112494.35402065,
2023-02-15,,,,,,,1.0101461534114355,0.1828,1.0107900746,19862.5004,0.9994764062171904,1.0035146984035164,0,0.1237783333333333,0,0,1.0081919695714288,0,14600.666666666666,,21333586.132662397,
2023-02-16,64501706.0,10783.5,,,,,1.0138311945607434,0.1632,1.0092422501,19867.9577,1.0016306372584165,1.0035851491332697,0,0.1270016666666666,0,0,1.0039631052857143,0,12750.833333333334,0.8457094307561597,21333586.132662397,
2023-02-17,,,25714299.92522733,79.16379308557043,26.678259050000005,321260.0,1.0044047193714776,0.1921,1.056862887,19880.4133,1.0029907833840055,1.003701878150464,0,0.131885,0,0,1.0108949978714286,0,12750.833333333334,,21881175.35673301,1.1751790982889243
2023-02-18,39021198.0,4987.5,,,,,1.0039205878779207,0.1929,1.0189116781,19883.2611,1.003691178168252,1.0041098254156693,0,0.1362416666666666,0,0,1.0133799085714286,0,8720.666666666666,0.5719172846112683,21881175.35673301,
2023-02-19,,,,,,,1.0049623095714484,0.1839,1.0341097821,19885.7757,1.0046602498099997,1.0039148437154508,0,0.1381383333333333,0,0,1.0174666087857145,0,8720.666666666666,,22401334.528508388,
2023-02-20,,,,,,,1.0060763248825426,0.1979,1.0381082055,19891.4539,1.0060788088113874,1.0036936208810638,0,0.1404766666666667,0,0,1.022770994042857,0,8720.666666666666,,22401334.528508388,
2023-02-21,14222190.0,1269.5,26512359.26103933,90.1587729875548,17.32064879,290457.0,1.0035373628187925,0.1847,1.0352340083,19893.5975,1.0066969503563372,1.0035170334532657,0,0.14235,0,0,1.0290369836714286,0,5680.166666666667,0.2234969631172794,22915212.62007476,1.1569763589194593
2023-02-22,,,,,,,0.9948242264325824,0.1769,1.0488454354,19889.5148,1.0045081036450725,1.003174773608761,1,0.1440366666666666,0,0,1.0344734637857145,0,5680.166666666667,,22915212.62007476,
2023-02-23,4998122.0,1511.5,,,,,1.0042323303550569,0.168,1.0261847516,19892.4069,1.0031368373299745,1.0030866998375862,0,0.1455,0,0,1.036893821142857,0,2589.5,0.5837034176481947,23486180.06509772,
2023-02-24,,,,,,,0.997717853253871,0.142,1.0411139676,19885.7737,1.002181570741745,1.002834088431538,1,0.1454833333333333,0,0,1.0346439755142858,0,2589.5,,23486180.06509772,
2023-02-25,11364302.0,10567.0,16083980.15403232,61.25713691479184,15.959074009999991,258413.0,0.9945820001499472,0.14865,1.0136082298,19885.7818,1.000847486780606,1.0029867326995887,1,0.145795,0,0,1.0338863400428573,0,4449.333333333333,2.374962541204675,22560905.076214544,0.7129137815924459
2023-02-26,,,,,,,1.0018379775977844,0.1553,1.0058425512,19885.7899,1.000401153641511,1.0034311283764787,0,0.146235,0,0,1.0298481642,0,4449.333333333333,,22560905.076214544,
2023-02-27,,,,,,,1.0039410318197224,0.1485,1.0124089353,19876.0266,1.000096111775394,1.0034056567993517,0,0.1465283333333333,0,0,1.0261768398857145,0,4449.333333333333,,22292107.836925507,
2023-02-28,17848737.0,9705.5,,,,,0.981520982883192,0.1417,1.0130329712,19866.2633,0.9969509146417366,1.0025000860099842,1,0.1456816666666666,0,0,1.023005263157143,0,7261.333333333333,1.3366002570694089,22292107.836925507,
2023-03-01,,,25988722.583811883,67.45394292428612,25.83815714,381932.0,0.9929464616819702,0.1589,1.0209179957,19859.3797,0.9966826625345064,1.0021497052307564,1,0.146595,0,0,1.0190156289142858,0,7261.333333333333,,22754184.680286303,1.1421513426639236
2023-03-02,32893534.0,15215.0,,,,,0.9971069983939456,0.1539,1.0136742184,19857.3869,0.9956647579686332,1.0018608398154314,1,0.1469416666666666,0,0,1.0172284098857145,0,11829.166666666666,1.2862275449101797,22754184.680286303,
2023-03-03,,,,,,,0.9919261880346562,0.1119,1.0076369027,19848.8116,0.9948373772230312,1.0009918275858147,1,0.145205,0,0,1.0124459720428571,0,11829.166666666666,,23098191.859314803,
2023-03-04,41221263.0,16336.0,,,,,0.999310834744048,0.1113,0.9869486048,19848.6145,0.9955129250221884,1.000667734983332,1,0.143715,0,0,1.0086374541857144,1,13752.166666666666,1.1878855453080122,23098191.859314803,
2023-03-05,,,22389334.56458218,77.16548702754872,17.510876130000007,286638.0,0.9828065846691482,0.1152,1.0031412316,19836.6698,0.9927941546038118,0.999915785754659,1,0.142435,0,0,1.0082515513857142,0,13752.166666666666,,23009584.697473224,0.9730438362514576
2023-03-06,,,,,,,0.9944873040247189,0.1152,0.9936482369,19832.1017,0.9914436220616684,0.9993207027159684,1,0.1412749999999999,0,0,1.0055714516142855,1,13752.166666666666,,23009584.697473224,
2023-03-07,38474449.5,10969.5,,,,,0.9421567161615904,0.1088,0.9979630291,19762.8754,0.985820155387154,0.9973895204212112,1,0.1403916666666666,0,0,1.003418602742857,1,14173.5,0.7739443327336226,23098346.25714934,
2023-03-08,,,,,,,0.9954852951338482,0.0896,0.993576536,19756.1848,0.9861828458802792,0.9971554867783496,1,0.1391383333333333,0,0,0.9995126799285714,1,14173.5,,23098346.25714934,
2023-03-09,63450599.5,40322.5,19039458.643895358,56.52139693723499,44.79625681,336854.0,0.9863391992143186,0.0302,0.9995164325,19736.1741,0.9846445888546184,0.9966225658687096,1,0.1352616666666666,0,0,0.9974901390857144,1,22542.666666666668,1.7887191695747322,22590985.30549259,0.842790094651881
2023-03-10,,,,,,,0.9814932112232868,0.0609625,0.9922004728,19752.5459375,0.9831541635958512,0.9958594179458982,1,0.1328204166666666,0,0,0.9952849348142856,1,22542.666666666668,,22590985.30549259,
2023-03-11,66041905.0,13337.0,,,,,0.9948931226111102,0.091725,0.9661930045,19768.917775,0.9825230618625744,0.9957308027905298,1,0.1328745833333333,0,0,0.9923198490571428,1,21543.0,0.6190874065821844,22485081.899548102,
2023-03-12,,,,,,,0.999930955654208,0.1224875,0.9739975109,19785.2896125,0.9849694005747258,0.9958990447625916,1,0.1342208333333333,0,0,0.9881564603857144,1,21543.0,,22485081.899548102,
2023-03-13,,,23087128.98074996,69.30844737801957,26.126984639999996,333107.0,1.0183920396164143,0.15325,0.9718045583,19801.66145,0.988384362802111,0.9965448519368656,0,0.1362491666666666,0,0,0.9850359348714284,1,21543.0,,22560337.784698337,1.023350323965846
2023-03-14,53952714.5,9918.5,,,,,1.020447729106308,0.1840125,1.0276768214,19818.0332875,0.999568793222785,0.9972871493044352,0,0.1394295833333333,0,0,0.9892807623428572,0,21192.666666666668,0.4680156657963446,22560337.784698337,
2023-03-15,,,,,,,1.0098817642362732,0.214775,1.065021868,19834.405125,1.0016254316659885,0.9977449943832168,0,0.1435954166666666,0,0,0.9994872383428574,0,21192.666666666668,,22687897.73047691,
2023-03-16,64707712.0,19707.0,,,,,1.0099357304031389,0.2455375,1.0356597198,19850.7769625,1.0049963646929627,0.99810250632985,0,0.14821,0,0,1.0046505651000002,0,14320.833333333334,1.37610707011929,22687897.73047691,
2023-03-17,,,25280852.552496247,74.61374390905058,42.51131127999999,338823.0,1.0299927720851023,0.2763,1.050597885,19867.1488,1.011924873387508,0.998764060285639,0,0.1513266666666667,0,0,1.012993052557143,0,14320.833333333334,,23012017.08322933,1.0985935070820194
2023-03-18,61064333.5,13930.5,,,,,1.010834012156919,0.2636,1.0220070553,19872.7431,1.0142021433226236,0.9986641542055116,0,0.1546733333333333,0,0,1.0209664883857144,0,14518.666666666666,0.95948893378639,23012017.08322933,
2023-03-19,,,,,,,1.0101249500562397,0.2944,1.0322346924,19888.1708,1.0156584282371994,0.9988548285616702,0,0.1580833333333333,0,0,1.0292860857428572,0,14518.666666666666,,22625976.677229613,
2023-03-20,,,,,,,1.0110566840129973,0.2849,1.0495929607,19905.145,1.014610520293854,0.9990926984328394,0,0.16115,0,0,1.0403987146571427,0,14518.666666666666,,22625976.677229613,
2023-03-21,67866062.5,18883.5,26497064.86479075,79.39932957005969,28.88659712000001,327932.0,1.0118031699480463,0.2927,1.0683836108,19925.7444,1.0133755832712452,0.9993207271120592,0,0.1647766666666666,0,0,1.0462139702857145,0,17507.0,1.0786256925801108,23109862.700674757,1.1465695494598112
2023-03-22,,,,,,,1.008606460918696,0.271,1.0554915032,19932.6005,1.01319339708302,0.9994050649799312,0,0.1672133333333333,0,0,1.0448524896,0,17507.0,,23109862.700674757,
2023-03-23,68076537.0,28346.5,,,,,1.0186059983610551,0.2967,1.1089439633,19964.942,1.0144320067912935,0.9999073528313398,0,0.1709466666666667,0,0,1.0553216672428571,0,20386.83333333333,1.3904317328995022,22623791.76347981,
2023-03-24,,,,,,,1.0059381723166367,0.2728,1.0330917428,19970.5484,1.0109956353957987,1.0002778176941416,0,0.1741433333333333,0,0,1.0528207897857145,0,20386.83333333333,,22623791.76347981,
2023-03-25,55257582.0,27884.5,25755315.778535493,88.75114414875237,30.59583649,290197.0,1.0016920117287629,0.2695666666666667,1.0254078928,19983.565566666668,1.0096896353346334,1.0001931404065985,0,0.1775288888888889,0,0,1.053306623714286,0,25038.166666666668,1.113679782199176,23015232.26536177,1.1190552188038347
2023-03-26,,,,,,,1.0077673749962424,0.2663333333333333,1.0442229432,19996.582733333333,1.009352838897491,1.0005281244646775,0,0.1816733333333333,0,0,1.0550192309714286,0,25038.166666666668,,23015232.26536177,
2023-03-27,,,,,,,1.0167182293014725,0.2631,1.1200728042,20009.5999,1.0101616310815589,1.0012659987697283,0,0.1854883333333333,0,0,1.065087780042857,0,25038.166666666668,,24005411.13840884,
2023-03-28,62222273.0,27741.0,,,,,1.003571184781689,0.2664,1.0326429738,20016.5983,1.0089856332006506,1.0013237723425252,0,0.1891916666666666,0,0,1.0599819747571428,0,27990.666666666668,0.99108036012004,24005411.13840884,
2023-03-29,,,26591193.533266988,79.46280158281058,27.534690559999987,334637.0,1.0102310925564546,0.2943,1.0250016112,20033.7757,1.0092177234346162,1.0015334410337495,0,0.1940516666666666,0,0,1.0556262759,0,27990.666666666668,,24328633.937766105,1.092999861861896
2023-03-30,71653551.0,15875.0,,,,,0.8833090628553376,0.296,1.0301752206,19727.3581,0.9898895897909424,0.9982597103661544,1,0.199195,0,0,1.0443735983714286,0,23833.5,0.6660792581870056,24328633.937766105,
2023-03-31,,,,,,,1.0119032084766642,0.3074,1.0546449341,19749.4618,0.9907417378138034,0.9988916019259776,0,0.204145,0,0,1.0474526257,0,23833.5,,24091478.416902423,
2023-04-01,68490890.5,17002.5,,,,,1.0072799125326817,0.3066,1.0418364465,19757.548,0.9915400093572204,0.9992306990639356,0,0.209235,0,0,1.049799561942857,0,20206.166666666668,0.8414510421735938,24091478.416902423,
2023-04-02,,,27387521.07343141,79.62483994636368,24.46719163000001,341622.0,1.0021437448741557,0.2983,1.0252031697,19759.9449,0.9907366336254936,0.9995712842919188,0,0.2154483333333333,0,0,1.0470824514428572,0,20206.166666666668,,24503483.748968545,1.1176990730791194
2023-04-03,,,,,,,1.004018173837302,0.2903,1.0280329989,19765.0841,0.988922339987755,0.9997281955950272,0,0.221415,0,0,1.0339339078285714,0,20206.166666666668,,24503483.748968545,
2023-04-04,66461466.0,36378.5,,,,,1.004018195491358,0.2967,1.041991451,19771.5077,0.9889861986605648,1.000435249289101,0,0.227465,0,0,1.0352694045714286,0,23085.33333333333,1.5758273651380386,24805505.061023746,
2023-04-05,,,,,,,1.0073826518247386,0.2950333333333333,1.0644097072,19776.6034,0.988579278556034,1.0008650942157682,0,0.2334594444444444,0,0,1.0408991325714283,0,23085.33333333333,,24805505.061023746,
2023-04-06,66739595.0,16774.5,29988656.93568959,80.6764777738041,32.91813282999998,354019.0,1.0042880217745866,0.2933666666666666,1.0496152596,19781.6991,1.0058619869730694,1.0029361377362016,0,0.2396116666666666,0,0,1.043676281,0,23385.166666666668,0.7173136817498271,25453399.04535697,1.178178870423198
2023-04-07,,,,,,,0.9958430397077056,0.2917,1.0091483313,19786.7948,1.0035676771489326,1.0029480625553302,1,0.2463483333333333,0,0,1.0371767663142857,0,23385.166666666668,,25453399.04535697,
2023-04-08,60770221.0,26354.0,,,,,1.0024025569119888,0.2923,1.0125271574,19788.995,1.002870912060262,1.003483507811919,0,0.255085,0,0,1.032989725014286,0,26502.33333333333,0.9944030085401286,26369676.245565776,
2023-04-09,,,,,,,1.002408978845276,0.3094666666666666,1.0109593617,19808.355633333333,1.0029088026275652,1.0041807000659853,0,0.2633684722222222,0,0,1.0309548953,0,26502.33333333333,,26369676.245565776,
2023-04-10,,,22540478.67849652,77.82642616658272,21.77457393999999,289625.0,1.008962868620083,0.3266333333333333,1.020744847,19827.716266666663,1.0036151875965338,1.0046496915996177,0,0.27119875,0,0,1.0299137307428572,0,26502.33333333333,,25891026.54968212,0.8705903813911645
2023-04-11,58290077.0,13871.0,,,,,1.024459407868207,0.3438,1.067076327,19847.0769,1.0065353607932266,1.0054673066734177,0,0.2785758333333333,0,0,1.0334972844571428,0,18999.83333333333,0.7300590356055755,25891026.54968212,
2023-04-12,,,,,,,1.003784385642998,0.3448666666666666,1.0491444287,19861.0427,1.0060213227672636,1.0049803848743035,0,0.2849630555555555,0,0,1.0313165303857144,0,18999.83333333333,,26291583.345243853,
2023-04-13,71211231.5,19820.5,,,,,1.0140688227946832,0.3459333333333333,1.0513387246,19875.0085,1.0074185800558488,1.0047677546639164,0,0.2903604166666667,0,0,1.0315627396714286,0,20015.166666666668,0.9902740421846764,26291583.345243853,
2023-04-14,,,27977114.940560613,88.36320117669919,27.739714300000003,315959.0,1.0129003352947483,0.347,1.0562885578,19888.9743,1.0098553365682836,1.0048683736991988,0,0.2947679166666666,0,0,1.0382970577428572,0,20015.166666666668,,26502274.79465845,1.0556495680966758
2023-04-15,,,,,,,1.0026940327614509,0.33924,1.0304244459,19895.35212,1.0098969759753496,1.0046269837778092,0,0.2978913333333333,0,0,1.040853813242857,0,16845.75,,26502274.79465845,
2023-04-16,70202860.5,3853.0,,,,,1.0041991301067434,0.33148,1.0287848046,19901.72994,1.0101527118698448,1.003767195711864,0,0.2997306666666667,0,0,1.0434003050857144,0,12514.833333333334,0.3078746554089147,26676763.68639591,
2023-04-17,,,,,,,1.0001024672436445,0.3237199999999999,1.0297517387,19908.10776,1.0088869402446394,1.0034094775480882,0,0.3017346666666666,0,0,1.0446870039,0,12514.833333333334,,26676763.68639591,
2023-04-18,33245770.5,5581.0,31642501.63757007,101.24887731926094,20.36349198,312522.0,1.0131091031197152,0.3159599999999999,1.0329601934,19914.48558,1.007265468137712,1.0035089493168707,0,0.3024533333333333,0,0,1.0398132705285714,0,9751.5,0.5723222068399734,27297480.93029268,1.1591729551299226
2023-04-19,,,,,,,1.0094944544284898,0.3082,1.0306862978,19920.8634,1.008081192249925,1.0034568749973871,0,0.30323,0,0,1.0371763946857144,0,9751.5,,27297480.93029268,
2023-04-20,9846608.5,17431.5,,,,,0.9991675182235168,0.28915,1.0260969123,19920.01525,1.0059524344540445,1.0030356866065695,1,0.3031116666666667,0,0,1.0335704215,0,8955.166666666666,1.9465299361634807,27411826.08250724,
2023-04-21,,,,,,,1.0018712457117347,0.2701,1.0387215417,19919.1671,1.0043768502278994,1.002811179433004,0,0.3030816666666666,0,0,1.0310608477714287,0,8955.166666666666,,27411826.08250724,
2023-04-22,,,25972883.28916762,73.21419833903013,16.3903462,354752.0,0.9997659842125416,0.2841,1.0080203809,19922.1565,1.0039585575780552,1.002183178961387,1,0.3026616666666666,0,0,1.0278602670571428,0,8955.166666666666,,27231958.233339787,0.9537648033467276
2023-04-23,578916.5,1394.5,,,,,1.0047631569271125,0.2782,1.0165072469,19925.7789,1.0040391328381078,1.0021440117817362,0,0.3028416666666667,0,0,1.0261063302428572,0,8135.666666666667,0.1714057442536977,27231958.233339787,
2023-04-24,,,,,,,0.9978693973674744,0.287,0.9902878902,19928.43265,1.0037201228557977,1.0020165913030266,1,0.3034227777777777,0,0,1.0204686376,1,8135.666666666667,,27442907.155454688,
2023-04-25,17299883.5,40879.0,,,,,0.9998657979443648,0.2958,0.9925082757,19931.0864,1.001828222116462,1.0017532054012974,1,0.304405,0,0,1.0146897922142857,1,19901.666666666668,2.054049074616866,27442907.155454688,
2023-04-26,,,24384973.37872218,55.86976471831888,33.09136423999998,436461.0,1.0114520194701937,0.2975,1.0045236902,19939.0721,1.002107874265277,1.001577665073588,0,0.3055516666666667,0,0,1.0109522768428572,0,19901.666666666668,,27060665.433363125,0.9011224590455902
2023-04-27,38002866.0,74579.5,,,,,1.005407909607514,0.323,1.0141548428,19949.2614,1.0029993587487052,1.0016388892344488,0,0.3074383333333333,0,0,1.0092462669142857,0,38951.0,1.914700521167621,27060665.433363125,
2023-04-28,,,,,,,1.0109441680671034,0.3198,1.0229325892,19963.6522,1.0042954905137578,1.0016626584181372,0,0.3082883333333333,0,0,1.0069907022714286,0,38951.0,,27127732.84766257,
2023-04-29,,,,,,,1.00297971220003,0.3167,1.0206203778,19966.4026,1.0047545945119702,1.0056516800629602,0,0.3089783333333333,0,0,1.0087907018285716,0,38951.0,,27127732.84766257,
2023-04-30,14228036.0,44820.0,28548026.97705134,50.21499302931024,47.64650049999998,568516.0,1.0018007556879525,0.3199,1.0122080877,19968.7444,1.0043313943349474,1.0053149316366696,0,0.309395,0,0,1.0081765362285715,0,53426.16666666666,0.8389147639889318,27305269.61383617,1.045513462448488
2023-05-01,,,,,,,0.9966471731521874,0.2899,1.0164021185,19964.1459,1.0041567908756208,1.004960506990653,1,0.3088383333333333,0,0,1.0119071402714286,0,53426.16666666666,,27305269.61383617,
2023-05-02,27827193.5,67697.0,,,,,1.0045294220056955,0.3039,1.0097196152,19971.2732,1.0048230228843824,1.0050400295617048,0,0.309025,0,0,1.014365903057143,0,62365.5,1.0854879701116804,27293519.405322563,
2023-05-03,,,,,,,1.0223453301881198,0.3112,1.073242956,20006.0035,1.0063792101298004,1.0056509347733986,0,0.3097216666666667,0,0,1.0241829410285714,0,62365.5,,27293519.405322563,
2023-05-04,46993523.0,67120.5,29770202.04218574,60.61659104172629,113.47645017000004,491123.0,1.0023981789643572,0.3169499999999999,0.9955118141,20011.00625,1.005949248609349,1.0055969342224986,0,0.3103966666666666,0,0,1.0215196512142857,1,59879.16666666666,1.1209324333727646,27603104.73493046,1.0785091868492938
2023-05-05,,,,,,,1.005705954458039,0.3227,1.015889467,20016.009,1.005200932379483,1.0055410443102752,0,0.3113188888888888,0,0,1.0205134909,0,59879.16666666666,,27603104.73493046,
2023-05-06,,,,,,,1.0003365904613724,0.3065666666666666,1.0119600766,20050.81,1.0048233435596747,1.005409329933168,0,0.3117588888888889,0,0,1.019276305014286,0,59879.16666666666,,27262311.56339344,
2023-05-07,23836411.0,52156.0,,,,,1.074617096291035,0.2904333333333333,1.0806600268,20085.611,1.0152256779315436,1.008035131819279,0,0.3117166666666666,0,0,1.0290551534571428,0,62324.5,0.8368458631838201,27262311.56339344,
2023-05-08,,,41744197.067098685,72.59216498553812,635.35380034,575051.0,1.0052184884004474,0.2743,1.0257718853,20120.412,1.016450151538438,1.0081289962022275,0,0.3111166666666666,0,0,1.0303936915714285,0,62324.5,,29072547.251356594,1.4358630740603853
2023-05-09,35730645.0,71317.0,,,,,0.9960967467368324,0.2722,0.9933543242,20116.8914,1.015245483642886,1.0079185884652797,1,0.3098744444444444,0,0,1.028055792857143,1,63531.16666666666,1.122551398657352,29072547.251356594,
2023-05-10,,,,,,,0.9996385511586876,0.2724,0.9892875965,20114.4224,1.012001658067253,1.007607777883233,1,0.3080666666666666,0,0,1.0160621700714283,1,63531.16666666666,,30005699.90462232,
2023-05-11,100715175.5,70860.5,,,,,0.9966379367129724,0.2548,1.0023316477,20110.2998,1.011178766317055,1.006680395511392,1,0.3051,0,0,1.0170364320142855,0,64777.833333333336,1.0939004340476552,30005699.90462232,
2023-05-12,,,27932158.24696612,54.85940196867013,173.44342629,509159.0,0.9979841775073652,0.2488,0.9991583411,20111.2131,1.0100756553241017,1.006487055240204,1,0.3018977777777777,0,0,1.0146462711714286,1,64777.833333333336,,29746507.19741529,0.9390063196862714
2023-05-13,,,,,,,0.9991510589017256,0.2508,0.9824958079,20110.8909,1.0099062936727237,1.0059897964437725,1,0.2987266666666667,0,0,1.0104370899285713,1,64777.833333333336,,29746507.19741529,
2023-05-14,129555227.5,102352.5,,,,,1.0028002386686865,0.2528,0.990928109,20113.1871,0.9996467425838168,1.005653126556237,0,0.2955866666666666,0,0,0.9976182445285716,1,81510.0,1.2557048214942952,29999277.519823104,
2023-05-15,,,,,,,1.0227206642244098,0.2606,0.9917166791,20134.7415,1.0021470534158117,1.0063206809383354,0,0.2929653333333333,0,0,0.9927532150714286,1,81510.0,,29999277.519823104,
2023-05-16,136896491.0,95097.5,30101350.30998529,50.7140936904815,113.01084452000003,566462.0,1.0047337061157453,0.2547,1.0329850039,20141.3383,1.003380904755656,1.0063385001386356,0,0.290406,0,0,0.9984147407428572,0,89436.83333333333,1.063292342267634,30012036.61859338,1.0029759290423024
2023-05-17,,,,,,,1.0005348022936225,0.2522,1.0028363736,20140.92165,1.0035089406320752,1.0063529113069682,0,0.288022,0,0,1.0003502803285715,0,89436.83333333333,,30012036.61859338,
2023-05-18,160175886.0,120197.5,,,,,0.998079621674828,0.2497,0.9945376384,20140.505,1.003714895626626,1.0058519285921386,1,0.2858133333333333,0,0,0.9992368504285716,1,105882.5,1.1351970344485631,29779113.044453856,
2023-05-19,,,,,,,0.9964476744025168,0.2511,0.9881693373,20137.6465,1.0034953951830765,1.0054170359246062,1,0.28391,0,0,0.9976669927428572,1,105882.5,,29779113.044453856,
2023-05-20,,,24375940.64003369,57.526244265376775,85.19281153999995,423736.0,1.0018941491491515,0.2569,0.9983311441,20139.3272,1.0038872652184228,1.0055079236221272,0,0.282835,0,0,0.9999291836285716,1,105882.5,,29103716.49390133,0.8375542225042515
2023-05-21,148922226.5,88411.0,,,,,1.0003526035637689,0.2479,0.9952814479,20139.4463,1.0035376030605776,1.005457302217195,0,0.282095,0,0,1.0005510891857143,1,101235.33333333331,0.8733215675686355,29103716.49390133,
2023-05-22,,,,,,,1.0237623319682552,0.2491,1.1059554149,20167.3031,1.00368641273827,1.0062571804757188,0,0.2809283333333333,0,0,1.0168709085857144,0,101235.33333333331,,29550978.380291868,
2023-05-23,170561210.5,122856.5,,,,,1.002968249504986,0.2591,0.9983634834,20171.6766,1.0034342046510183,1.0061973502283148,0,0.2802916666666666,0,0,1.0119249770857144,1,110488.33333333331,1.1119409289065212,29550978.380291868,
2023-05-24,,,25204426.061596133,62.15319567074488,64.87007901999998,405521.0,0.9968892912539228,0.2344,1.0056954679,20167.248,1.0029134173596328,1.0061646800245296,1,0.2785383333333333,0,0,1.0123334191285716,0,110488.33333333331,,29007659.3404549,0.8688886533649177
2023-05-25,175355995.0,159093.0,,,,,1.0102873531958454,0.238,0.9879360672,20181.9584,1.0046573790054925,1.006512065199579,0,0.2766116666666667,0,0,1.0113903375285715,1,123453.5,1.2886876435257,29007659.3404549,
2023-05-26,,,,,,,1.0000718909733652,0.2447,0.9734475852,20182.3037,1.0051751242298994,1.006132727583018,0,0.2748516666666666,0,0,1.0092872300857143,1,123453.5,,29668043.049273856,
2023-05-27,,,,,,,0.9998452944089103,0.2484,0.9950141365,20182.8981,1.0048824306955793,1.005947307076398,1,0.2723649999999999,0,0,1.0088133718571428,1,123453.5,,29668043.049273856,
2023-05-28,165397036.0,108204.5,29018379.77947518,58.48616726823951,62.56858108,496158.0,1.0069046214406492,0.2814,1.0005082874,20191.3693,1.005818433249419,1.005812655522183,0,0.271085,0,0,1.0095600632142858,0,130051.33333333331,0.8320137689220154,29586835.140549023,0.9807868817880162
2023-05-29,,,,,,,1.0044966823536052,0.2726,1.0149134901,20195.7031,1.0030661975901831,1.0058632211939686,0,0.269615,0,0,0.9965540739571428,0,130051.33333333331,,29586835.140549023,
2023-05-30,169024117.0,125502.5,,,,,1.0056342990375555,0.271,1.0197590084,20203.5777,1.003447061809122,1.0059910059722883,0,0.267985,0,0,0.9996105775285716,0,130933.33333333331,0.9585221486761712,29735236.30676297,
2023-05-31,,,,,,,0.9998673938495064,0.2577,1.0156445309,20204.3118,1.0038725050370625,1.006098346662199,1,0.2669116666666667,0,0,1.001031872242857,0,130933.33333333331,,29735236.30676297,
2023-06-01,134488540.5,110199.0,24808640.12866411,67.95491372639624,70.13588614000001,355986.0,1.00179545049372,0.2467,1.0037630693,20206.5504,1.002659376079616,1.0060072142784668,0,0.265005,0,0,1.0032928725428572,0,114635.33333333331,0.9613004716405064,29119411.784500618,0.851962268752592
2023-06-02,,,,,,,1.002013106019802,0.2584,1.0017185436,20211.52,1.002936692514821,1.0053294734728562,0,0.263245,0,0,1.0073315808857142,0,114635.33333333331,,29119411.784500618,
2023-06-03,,,,,,,0.9994696082732564,0.2571,0.9980208708,20211.4088,1.0028830230668706,1.0052318544498196,1,0.26125,0,0,1.007761114357143,1,114635.33333333331,,29026441.74768846,
2023-06-04,131986843.0,107152.0,,,,,1.000133255218658,0.2558,1.0004322665,20211.2976,1.0019156850351576,1.005046097808507,0,0.25902,0,0,1.0077502542285717,0,114284.5,0.9375899618933452,29026441.74768846,
2023-06-05,,,24355694.08839815,67.79519250557587,58.00114518999999,359254.0,0.9970215257971842,0.2166,1.0039085709,20201.7335,1.0008478055270975,1.004935595653034,1,0.2560211111111111,0,0,1.0061781229142857,0,114284.5,,28442598.29027717,0.8563104481465011
2023-06-06,122395516.0,118338.0,,,,,1.0004888741012476,0.2572,1.0055385579,20214.714,1.0001127448219107,1.0024646549133742,0,0.2549133333333333,0,0,1.0041466299857142,0,111896.33333333331,1.0575681657724858,28442598.29027717,
2023-06-07,,,,,,,1.0010874151911326,0.2327,0.9802720529,20211.0271,1.0002870335850005,1.0023269524730638,0,0.2535266666666666,0,0,0.9990934188428572,1,111896.33333333331,,26542369.893588383,
2023-06-08,129318351.5,118912.5,,,,,1.0003703966211304,0.2379,0.9980000274,20212.0791,1.0000834544603443,1.002469407469207,0,0.2523833333333333,0,0,0.998270127142857,1,114800.83333333331,1.0358156517446884,26542369.893588383,
2023-06-09,,,30334803.515606057,77.90559715754074,73.25776494999997,387084.0,1.0000950586106294,0.2364,0.9941575303,20212.3692,0.9998094476876054,1.002484624384272,0,0.2511833333333333,0,0,0.9971899823857144,1,114800.83333333331,,27016424.09634059,1.122828225061619
2023-06-10,,,,,,,0.9958302459541366,0.2187,1.0010613804,20207.1162,0.999289538784874,1.0024577013589773,1,0.24998,0,0,0.9976243409,0,114800.83333333331,,27016424.09634059,
2023-06-11,105252140.0,82560.5,,,,,0.9987197509463344,0.2201,0.9850481224,20204.9187,0.9990876096031136,1.0024822204736097,1,0.2490233333333333,0,0,0.9954266060285716,1,106603.66666666669,0.7744621041802815,26885604.93196552,
2023-06-12,,,,,,,0.9973059488602058,0.2202,0.9786734222,20201.5333,0.9991282414692596,1.002420716805559,1,0.2480033333333333,0,0,0.9918215847857142,1,106603.66666666669,,26885604.93196552,
2023-06-13,152952384.0,157023.0,24857915.761624184,60.55772288163988,37.24601007,410483.0,0.9988476245515154,0.2195,0.979006995,20199.0882,0.9988937772478692,1.0022889630016532,1,0.2468933333333333,0,0,0.9880313615142856,1,119498.66666666669,1.3140146612514505,26632143.78567285,0.9333802025729848
2023-06-14,,,,,,,0.9996921942586776,0.1953,0.9909560638,20195.0683,0.9986944599718042,1.0015213473361289,1,0.2447166666666667,0,0,0.9895576487857144,1,119498.66666666669,,26632143.78567285,
2023-06-15,159318736.5,191586.5,,,,,0.994443463718904,0.21,0.9911906472,20192.1711,0.9978477552714864,1.001178339256234,1,0.2432266666666666,0,0,0.9885848801857142,1,143723.33333333334,1.3330229375884222,26136542.85362821,
2023-06-16,,,,,,,1.000891167650262,0.233,0.9675309061,20197.1091,0.9979614851342908,1.0011902181014554,0,0.2425866666666666,0,0,0.9847810767285712,1,143723.33333333334,,26136542.85362821,
2023-06-17,,,24576941.2933438,51.120062427785065,40.12883580000002,475252.0,1.000511964922003,0.2383,0.9776926401,20196.5625,0.9986303021297004,1.0012712962096946,0,0.2422066666666666,0,0,0.9814426852571428,1,143723.33333333334,,25941592.658592664,0.9473952357818382
2023-06-18,179270052.0,230740.0,,,,,1.006442862728427,0.2334,1.001138867,20202.5721,0.9997336038128564,1.0016044691538917,0,0.2416166666666667,0,0,0.9837413630571428,0,193116.5,1.194822814208004,25941592.658592664,
2023-06-19,,,,,,,0.9912335968031885,0.2459,0.9594597555,20194.5834,0.9988661249475684,1.0012491174090263,1,0.24125,0,0,0.9809965535285714,1,193116.5,,26165257.23267252,
2023-06-20,124329991.5,204305.0,,,,,1.0004228203979393,0.2863,1.0014286523,20202.8854,0.9990911529256288,1.0012514579701652,0,0.24253,0,0,0.9841996474285716,0,208877.16666666663,0.9781107397250218,26165257.23267252,
2023-06-21,,,23415578.90437153,64.45600887571992,43.88821895000004,363280.0,1.0144128784493995,0.30515,1.0079491096,20225.8375,1.0011941078100175,1.0009398095195368,0,0.2443983333333333,0,0,0.9866272254,0,208877.16666666663,,25821547.441634893,0.906823224181214
2023-06-22,138595759.0,206882.5,,,,,1.0113469885406388,0.324,1.0347049545,20248.7896,1.0036088970702657,1.0012191008207252,0,0.2465616666666666,0,0,0.9928435550142858,0,213975.8333333333,0.966849838961565,25821547.441634893,
2023-06-23,,,,,,,1.0127275721686086,0.3384,1.0535003193,20270.6872,1.0052998120014578,1.0017470435178812,0,0.2500283333333333,0,0,1.005124899757143,0,213975.8333333333,,25909707.638783287,
2023-06-24,,,,,,,1.0098109558581656,0.3361,1.0329730393,20281.2859,1.0066282392780523,1.0017311636066253,0,0.2532983333333333,0,0,1.0130220996428572,0,213975.8333333333,,25909707.638783287,
2023-06-25,138171518.0,202858.0,30195817.85050738,78.88783535371824,29.38484288000001,382769.0,1.0056335494591904,0.3341,1.0159198871,20288.2891,1.006512623096733,1.0019165522228195,0,0.2562783333333333,0,0,1.0151336739428571,0,204681.8333333333,0.9910894225265066,26445471.4152488,1.1418143158187788
2023-06-26,,,,,,,1.0074815258644836,0.3291,1.0440752991,20299.4623,1.008833755819775,1.0021710932713386,0,0.2589683333333333,0,0,1.0272216087428572,0,204681.8333333333,,26445471.4152488,
2023-06-27,136546251.0,201803.5,,,,,1.0140610846120612,0.3267,1.0378385407,20319.6865,1.0107820792789357,1.002409642043719,0,0.2604783333333333,0,0,1.0324230213714285,0,203848.0,0.9899704681919862,26077913.07750217,
2023-06-28,,,,,,,1.013296461275061,0.3243,1.0322342957,20339.9107,1.0106225911111726,1.0027029680077677,0,0.2622016666666666,0,0,1.0358923336714283,0,203848.0,,26077913.07750217,
2023-06-29,,,28907158.299600467,65.96900977332012,37.058475680000015,438193.0,1.000540663374508,0.3322,1.0266145021,20341.9772,1.0090788303731542,1.0025331801523327,0,0.2642416666666666,0,0,1.0347365547571428,0,202330.75,,26431568.73026446,1.0936603345264722
2023-06-30,145016077.0,195584.0,,,,,1.0095766056068878,0.3322,1.0335801421,20358.2339,1.0086286922929084,1.0028568205442452,0,0.266725,0,0,1.0318908151571429,0,200081.8333333333,0.9775200313871574,26431568.73026446,
2023-07-01,,,,,,,1.0244250052134605,0.3334,1.0160862312,20386.8222,1.010716413629379,1.0036111390349032,0,0.269615,0,0,1.029478414,0,200081.8333333333,,26663415.673350222,
2023-07-02,120400794.0,128802.0,,,,,1.0052122027330734,0.3335,1.0183756814,20392.1322,1.0106562212399337,1.0037177755920124,0,0.2721183333333333,0,0,1.0298292417571429,0,175396.5,0.7343476067082296,26663415.673350222,
2023-07-03,,,27990140.90991832,83.27647982338667,25.48770225000001,328114.0,1.0070417768509674,0.3447,1.0166848998,20404.2868,1.0105933999522885,1.0039701812112694,0,0.2750383333333334,0,0,1.0259163275714285,0,175396.5,,26829256.327921238,1.0432693537162618
2023-07-04,73836680.5,68785.0,,,,,1.0042360036052629,0.3374,1.0182841658,20408.8264,1.0091898169513174,1.0041069394908229,0,0.2777583333333334,0,0,1.0231228454428571,0,131057.0,0.524847966915159,26829256.327921238,
2023-07-05,,,,,,,1.0027424010536727,0.3307,1.0279185797,20413.0227,1.0076820940625475,1.0042976353327058,0,0.2815616666666667,0,0,1.0225063145857145,0,131057.0,,27182622.36213881,
2023-07-06,,,,,,,0.9858161156137678,0.32,1.0371447817,20387.5541,1.0055785872395846,1.0038085433831232,1,0.283655,0,0,1.024010640242857,0,131057.0,,27182622.36213881,
2023-07-07,76246967.5,75430.0,34013005.20105904,61.01753619478507,19.24955069,556014.0,1.0025649586193432,0.3276,1.0154397887,20393.83,1.0045769233842212,1.00385779483073,0,0.2868183333333333,0,0,1.0214191611857142,0,91005.66666666669,0.8288494855631701,28036420.217003845,1.2131721859565527
2023-07-08,,,,,,,1.001658204824317,0.326,1.0062460341,20396.1867,1.0013245233286292,1.0039007217708364,0,0.289755,0,0,1.0200134187428571,0,91005.66666666669,,28036420.217003845,
2023-07-09,70151356.0,90338.0,,,,,1.0023074684383462,0.3237,1.0044455286,20399.0167,1.0009095612865253,1.0039744687650936,0,0.292665,0,0,1.0180233969142856,0,78184.33333333333,1.1554488750943284,27708079.74577496,
2023-07-10,,,,,,,1.0042860089431005,0.3286,1.0212861343,20405.598,1.00051588015683,1.0042563275313925,0,0.2963283333333333,0,0,1.0186807161285714,0,78184.33333333333,,27708079.74577496,
2023-07-11,84630686.5,148506.0,26664260.80855869,60.18925391372753,16.952263900000002,432293.0,1.0082585413396472,0.3331,1.0091120836,20417.14,1.0010905284045992,1.0045742872111696,0,0.300095,0,0,1.0173704186714283,0,104758.0,1.4176101109223165,27577602.378622927,0.966881037824658
2023-07-12,,,,,,,1.0053577479966678,0.3278,1.0249440661,20423.7952,1.0014641493964558,1.0048426805157182,0,0.3036816666666667,0,0,1.016945488157143,0,104758.0,,27577602.378622927,
2023-07-13,,,,,,,1.0013765867812785,0.35,1.0155334686,20432.0658,1.0036870738489572,1.0049269792567104,0,0.3080316666666666,0,0,1.0138581577142856,0,104758.0,,27966129.038194176,
2023-07-14,98059703.5,165465.5,,,,,1.003104356730557,0.3259,1.004371254,20432.4541,1.0037641307219878,1.005040718005773,0,0.312385,0,0,1.0122769384714283,0,134769.83333333334,1.227763631574326,27966129.038194176,
2023-07-15,,,27066441.91831429,55.14063406479681,16.740640720000005,484980.0,1.0005578695315158,0.3254,1.014989531,20433.6389,1.0036069399658734,1.0052445315328602,0,0.3162316666666667,0,0,1.0135260094571428,0,134769.83333333334,,27853668.148209188,0.9717370715517226
2023-07-16,104227543.0,161731.0,,,,,1.0012330282774444,0.3244,1.0031453054,20435.5383,1.003453448514316,1.0052559268870995,0,0.3192783333333333,0,0,1.0133402632857142,0,158567.5,1.019950494269002,27853668.148209188,
2023-07-17,,,,,,,0.9959696386013854,0.3222,1.0045558402,20430.902,1.0022653956083565,1.0051045160097456,1,0.322075,0,0,1.0109502212714283,0,158567.5,,28321771.98461853,
2023-07-18,107882771.0,145993.0,,,,,1.0050634782184524,0.315,1.0203019563,20437.4619,1.0018089580196146,1.0050585365260798,0,0.324795,0,0,1.0125487745142858,0,157729.83333333334,0.9255890082091848,28321771.98461853,
2023-07-19,,,28328021.50246617,58.986112417654525,18.163703370000007,480249.0,1.0075592289931186,0.31445,1.0244585965,20443.3976,1.0021234553048215,1.0056027242657442,0,0.32708,0,0,1.0124794217142858,0,157729.83333333334,,28322553.174349483,1.0001930732756692
2023-07-20,,,,,,,1.0027970031192444,0.3139,1.0063877122,20449.3333,1.0023263719245312,1.0056818636897875,0,0.328,0,0,1.0111728850857145,0,157729.83333333334,,28322553.174349483,
2023-07-21,120524018.0,198206.0,,,,,0.994348712263618,0.3167,1.0025034098,20444.7331,1.0010755655721113,1.0050130581502617,1,0.328385,0,0,1.0109060501999998,0,168643.33333333334,1.1752969778427844,29023549.498632047,
2023-07-22,,,,,,,1.0008656509396512,0.3141,1.0003033759,20444.91482,1.001119534344702,1.004663680230229,0,0.328055,0,0,1.0088080280428573,0,168643.33333333334,,29023549.498632047,
2023-07-23,63798682.0,143661.5,28310247.069138404,50.587978837823975,25.54846983,559624.0,1.0033697408713385,0.3115,1.0042130792,20445.09654,1.0014247790009727,1.0043517525203196,0,0.3271583333333333,0,0,1.0089605671571429,0,162620.16666666666,0.8834174933203242,28934386.694945343,0.978429139266464
2023-07-24,,,,,,,0.9970355953300488,0.3089,0.9823657338,20445.27826,1.001577058533639,1.0039259071693825,1,0.3262516666666666,0,0,1.0057905519571428,1,162620.16666666666,,28934386.694945343,
2023-07-25,75695237.0,154121.0,,,,,0.9993973597958692,0.3063,0.9971810234,20445.45998,1.0007676130446983,1.003718034180605,1,0.325325,0,0,1.0024875615428572,1,165329.5,0.932205081367814,28754182.244150765,
2023-07-26,,,,,,,0.9995194989254552,0.3037,0.9954061135,20445.6417,0.9996190801778894,1.0034526332826377,1,0.3244783333333333,0,0,0.9983372068285714,1,165329.5,,28754182.244150765,
2023-07-27,,,26347218.51898918,62.67998553328618,20.83844045000001,413038.0,0.9856247522262088,0.3005,1.0080867454,20426.0154,0.9971659014788842,1.0025047555364424,1,0.323605,0,0,0.9985799258571428,0,165329.5,,28453311.778505567,0.925980733774991
2023-07-28,78671127.0,169470.0,,,,,0.9479959989378988,0.3056,0.9990645302,20356.2186,0.990544085289496,1.000328073458537,1,0.3229816666666666,0,0,0.9980886573428572,1,155750.83333333334,1.0880840658958486,28453311.778505567,
2023-07-29,,,,,,,1.0014307722566638,0.3066,0.9979632196,20357.8831,0.9906248169062118,1.0003577437546087,0,0.3221283333333333,0,0,0.9977543493,1,155750.83333333334,,28388476.5612063,
2023-07-30,86087224.5,213872.0,,,,,1.000123782682424,0.305375,0.9983431716,20356.6421,0.9901611085935098,1.0000426496571266,0,0.3212341666666666,0,0,0.9969157910714286,1,179154.33333333334,1.1937863629682417,28388476.5612063,
2023-07-31,,,27510234.359162603,60.23145311611939,16.65975421,445666.0,0.997971248831,0.30415,0.9996410468,20355.4011,0.99029477337936,0.9991608577777114,1,0.3202591666666666,0,0,0.9993836929285714,1,179154.33333333334,,28278696.28595084,0.972825411786398
2023-08-01,93728150.0,197248.5,,,,,0.9999721128024632,0.302925,0.9900552914,20358.2459,0.9903768809517306,0.9989861881133576,1,0.3192399999999999,0,0,0.9983657312142856,1,193530.16666666663,1.0192131975979628,28278696.28595084,
2023-08-02,,,,,,,0.9947982824039148,0.3017,1.0087597427,20350.672,0.9897024214486532,0.9985780716317892,1,0.3178066666666667,0,0,1.0002733925285714,0,193530.16666666663,,28319918.48252691,
2023-08-03,,,,,,,1.00071254670663,0.3006,0.9972641229,20352.0641,0.991857820660142,0.9984606230685016,0,0.31658,0,0,0.9987273036,1,193530.16666666663,,28319918.48252691,
2023-08-04,81784735.5,167389.5,23104041.16684485,70.5997212160733,22.515295539999997,318486.0,1.0014317752221844,0.2995,0.9991839196,20353.1626,0.9994915029864686,0.9984169355407853,0,0.31554,0,0,0.9987443592285714,1,192836.66666666663,0.8680377175848301,27667933.818066657,0.8350475795832045
2023-08-05,,,,,,,0.9999508118864132,0.2996,0.9959639948,20340.7235,0.9992800800764328,0.9988880920832066,1,0.31486,0,0,0.9984587556857144,1,192836.66666666663,,27667933.818066657,
2023-08-06,74393703.0,262963.0,,,,,1.0016322514067524,0.2997,0.9982524562,20342.5641,0.9994955756084796,0.998857001842787,0,0.31393,0,0,0.998445796342857,1,209200.3333333333,1.2569913049851738,26761495.049067743,
2023-08-07,,,,,,,0.9996167112893392,0.3025,0.9960738796,20342.4,0.9997306416739568,0.9987889520582875,1,0.3131466666666667,0,0,0.9979362010285714,1,209200.3333333333,,26761495.049067743,
2023-08-08,92747496.0,273640.0,23875114.96975787,72.08800573004906,29.11310746000001,331194.0,1.001477765284302,0.3168,1.0066865732,20344.356,0.999945734885648,0.9987612952864864,0,0.3129166666666666,0,0,1.0003120984285714,0,234664.16666666663,1.1660919683093216,26400697.539154008,0.904336521197952
2023-08-09,,,,,,,1.0032165025577404,0.3121,1.0132583414,20350.0453,1.001148337764766,0.998725645073641,0,0.3123666666666667,0,0,1.0009547553857143,0,234664.16666666663,,26400697.539154008,
2023-08-10,,,,,,,1.0004381328968053,0.3085,0.9997666553,20350.8281,1.001109135791934,0.9984649647922128,0,0.3115466666666666,0,0,1.001312260014286,1,234664.16666666663,,26363045.64352477,
2023-08-11,86854983.0,306817.0,,,,,1.0027121869754525,0.3077,1.0011042525,20354.5664,1.0012920517566866,0.998376779424839,0,0.3108766666666666,0,0,1.0015865932857142,0,281140.0,1.0913317208508218,26363045.64352477,
2023-08-12,,,31294824.65651836,62.10103834335123,19.421388580000023,503934.0,1.0026463469345983,0.3079,1.0000056787,20357.8705,1.0016771281921415,0.998419104763283,0,0.3094733333333333,0,0,1.0021639767,0,281140.0,,26979518.020148966,1.1599475065917269
2023-08-13,79466956.0,221055.0,,,,,1.0022737282388925,0.3048,0.9990984651,20360.7018,1.00176876773959,0.9983914171468942,0,0.30877,0,0,1.002284835114286,1,267170.6666666667,0.8273924782161713,26979518.020148966,
2023-08-14,,,,,,,1.001885661692704,0.3076,1.0013867276,20363.512,1.0020929035114994,0.9984356768856004,0,0.3081766666666666,0,0,1.0030438134000002,0,267170.6666666667,,26967100.320411064,
2023-08-15,92118641.5,251762.0,,,,,1.0010324517710574,0.3018,0.9986996209,20365.2058,1.0020292872953216,0.9984289910020544,0,0.3074233333333333,0,0,1.0019028202142857,1,259878.0,0.9687699612895282,26967100.320411064,
2023-08-16,,,30586968.731064703,52.99959753579379,18.03889855,566878.0,0.9993925247846076,0.2918,0.9919213636,20365.2168,1.0014830047563026,0.9985430872081617,1,0.3064099999999999,0,0,0.9988546805285712,1,259878.0,,27419583.87174277,1.1155154240902276
2023-08-17,,,,,,,0.9951849018090704,0.2364,0.9672505346,20357.1665,1.0007325431723404,0.9982138013278488,1,0.30379,0,0,0.9942095204285714,1,259878.0,,27419583.87174277,
2023-08-18,92108040.0,222558.0,,,,,0.987099244255248,0.2189,0.9310853691,20338.6515,0.9985021227837396,0.9975318018365864,1,0.300605,0,0,0.9842068228,1,231791.66666666663,0.9601639403199712,27289807.067353714,
2023-08-19,,,,,,,0.9963625471612751,0.2207,0.9705728204,20335.2752,0.9976044371018364,0.9973173199713208,1,0.2974983333333333,0,0,0.9800021287571428,1,231791.66666666663,,27289807.067353714,
2023-08-20,64846545.0,237141.0,27190186.429498125,43.45389177274062,14.984985450000002,612461.0,0.9973749543036304,0.2206833333333333,0.9821502951,20329.16066,0.996904612253942,0.997418194705988,1,0.2942977777777777,0,0,0.9775809616142856,1,237153.66666666663,0.9999465887799894,27277354.48762176,0.996804380052208
2023-08-21,,,,,,,0.9928470998950842,0.2206666666666666,0.9493694088,20323.04612,0.9956133891399962,0.9971509096711691,1,0.2911833333333333,0,0,0.9701499160714284,1,237153.66666666663,,27277354.48762176,
2023-08-22,81732997.0,230843.0,,,,,0.994745828113346,0.22065,0.9554750511,20316.93158,0.9947153000460374,0.9968634459125696,1,0.288155,0,0,0.9639749775285714,1,230180.66666666663,1.0028774498871902,27129798.40454796,
2023-08-23,,,,,,,0.997293885959148,0.2206333333333333,0.9807541701,20310.81704,0.9944154944995433,0.996872055600206,1,0.2852127777777778,0,0,0.9623796641714286,1,230180.66666666663,,27129798.40454796,
2023-08-24,,,23333266.492939506,58.45724172791627,17.458467169999995,399151.0,0.9922116525051244,0.2206166666666666,0.9601270476,20304.7025,0.9939907445989794,0.9966325320238478,1,0.2823566666666667,0,0,0.9613620231714284,1,230180.66666666663,,26655231.9155969,0.8753728561365998
2023-08-25,100123312.5,272963.0,,,,,0.9920285455987664,0.2206,0.9576077381,20296.8184,0.9946949305051964,0.996382833579625,1,0.2795866666666666,0,0,0.9651509330285714,1,246982.3333333333,1.1051924091736656,26655231.9155969,
2023-08-26,,,,,,,0.997864390934723,0.2196,0.9862859984,20294.8966,0.994909479615689,0.9967908215365752,1,0.2768899999999999,0,0,0.9673956727428572,1,246982.3333333333,,26699233.829398,
2023-08-27,80272572.0,160835.0,,,,,1.0018349604151064,0.2219,0.98886301,20296.8569,0.9955466233458996,0.9985854535858156,0,0.2740999999999999,0,0,0.9683546320142856,1,221547.0,0.7259633396073971,26699233.829398,
2023-08-28,,,19666378.699688364,59.35317780466995,16.97295639999999,331345.0,0.9962632150849844,0.2226,0.9715071092,20292.988,0.9960346398015998,0.998413201680093,1,0.2713,0,0,0.9715171606428572,1,221547.0,,25820126.9381843,0.7616685520861861
2023-08-29,,,,,,,0.9933808758167666,0.2671,0.9921109454,20281.9543,0.995839646616374,0.9981884381179044,1,0.2700241666666667,0,0,0.9767508598285712,1,216899.0,,25820126.9381843,
2023-08-30,17507007.5,48912.5,,,,,1.000494052849376,0.257,1.0077145003,20284.0918,0.9962968133149782,0.9982725315851836,0,0.2684525,0,0,0.9806023355714284,0,160903.5,0.3039865509451317,25578683.020901684,
2023-08-31,,,,,,,0.995964357155548,0.2186,0.9896217069,20280.8466,0.9968329139793244,0.9981389397302864,1,0.2656416666666666,0,0,0.9848158583285714,1,160903.5,,25578683.020901684,
2023-09-01,74345932.0,204548.0,25120794.91081459,59.87585427844869,26.151917779999994,419548.0,0.993649912376906,0.2143,0.9629262943,20272.5043,0.9970645378047728,0.9981006607293862,1,0.2627283333333333,0,0,0.9855756520714286,1,138098.5,1.4811746688052367,25521447.0071408,0.9843013565722152
2023-09-02,,,,,,,0.9980440600473408,0.2164,0.9874782867,20270.9548,0.9970902048208612,0.9980117111740764,1,0.2599216666666666,0,0,0.9857459789714286,1,138098.5,,25521447.0071408,
2023-09-03,81110853.5,168250.5,,,,,0.9969025892492483,0.2193,0.9899825179,20269.1671,0.9963855803685956,0.997860738308312,1,0.2572483333333333,0,0,0.9859059086714286,1,140570.33333333334,1.196913288958552,25866790.698611643,
2023-09-04,,,,,,,0.9972737456191098,0.2144,0.9846377172,20267.0914,0.9965299418734708,0.9977715027660684,1,0.2544083333333333,0,0,0.9877817098142858,1,140570.33333333334,,25866790.698611643,
2023-09-05,,,21245406.274935115,44.88810678059467,24.396894269999997,462093.0,0.9939723199695968,0.2141,0.9678032283,20272.3804,0.9966144338953036,0.9975161717181632,1,0.251555,0,0,0.9843091788,1,140570.33333333334,,25289117.64565208,0.8401007331541995
2023-09-06,99831183.0,299386.0,,,,,0.9950397652279256,0.2134,0.9739430331,20257.5286,0.9958352499493822,0.9973636068494496,1,0.2485849999999999,0,0,0.9794846834857144,1,224061.5,1.336177790472705,25289117.64565208,
2023-09-07,,,,,,,0.9970866986091328,0.2272,0.9797870419,20254.6348,0.9959955844427516,0.9972172379602772,1,0.2455983333333333,0,0,0.9780797313428572,1,224061.5,,25491118.02792268,
2023-09-08,119972541.0,234861.0,,,,,0.9977383096903448,0.2181,0.9926937113,20253.8096,0.996579641201814,0.997034631531364,1,0.242465,0,0,0.9823322194857144,1,234165.8333333333,1.002968693838768,25491118.02792268,
2023-09-09,,,25270696.568339124,42.3004952525642,32.53049267,597409.0,0.9967015998646104,0.2179,0.9882785471,20251.3633,0.9963878611757098,0.9969100804302908,1,0.239445,0,0,0.9824465424,1,234165.8333333333,,25463565.34547473,0.9924256963029772
2023-09-10,131453087.5,254914.0,,,,,0.9989180710752298,0.20625,0.9890601851,20250.7459,0.99667578715085,0.9967836099002836,1,0.2360633333333333,0,0,0.9823147805714286,1,263053.6666666667,0.969057011180228,25463565.34547473,
2023-09-11,,,,,,,0.9931523991311928,0.1946,0.9755767474,20243.9511,0.9960870233668618,0.9964671449735032,1,0.2322866666666666,0,0,0.9810203563142856,1,263053.6666666667,,24630528.30103993,
2023-09-12,,,,,,,0.9978022267179164,0.2172,0.9951664768,20242.0084,0.996634152902336,0.996318094922804,1,0.2293666666666666,0,0,0.9849293918142856,1,263053.6666666667,,24630528.30103993,
2023-09-13,144124558.0,268658.0,24786596.15628565,48.3691865216738,31.128702210000007,512446.0,0.9996525666984616,0.2282,0.9953030407,20241.7047,0.997293124540984,0.996243658422996,1,0.2267199999999999,0,0,0.9879808214714286,1,252811.0,1.0626831902092868,24650036.782945648,1.0055399257430109
2023-09-14,,,,,,,1.0061253048739422,0.2375,1.0039697298,20248.4785,0.9985843540073854,0.996413420193092,0,0.2245766666666666,0,0,0.9914354911714286,0,252811.0,,24650036.782945648,
2023-09-15,143384573.0,263168.0,,,,,1.0013967627396307,0.2408,1.0030900307,20264.1309,0.9991069901572834,0.9964802281249262,0,0.2228766666666666,0,0,0.9929206796571428,0,262246.6666666667,1.003513231817373,23801903.647500068,
2023-09-16,,,,,,,1.0004576259200233,0.2374,1.0013435699,20264.4812,0.9996435653080568,0.9966559855952912,0,0.22291,0,0,0.9947871114857144,0,262246.6666666667,,23801903.647500068,
2023-09-17,143727468.0,282743.0,25479813.23061756,41.68681199996329,28.30720798,611220.0,1.0005755980747593,0.2358,0.9974079189,20265.151,0.999880354879418,0.9971051973892752,0,0.2234733333333333,0,0,0.9959796448857142,1,271523.0,1.041322466236746,24011642.345389757,1.0611441260080945
2023-09-18,,,,,,,1.0065360621545294,0.2343,1.0136983393,20271.3052,1.0017923067398946,0.9974443145557168,0,0.2239266666666667,0,0,1.0014255865857142,0,271523.0,,24011642.345389757,
2023-09-19,,,,,,,1.0117421035002192,0.2546,1.0087643456,20287.1616,1.0037837177087952,0.9979232195289364,0,0.2250572222222222,0,0,1.0033681392714286,0,271523.0,,23557564.61908856,
2023-09-20,108776395.0,160465.0,,,,,0.999123876471199,0.2528,0.9953421086,20286.1754,1.003708190533472,0.9981324454148072,1,0.2261283333333333,0,0,1.0033737204,1,235458.66666666663,0.6814996545749007,23557564.61908856,
2023-09-21,,,24381114.45169429,56.49792476177016,47.3464006,431540.0,0.9975222027477753,0.2371,0.99325928,20282.944,1.0024791759440193,0.9982249912359544,1,0.2266766666666666,0,0,1.0018436561428572,1,235458.66666666663,,23660508.348164275,1.0304560702131291
2023-09-22,129823321.0,182390.0,,,,,0.9994157298429536,0.2374,0.9922376752,20282.7538,1.0021961712444942,0.9982957193654146,1,0.2272355555555555,0,0,1.0002933196428572,1,208532.66666666663,0.8746351490893514,23660508.348164275,
2023-09-23,,,,,,,0.9995685995307706,0.2372,0.9967607597,20282.9665,1.002069167474601,0.9985409509329364,1,0.2277883333333333,0,0,0.9996386324714288,1,208532.66666666663,,23707257.18462496,
2023-09-24,117857510.0,146473.0,,,,,0.999342591819426,0.2288,0.9956426766,20281.9872,1.001893023723839,0.998784752473625,1,0.2280616666666666,0,0,0.999386455,1,163109.33333333334,0.8980050191282738,23707257.18462496,
2023-09-25,,,24661550.73070846,86.30463947754492,33.365485490000005,285750.0,0.9984207687437968,0.2285,0.9841915569,20281.6362,1.0007336960937343,0.998803298400594,1,0.2283583333333333,0,0,0.9951712003714286,1,163109.33333333334,,23826543.8778854,1.0350452359814584
2023-09-26,,,,,,,0.9986562560361524,0.2262,0.99311825,20279.9917,0.9988642893131532,0.9986973415879622,1,0.2285016666666667,0,0,0.992936043857143,1,163109.33333333334,,23826543.8778854,
2023-09-27,109392680.0,194843.0,,,,,0.997939858664588,0.2304,0.9929108328,20278.6266,0.9986951439122088,0.9987532297072824,1,0.2287616666666667,0,0,0.9925887187428571,1,174568.66666666666,1.1161395897698327,24420853.1890564,
2023-09-28,,,,,,,1.0016211322170276,0.2502,0.9950570709,20268.3947,0.9992807052649592,0.9990279049206244,0,0.2281983333333333,0,0,0.9928455460142857,1,174568.66666666666,,24420853.1890564,
2023-09-29,74252327.0,141812.0,25946534.412971757,77.45534726115268,29.36315436,330269.0,1.002373733397789,0.2467,1.0111256259,20272.3821,0.9997032772013644,0.9990905609389048,0,0.227855,0,0,0.9955438246857142,0,161042.66666666666,0.8805865112351179,24611563.342045818,1.0542416201836842
2023-09-30,,,,,,,1.0030523660205868,0.2484,1.0012541382,20275.2587,1.0002009581284808,0.9993268279010727,0,0.2288483333333333,0,0,0.9961857359,0,161042.66666666666,,24611563.342045818,
2023-10-01,33967091.0,84504.5,,,,,1.0034561945320943,0.2745,1.0092549124,20277.0716,1.000788615658862,0.9996537039729124,0,0.230855,0,0,0.9981303410142858,0,140386.5,0.6019417821514177,24538815.97507885,
2023-10-02,,,,,,,1.0030425708019013,0.2642,1.0404957225,20284.1138,1.001448873095734,0.9998203209980644,0,0.2324483333333333,0,0,1.0061737932428572,0,140386.5,,24538815.97507885,
2023-10-03,,,28995037.486792862,93.3324668670746,29.087440100000013,310664.0,1.0018036810627886,0.2607,0.9971343666,20295.8677,1.0018985052423963,0.9999836907251825,0,0.2338283333333333,0,0,1.0067475241857142,1,140386.5,,25095843.664043102,1.1553720956724185
2023-10-04,52405088.0,30003.5,,,,,1.0040409223502578,0.27,1.0071729724,20304.2578,1.0027700857689208,1.0002092632828874,0,0.2356816666666667,0,0,1.0087849727,0,85440.0,0.3511645599250936,25095843.664043102,
2023-10-05,,,,,,,0.99863032773691,0.2602,0.9991328277,20301.0445,1.002342827986047,1.0003645302084645,1,0.2372183333333333,0,0,1.0093672236714286,1,85440.0,,25645906.148201384,
2023-10-06,64648768.5,29453.0,,,,,1.0041470283902871,0.2732,1.0099776425,20309.4552,1.002596155842118,1.00066810564721,0,0.2392116666666666,0,0,1.0092032260428572,0,47987.0,0.613770396148957,25645906.148201384,
2023-10-07,,,31014954.909119453,126.8157801711574,41.49443835000001,244567.0,1.0048612414051958,0.2742,1.0069703812,20302.6477,1.0028545666113478,1.0009272570737453,0,0.2407783333333333,0,0,1.0100198321857143,0,47987.0,,26317037.243316144,1.178512407090827
2023-10-08,71416402.5,28694.5,,,,,1.001087298421422,0.2732,1.0050974015,20304.1471,1.0025161528812518,1.0010388900314475,0,0.242615,0,0,1.0094259020571428,0,29383.666666666668,0.976545926875475,26317037.243316144,
2023-10-09,,,,,,,1.0052210563717945,0.2639,0.9888933625,20310.069,1.0028273651055222,1.001322871915021,0,0.2441483333333333,0,0,1.0020541363428572,1,29383.666666666668,,26466514.482598577,
2023-10-10,,,,,,,0.9996331918354504,0.2593,0.9961485686,20310.3094,1.0025172952159027,1.0013467092736947,1,0.2459166666666666,0,0,1.001913308057143,1,29383.666666666668,,26466514.482598577,
2023-10-11,78150473.0,23628.5,27666095.64227482,104.55818458909609,21.60053422,264600.0,0.9984450273149104,0.243,0.9866293984,20320.2562,1.0017178816394243,1.001523130213152,1,0.24753,0,0,0.9989785117714286,1,27258.666666666668,0.8668252298963021,26616462.12755811,1.0394355008447926
2023-10-12,,,,,,,0.9972780826473456,0.2402,0.983996346,20317.8219,1.0015247037694863,1.0015056587441329,1,0.2482966666666666,0,0,0.996816157242857,1,27258.666666666668,,26616462.12755811,
2023-10-13,87751367.5,24930.5,,,,,0.9977359677628947,0.2431,0.9906352831,20316.4003,1.000608837965573,1.0014417721129474,1,0.2487933333333333,0,0,0.9940529630428572,1,25751.166666666668,0.9681308937459144,26877871.5520256,
2023-10-14,,,,,,,1.0094941208244423,0.2433,0.9972052094,20325.9749,1.0012706778826086,1.001554065977964,0,0.2489866666666667,0,0,0.9926579385,1,25751.166666666668,,26877871.5520256,
2023-10-15,67692369.0,15211.0,28431414.424704663,112.85755736754749,11.395811420000005,251923.0,1.001299348695127,0.2507,1.000010228,20327.7329,1.001300970778852,1.0015508188431472,0,0.2493166666666666,0,0,0.9919311994285714,0,21256.666666666668,0.7155872667398463,27072064.411110483,1.0502122776065903
2023-10-16,,,,,,,1.0065218561655782,0.2865,1.0262222246,20340.4244,1.0014867993208212,1.0017529598513324,0,0.2509533333333333,0,0,0.9972638940142856,0,21256.666666666668,,27072064.411110483,
2023-10-17,,,,,,,1.0037492868567697,0.2841,1.0238061675,20344.748,1.0020748128952954,1.0018587494773994,0,0.2525633333333333,0,0,1.001214979571429,0,21256.666666666668,,27299528.865466617,
2023-10-18,76169067.0,12229.5,,,,,1.0038253851420196,0.2817,1.0179694509,20348.4761,1.0028434354420253,1.0017683935769823,0,0.2541433333333333,0,0,1.0056921299285717,0,17457.0,0.7005499226671249,27299528.865466617,
2023-10-19,,,25797505.89202465,90.92913852886628,18.648708779999996,282007.0,0.9943561362938544,0.2909,0.9828790206,20345.4167,1.0024260145343835,1.0011888613367703,1,0.2553533333333333,0,0,1.0055325120142855,1,17457.0,,27111775.99378637,0.9515240129579512
2023-10-20,93133835.0,18180.0,,,,,1.0097229938163494,0.3051,1.045749604,20361.9527,1.0041384468277343,1.0015421652482752,0,0.2570966666666667,0,0,1.0134059864285714,0,15206.833333333334,1.1955151740993633,27111775.99378637,
2023-10-21,,,,,,,1.004997012184398,0.3193,1.0245005422,20367.1463,1.0034960027362996,1.0017913255628297,0,0.2598366666666666,0,0,1.0173053196857142,0,15206.833333333334,,27501870.499799524,
2023-10-22,91119860.0,13466.0,,,,,1.004057534055891,0.3206,1.0199454725,20371.605,1.0038900292164086,1.0019460523699275,0,0.26261,0,0,1.0201532117571428,0,14625.166666666666,0.9207416439698692,27501870.499799524,
2023-10-23,,,30814659.955034763,102.10968240120208,17.002779340000004,301780.0,1.0185097226419046,0.3802,1.0699315549,20424.0202,1.0056025815701697,1.0025774231402986,0,0.2673766666666666,0,0,1.0263974018,0,14625.166666666666,,27915969.18170393,1.1038362936448085
2023-10-24,,,,,,,1.028611436750689,0.3956,1.1406616028,20479.3319,1.009154317269301,1.0035530513046738,0,0.2729366666666666,0,0,1.0430910354142855,0,14625.166666666666,,27915969.18170393,
2023-10-25,121069626.0,56317.0,,,,,1.016083510624874,0.4053,1.0681203608,20509.4091,1.0109054780525657,1.0041418093673764,0,0.27883,0,0,1.0502554511142856,0,29321.0,1.9207052965451383,28380886.103274707,
2023-10-26,,,,,,,1.0219794346672746,0.3989,1.0440773201,20545.9242,1.0148516635344829,1.0049192486550806,0,0.2845866666666666,0,0,1.0589980653285715,0,29321.0,,28380886.103274707,
2023-10-27,118503435.0,41716.0,34005980.0507042,74.27416336285765,25.551621680000004,452816.0,1.0091362566560451,0.3935,1.0306341227,20558.6318,1.0147678439401535,1.0052924619214625,0,0.2900233333333333,0,0,1.0568387108571429,0,37166.333333333336,1.122413653934116,29084022.846703395,1.1692323386604233
2023-10-28,,,,,,,1.0101946378992557,0.3966,1.0328408922,20569.4497,1.0155103618994192,1.0055782454442033,0,0.2949033333333333,0,0,1.0580301894285715,0,37166.333333333336,,29084022.846703395,
2023-10-29,111903770.0,23955.0,,,,,1.0079687347898283,0.4048,1.0284196011,20580.1111,1.01606910486141,1.005764745490605,0,0.3001733333333333,0,0,1.0592407792285714,0,40662.66666666666,0.589115322818638,29532235.480093632,
2023-10-30,,,,,,,1.0103481921427808,0.4029,1.041655354,20597.7758,1.014903171932964,1.0060079396946775,0,0.3053233333333333,0,0,1.0552013219571428,0,40662.66666666666,,29532235.480093632,
2023-10-31,,,33982514.00176837,78.34567298235248,18.23911226,433751.0,1.0132909993897203,0.4048,1.0444597078,20617.0898,1.0127145380242542,1.0063357665232653,0,0.3096666666666667,0,0,1.0414581941,0,40662.66666666666,,30088520.295302976,1.1294179197995746
2023-11-01,106632436.0,22451.5,,,,,1.0227287816966686,0.417,1.0467221292,20656.0561,1.013663862463082,1.0069919735530908,0,0.31476,0,0,1.0384013038714286,0,29374.166666666668,0.7643280660444267,30088520.295302976,
2023-11-02,,,,,,,1.0129819406665406,0.4074,1.0574077516,20672.1818,1.0123785061772623,1.0073645822065491,0,0.31965,0,0,1.040305651228571,0,29374.166666666668,,30244732.125090133,
2023-11-03,149165436.5,132326.0,,,,,1.0111626721180775,0.4039,1.0301770483,20690.7748,1.0126679941004102,1.007601973865477,0,0.3241133333333333,0,0,1.0402403548857142,0,59577.5,2.221073391800596,30244732.125090133,
2023-11-04,,,40679663.2595844,56.31673756097832,79.51745750999999,698917.0,1.0074254581030924,0.4101,1.0321194021,20700.2812,1.0122723969866727,1.0078951448776827,0,0.3291099999999999,0,0,1.0401372848714283,0,59577.5,,31549098.51690192,1.2894081026686366
2023-11-05,,,,,,,1.006072575926599,0.4092,1.0249413634,20707.1077,1.0120015171490686,1.0079593297955598,0,0.3336433333333333,0,0,1.0396403937714285,0,77388.75,,31549098.51690192,
2023-11-06,161396453.0,108421.0,,,,,1.0100886447216275,0.4083,1.0324578313,20719.771,1.0119644389460465,1.008133576572774,0,0.3381133333333333,0,0,1.0383264619571428,0,87732.83333333333,1.2358087147153194,31625404.746585127,
2023-11-07,,,,,,,1.0126129426000543,0.4144,1.0346714961,20740.5377,1.01186757369038,1.008517764712062,0,0.34282,0,0,1.036928146,0,87732.83333333333,,31625404.746585127,
2023-11-08,175318037.0,144592.0,37138019.60283096,63.67962263924608,118.07035988,583201.0,1.0105739667998157,0.4201,1.0384931765,20758.6904,1.0101311715622583,1.008696195059663,0,0.3480266666666667,0,0,1.0357525813285713,0,128446.33333333331,1.1256997085682996,32314481.60361585,1.149268617655168
2023-11-09,,,,,,,1.0272589434249406,0.4325,1.067320543,20812.227,1.0121707433848868,1.009617053445979,0,0.3537999999999999,0,0,1.037168694385714,0,128446.33333333331,,32314481.60361585,
2023-11-10,178342156.0,132935.0,,,,,1.0168189038204474,0.4422,1.0582782354,20842.4675,1.0129787764852252,1.0102295159961636,0,0.36044,0,0,1.0411831496857142,0,128649.33333333331,1.0333127778871765,32978536.740950286,
2023-11-11,,,,,,,1.0070879393841614,0.4362,1.0289189608,20850.4314,1.012930559525378,1.0105565112207242,0,0.3669733333333333,0,0,1.0407259437857144,0,128649.33333333331,,32978536.740950286,
2023-11-12,,,44174930.492356926,59.025513616117664,115.77631581999998,703327.0,1.0053849737438552,0.4371,1.0255816121,20857.5148,1.0128323306421287,1.010811478086756,0,0.37344,0,0,1.0408174078857144,0,128649.33333333331,,34378085.95987612,1.284973530635622
2023-11-13,221746017.0,215589.0,,,,,1.0079732166957796,0.429,1.0286899999,20867.2995,1.0125301266384363,1.0107607812824673,0,0.3796299999999999,0,0,1.0402791462571428,0,164372.0,1.3115919986372375,34378085.95987612,
2023-11-14,,,,,,,1.0035817222858403,0.4136,1.0093376148,20869.3799,1.0112399523078344,1.0108368604021578,0,0.38506,0,0,1.0366600203571428,0,164372.0,,35227610.46490061,
2023-11-15,221788180.0,180101.0,,,,,1.0146271977446168,0.4476,1.0250428039,20904.6171,1.0118189852999488,1.0111070384547924,0,0.39043,0,0,1.0347385385571428,0,176208.33333333334,1.0220912745329864,35227610.46490061,
2023-11-16,,,45968659.957687706,73.1488830151644,317.4560769399997,628426.0,1.0090619609696925,0.4217,1.03536102,20911.1897,1.0092194163777706,1.0112841275918898,0,0.3950166666666667,0,0,1.0301728924142857,0,176208.33333333334,,36570241.651499,1.256996341335455
2023-11-17,118479976.0,144597.5,,,,,1.0085587129212994,0.4279,1.0196329843,20923.2035,1.0080393891064636,1.0114419051845325,0,0.39989,0,0,1.0246521422571429,0,180095.83333333334,0.8028919788075792,36570241.651499,
2023-11-18,,,,,,,1.0057221061237864,0.4278,1.014093267,20928.9294,1.0078442700692671,1.0118207708455302,0,0.4044533333333333,0,0,1.022534186,0,180095.83333333334,,38109203.90285248,
2023-11-19,,,,,,,1.006727093521632,0.43455,1.0109797626,20939.4164,1.0080360014660923,1.011720907502373,0,0.4087683333333333,0,0,1.0204482075,0,180095.83333333334,,38109203.90285248,
2023-11-20,197028003.0,175588.0,45344546.35534512,70.77675926037604,177.71355411999994,640670.0,1.0118199943830757,0.4413,1.0412372352,20961.8204,1.008585541135706,1.011948340242329,0,0.412835,0,0,1.0222406696857145,0,166762.16666666666,1.052924674161705,39013621.70941406,1.1622747227387862
2023-11-21,,,,,,,1.0139029433930928,0.4178,1.0266252188,20978.3974,1.0100600012938852,1.0122765205535689,0,0.416075,0,0,1.0247103274,0,166762.16666666666,,39013621.70941406,
2023-11-22,218772921.5,195691.0,,,,,1.0103135540204775,0.4273,1.0144899268,21005.2103,1.0094437664761509,1.012003314932855,0,0.417645,0,0,1.0232027735285716,0,171958.83333333334,1.1380107448197387,40184901.96003967,
2023-11-23,,,,,,,1.0067680595987756,0.4368,1.0294562321,21013.9289,1.0091160662803056,1.0112752023611242,0,0.4190183333333334,0,0,1.0223592324,0,171958.83333333334,,40184901.96003967,
2023-11-24,216891945.0,160181.0,43175803.34623592,69.20330462068466,97.80573665,623898.0,1.0080185319953223,0.4425,1.0289712958,21028.8947,1.0090388975765945,1.0110063697401392,0,0.4202583333333333,0,0,1.0236932769,0,177153.33333333334,0.9041941068001356,40558764.63331419,1.064524615988233
2023-11-25,,,,,,,1.0046247873693994,0.4435,1.0243741216,21035.8507,1.0088821377545394,1.0104278814968766,0,0.421745,0,0,1.0251619704142858,0,177153.33333333334,,40558764.63331419,
2023-11-26,,,,,,,1.00494323364241,0.4386,1.0172712503,21042.9563,1.008627300628936,1.0102881140630888,0,0.4232483333333333,0,0,1.0260607543714286,0,177153.33333333334,,41494876.7165442,
2023-11-27,248756636.0,196172.0,,,,,1.0027086106678291,0.4346,1.0070638336,21048.9329,1.007325674383901,1.0100385798220413,0,0.424515,0,0,1.0211788398571429,0,184014.66666666663,1.066067197542225,41494876.7165442,
2023-11-28,,,37326757.10887134,83.38156267199659,78.80659978,447662.0,1.0105488312111195,0.43865,1.0228387926,21066.1976,1.0068465155007618,1.0101245830360843,0,0.4256433333333333,0,0,1.0206379218285715,0,184014.66666666663,,40973861.765585095,0.9109894820854536
2023-11-29,276426507.5,173173.0,,,,,1.0162271438017974,0.4427,1.0433740047,21091.1404,1.0076913140409505,1.0103205480913848,0,0.4269699999999999,0,0,1.0247642186714283,0,176508.66666666666,0.9811019666645264,40973861.765585095,
2023-11-30,,,,,,,1.0020447496956375,0.4407,1.0422551737,21094.5895,1.0070165554833594,1.009945673101582,0,0.4281666666666666,0,0,1.0265926389,0,176508.66666666666,,41972625.73184463,
2023-12-01,232448736.5,116440.5,,,,,1.0141981069856958,0.4541,1.0585805835,21126.8733,1.0078993519105557,1.009661317277883,0,0.4294033333333333,0,0,1.0308225371428572,0,161928.5,0.7190858928477692,41972625.73184463,
2023-12-02,,,33852262.01674702,77.78052426945652,63.57856882,429362.0,1.0086095226432843,0.46245,1.0218987216,21141.6853,1.0084685998068248,1.0095155700104412,0,0.4312383333333333,0,0,1.0304689085714285,0,161928.5,,40957580.26745743,0.8265200677307617
2023-12-03,,,,,,,1.0100211600642224,0.4708,1.0518030043,21157.2956,1.0091940178670835,1.009477519608646,0,0.4334683333333334,0,0,1.0354020162857145,0,161928.5,,40957580.26745743,
2023-12-04,239759324.5,166866.5,,,,,1.030269854126479,0.4935,1.1006579448,21229.4592,1.0131313383611764,1.010238999476092,0,0.4362483333333333,0,0,1.0487726036,0,152160.0,1.0966515509989485,40997282.69715357,
2023-12-05,,,,,,,1.020551188490464,0.517,1.0753650304,21286.2478,1.01456024654394,1.0107216198948878,0,0.4398416666666666,0,0,1.056276351857143,0,152160.0,,40997282.69715357,
2023-12-06,235485484.0,214815.0,50935074.8445154,106.6667396370287,293.6611414599999,467795.0,1.0329863871938867,0.512,1.1054993282,21349.7941,1.0169544241713813,1.0114848779772962,0,0.4432983333333333,0,0,1.065151398071429,0,166040.66666666666,1.2937493224551415,42239506.7155738,1.2058633920015815
2023-12-07,,,,,,,1.0188551941140878,0.506,1.058325547,21382.6559,1.0193559162311598,1.011692953027764,0,0.4463516666666667,0,0,1.0674471656857143,0,166040.66666666666,,42239506.7155738,
2023-12-08,230929843.5,150232.0,,,,,1.0163926357002964,0.50795,1.0480745902,21421.8041,1.0196694203332457,1.0118869086577802,0,0.4492799999999999,0,0,1.0659463095,0,177304.5,0.8473106999540339,42968290.588822775,
2023-12-09,,,,,,,1.0102136070964125,0.5099,1.0390744013,21434.835,1.0198985752551213,1.0113187307801623,0,0.45186,0,0,1.0683999780285711,0,177304.5,,42968290.588822775,
2023-12-10,,,44686549.54716012,80.73231899254785,114.83473182,536175.0,1.009431404416496,0.5096,1.0234750434,21446.7867,1.0198143244483031,1.0110724808000309,0,0.4541066666666667,0,0,1.0643531264714283,0,177304.5,,43183072.95861495,1.034816340883986
2023-12-11,232207250.5,131820.5,,,,,1.0075300256102444,0.4793,1.0029300411,21458.7748,1.0165657775174126,1.0110872170075669,0,0.4555433333333333,0,0,1.0503919973714286,0,165622.5,0.7959093722169391,43183072.95861495,
2023-12-12,,,,,,,1.0215860353583308,0.4814,1.0183035087,21503.4201,1.0167136127842509,1.011627252394716,0,0.45702,0,0,1.0422403514142855,0,165622.5,,43041379.02522324,
2023-12-13,272546900.5,197107.0,,,,,1.0099977447672983,0.4986,1.0170289461,21528.6539,1.0134295210090236,1.0116947366637667,0,0.45934,0,0,1.0296017253999998,0,159719.83333333334,1.2340796749307903,43041379.02522324,
2023-12-14,,,53487706.78018544,93.67620301791716,334.12679747,570985.0,1.0115461069491234,0.4993,1.0505553209,21548.0717,1.012385365699743,1.0119602161525427,0,0.4621966666666667,0,0,1.0284916931,0,159719.83333333334,,44347169.99459351,1.2061131924924695
2023-12-15,144290628.0,156982.5,,,,,1.0197083862446856,0.486,1.0293070954,21576.0887,1.0128590443489416,1.012129589102545,0,0.4634766666666666,0,0,1.0258106224142858,0,161970.0,0.9692072606038156,44347169.99459351,
2023-12-16,,,,,,,1.0127329978682342,0.4884,1.0162618136,21591.8764,1.0132189573163448,1.012251956999163,0,0.4657,0,0,1.0225516813142856,0,161970.0,,44115528.57129433,
2023-12-17,,,,,,,1.0039539379099702,0.4787,1.007579613,21595.0555,1.0124364621011268,1.0120984644987856,0,0.4673933333333334,0,0,1.020280905542857,0,161970.0,,44115528.57129433,
2023-12-18,120884879.5,130399.0,59706278.14765298,93.1548206804626,390.7370200099999,640936.0,1.0151285641690306,0.4926,1.0066016251,21631.5505,1.0135219676095246,1.0124120131002938,0,0.4695533333333334,0,0,1.0208054175428571,0,161496.16666666666,0.8074433139279881,46064372.268339165,1.296148741588087
2023-12-19,,,,,,,1.0163981242337332,0.4878,1.0506574104,21652.7089,1.012780837448868,1.0127343807906972,0,0.4713283333333333,0,0,1.0254274035,0,161496.16666666666,,46064372.268339165,
2023-12-20,192620226.0,171048.0,,,,,1.01989451980894,0.5026,1.0341212017,21690.2747,1.0141946624548166,1.0130035316382258,0,0.4733716666666667,0,0,1.0278691543,0,152809.83333333334,1.1193520486792408,46167204.541624025,
2023-12-21,,,,,,,1.0126209722477653,0.5051,1.0336018063,21711.9907,1.014348214640337,1.012960799266715,0,0.4762816666666667,0,0,1.0254472236428571,0,152809.83333333334,,46167204.541624025,
2023-12-22,189924114.0,149659.5,60254531.70180586,96.3254126523,324.4882387599998,625531.0,1.0138326277022307,0.506,1.029718277,21740.0743,1.0135088205628435,1.0130781017227737,0,0.4789049999999999,0,0,1.0255059638714286,0,150368.83333333334,0.995282710402089,47928120.43664676,1.2571853674389888
2023-12-23,,,,,,,1.0127432062948802,0.503,1.0158118216,21753.3724,1.0135102789095072,1.01327727327931,0,0.4811116666666666,0,0,1.0254416793,0,150368.83333333334,,47928120.43664676,
2023-12-24,,,,,,,1.0213730746610852,0.4947,1.0248449646,21777.6377,1.0159987270168094,1.0137224247015022,0,0.4828516666666667,0,0,1.0279081581,0,150368.83333333334,,48607022.87813403,
2023-12-25,196703533.0,153876.0,,,,,1.0077262344514333,0.5005,1.0047306152,21788.256,1.0149412513428668,1.0138258062709036,0,0.4847516666666667,0,0,1.0276408709714284,0,158194.5,0.9727013265315798,48607022.87813403,
2023-12-26,,,44429205.61532214,80.24158805569539,167.81165180000002,553693.0,1.0179702690051695,0.4866,1.058152579,21816.4281,1.015165843453072,1.0142600407829954,0,0.4863516666666667,0,0,1.0287116093428572,0,158194.5,,48084795.72028254,0.9239761747928474
2023-12-27,208960216.0,226112.0,,,,,1.040154290544961,0.4961,1.0154619819,21887.6403,1.0180600964153608,1.0155082301122331,0,0.4884016666666666,0,0,1.0260460065142856,0,176549.16666666666,1.2807310522564537,48084795.72028254,
2023-12-28,,,,,,,1.0110787973944082,0.4867,1.0225346157,21902.7181,1.017839785722024,1.0155258956516762,0,0.4900033333333333,0,0,1.024464979285714,0,176549.16666666666,,49621658.37905557,
2023-12-29,,,,,,,1.0161838373216037,0.4779,1.0510093913,21928.0744,1.0181756728105058,1.0155244521023363,0,0.4911766666666667,0,0,1.0275065670428571,0,189994.0,,49621658.37905557,
2023-12-30,112168000.5,151495.5,49356320.35824165,92.45821247537414,264.2947451199999,533823.0,1.009358201626574,0.4801,1.0031949179,21941.2125,1.0176921007150337,1.0157682338333676,0,0.49249,0,0,1.0257041522285717,0,177161.16666666666,0.8551281460289925,49588491.12645383,0.995318051367602
2023-12-31,,,,,,,1.0094845938913095,0.48,1.023638551,21952.1215,1.0159937463193514,1.0156111167302213,0,0.4933533333333333,0,0,1.0255318074285713,0,177161.16666666666,,49588491.12645383,
2024-01-01,76553740.5,111704.5,,,,,1.0101107971646934,0.5012,1.0147279951,21969.6873,1.0163343981355315,1.0156611592142684,0,0.494645,0,0,1.0269600045571428,0,163104.0,0.6848667108102806,51836523.85641194,
2024-01-02,,,,,,,1.0233163854799427,0.5102,1.0791581134,22010.088,1.017098129060499,1.0161043333947923,0,0.4959583333333334,0,0,1.0299607951857142,0,163104.0,,51836523.85641194,
2024-01-03,193240781.0,75190.5,49942736.51560193,99.3393055294032,146.25275834000007,502749.0,1.012468540235376,0.485,1.0209379803,22030.0162,1.0131430218734154,1.0155109562650888,0,0.495675,0,0,1.0307430806714284,0,112796.83333333331,0.6666011604935718,51599800.43881069,0.967886233878486
2024-01-04,,,,,,,1.0787677914317153,0.4978,1.0348462411,22222.2564,1.0228128781644592,1.0174515096964638,0,0.495035,0,0,1.0325018843,0,112796.83333333331,,51599800.43881069,
2024-01-05,,,,,,,1.015745158353381,0.4959,1.0288138751,22253.9254,1.0227502097404275,1.016876802068447,0,0.4944983333333334,0,0,1.0293310962714286,0,112796.83333333331,,51694761.23799574,
2024-01-06,284891706.5,75660.0,,,,,1.007559834085603,0.4931,1.0197824547,22263.704,1.0224933000917171,1.0165002900674975,0,0.4940683333333334,0,0,1.0317007443857142,0,87518.33333333333,0.8645045799927634,51694761.23799574,
2024-01-07,,,35888603.51598232,102.92468773224869,76.29310876999995,348688.0,1.0068964231281026,0.492,1.0201573133,22271.8847,1.0221235614112592,1.0161837496484245,0,0.4935366666666667,0,0,1.0312034247142858,0,87518.33333333333,,49718991.52274406,0.7218288709569864
2024-01-08,313747396.5,80065.0,,,,,1.017776283755694,0.525,1.045908436,22316.8027,1.0232186309242592,1.0164358388704005,0,0.49404,0,0,1.0356577734142858,0,76971.83333333333,1.0401856956332511,49718991.52274406,
2024-01-09,,,,,,,1.0174056963404448,0.5148,1.0608482346,22358.8091,1.0223742467614738,1.0167016486011986,0,0.4942133333333333,0,0,1.0330420764428572,0,76971.83333333333,,50437911.80497033,
2024-01-10,334101517.0,88103.0,,,,,1.01029168914488,0.5216,1.033229,22396.3451,1.02206326803426,1.0167937040523534,0,0.4956233333333333,0,0,1.0347979364,0,81276.0,1.0839977361090605,50437911.80497033,
2024-01-11,,,55090803.641925655,122.67617578784314,101.2830808,449075.0,1.0147410888651565,0.5163,1.0449019176,22432.7351,1.0129165962390374,1.0165655391692474,0,0.4967866666666667,0,0,1.0362344616142856,0,81276.0,,51019523.28458975,1.079798478998443
2024-01-12,,,,,,,1.0000924408606238,0.4765,1.0004957582,22415.6587,1.0106804937400722,1.0162353623723583,0,0.49605,0,0,1.032189016342857,0,81276.0,,51019523.28458975,
2024-01-13,313753828.0,85793.5,,,,,1.0018260209359109,0.4767,0.9752701097,22421.0181,1.0098613775758305,1.0159113595052511,0,0.4952966666666666,0,0,1.025830109914286,1,84653.83333333333,1.0134626705228942,50666925.6423618,
2024-01-14,,,,,,,1.0021379415212148,0.4647,0.9866135972,22423.1914,1.0091815944891322,1.015325678014469,0,0.4945866666666667,0,0,1.0210381504714283,1,84653.83333333333,,50666925.6423618,
2024-01-15,335589889.5,137352.5,35351902.51078625,86.54097687090115,117.39484570000003,408499.0,1.0042504224196356,0.4725,0.9913241064,22433.0298,1.0072493285839808,1.0150429254995157,0,0.4940566666666666,0,0,1.0132403891,1,103749.66666666669,1.3238837715141252,48752547.75091485,0.7251293346022694
2024-01-16,,,,,,,1.050750583507338,0.4778,0.9962908142,22542.2887,1.0120128838935372,1.0166028136860945,0,0.4940266666666666,0,0,1.0040179004714285,1,103749.66666666669,,48752547.75091485,
2024-01-17,320210234.0,152016.0,,,,,1.003571693839486,0.4717,0.9928620134,22552.0831,1.011052884564195,1.0162175846751098,0,0.49333,0,0,0.9982511881,1,125054.0,1.215602859564668,47187729.1228094,
2024-01-18,,,,,,,1.0182730750161215,0.4525,1.0659544102,22591.8657,1.0115574540143328,1.0162800830345229,0,0.4921533333333334,0,0,1.001258687042857,0,125054.0,,47187729.1228094,
2024-01-19,,,38173782.20108948,81.51443860777114,84.17113488000005,460763.0,1.0068004125653227,0.4566,0.9891658417,22608.4087,1.012515735686433,1.0158436127930688,0,0.49062,0,0,0.9996401275428572,1,125054.0,,46060985.757594414,0.8287660711819543
2024-01-20,358535301.5,142716.5,,,,,1.001330373314758,0.4574,0.9975161878,22611.2713,1.012444928883411,1.0154672594953018,0,0.4890299999999999,0,0,1.0028181387,1,144028.33333333334,0.9908918384114236,46060985.757594414,
2024-01-21,,,,,,,1.0021748540363096,0.4556,0.9990029744,22614.0014,1.0124502020998531,1.0150786670397711,0,0.48735,0,0,1.0045880497285713,1,144028.33333333334,,44033336.33699278,
2024-01-22,372946139.5,144204.5,,,,,0.9994845209626264,0.4288,0.9778307097,22606.4028,1.0117693590345662,1.0146367108620291,1,0.4848766666666667,0,0,1.0026604216285715,1,146312.33333333334,0.985593604549172,44033336.33699278,
2024-01-23,,,41501393.373973474,112.63412067994386,88.51466299000006,368462.0,1.0021287847913345,0.4308,0.9836031537,22618.4708,1.0048233877894226,1.0139952345330376,0,0.4827466666666666,0,0,1.0008478987,1,146312.33333333334,,43716843.46661536,0.9493227342835552
2024-01-24,383429367.0,145299.5,,,,,1.0192309758597162,0.4348,0.9852377173,22664.1178,1.0070604280780269,1.0143787259133137,0,0.4805566666666667,0,0,0.9997587135428572,1,144073.5,1.0085095454750526,43716843.46661536,
2024-01-25,,,,,,,1.0086012012443224,0.4318,1.0081961451,22681.6118,1.005678731824913,1.0140664236546189,0,0.47873,0,0,0.9915075328142856,0,144073.5,,43615077.445371546,
2024-01-26,,,,,,,1.0073928533786412,0.4576,1.0130502898,22705.2582,1.0057633662268155,1.0129743757490748,0,0.4774466666666667,0,0,0.9949195968285716,0,144073.5,,43615077.445371546,
2024-01-27,281937325.5,66335.5,47675471.29990798,78.31249340885203,58.19419444000002,597446.0,1.0057958650327083,0.4608,1.0212107208,22714.7126,1.006401293615094,1.0127982780036848,0,0.4765833333333333,0,0,0.9983045301142858,0,118613.16666666669,0.5592591603798903,44122626.6771886,1.0805220561484887
2024-01-28,,,,,,,1.0060003067051002,0.4588,1.0150326214,22720.2492,1.0069477868534926,1.0124588269831347,0,0.4759466666666666,0,0,1.0005944796857142,0,118613.16666666669,,44122626.6771886,
2024-01-29,308828155.0,115618.0,,,,,1.008848610230819,0.4738,1.0250013129,22743.13,1.008285513891806,1.0124418406032762,0,0.4757366666666666,0,0,1.0073331372857144,0,109084.33333333331,1.0598955548153874,43374956.15132387,
2024-01-30,,,,,,,1.0230492989446256,0.4693,1.0423982922,22791.7686,1.0112741587708476,1.0128939974383868,0,0.4753800000000001,0,0,1.0157324427857144,0,109084.33333333331,,43374956.15132387,
2024-01-31,309769740.5,73932.0,37948047.32824909,84.24082200241322,49.84143557999997,444450.0,1.0109211247941403,0.464,1.0380169117,22826.6726,1.010087037190051,1.0129210083593685,0,0.47414,0,0,1.0232723277,0,85295.16666666667,0.866778305140385,42696592.54843952,0.8887839769695163
2024-02-01,,,,,,,1.0031973837503585,0.4691,0.9931529373,22838.3111,1.0093150632623418,1.0122503749683822,0,0.47277,0,0,1.0211232980142857,1,85295.16666666667,,42696592.54843952,
2024-02-02,,,,,,,1.00657184093322,0.4705,1.0115830531,22851.926,1.0091977757701387,1.012053818324977,0,0.4722866666666666,0,0,1.0209136927714284,0,85295.16666666667,,41661429.12455917,
2024-02-03,308140039.0,86274.5,,,,,1.0021711385507868,0.4683,1.0085813089,22855.0969,1.008679957701293,1.0095005965622794,0,0.4713033333333333,0,0,1.0191094910714285,0,91941.5,0.9383629808084488,41661429.12455917,
2024-02-04,,,45783886.783488914,136.1760524893264,98.42988745,336211.0,1.0047726630392155,0.4631,1.002414785,22860.6903,1.008504580034738,1.0091348467184738,0,0.47021,0,0,1.0173069430142856,0,91941.5,,42176736.33192539,1.0855246461740358
2024-02-05,254397107.0,94206.5,,,,,1.0067485514956251,0.4633,1.0016566187,22872.6925,1.008204571643996,1.0091078039654746,0,0.4692166666666667,0,0,1.0139719867,0,84804.33333333333,1.1108689414456023,42176736.33192539,
2024-02-06,,,,,,,1.0144070040182824,0.4686,1.0063889345,22905.3172,1.0069699580830898,1.009358156661814,0,0.4684366666666666,0,0,1.008827792742857,0,84804.33333333333,,43075041.01991726,
2024-02-07,249228319.0,146570.5,,,,,1.009416273912631,0.4818,1.0168959267,22930.1499,1.006754979385731,1.0090794896670452,0,0.4669966666666666,0,0,1.005810509171429,0,109017.16666666669,1.3444717422179686,43075041.01991726,
2024-02-08,,,42786545.164145045,147.15568383270238,52.9856866,285101.0,1.0139478145479122,0.4935,1.0509353187,22961.739,1.008290755213953,1.0089642269406276,0,0.4662866666666667,0,0,1.0140651350857144,0,109017.16666666669,,43038979.03794573,0.9941347615709442
2024-02-09,,,,,,,1.0169684459707258,0.5124,1.063758241,23003.1194,1.0097759845050256,1.0091867855014889,0,0.46598,0,0,1.021518733357143,0,109017.16666666669,,43038979.03794573,
2024-02-10,193524742.5,128768.5,,,,,1.0126578060413558,0.5182,1.0299843362,23024.4702,1.011274079860821,1.0091173427406956,0,0.4660433333333333,0,0,1.0245763086857145,0,123181.83333333331,1.0453530079516595,41317289.80880575,
2024-02-11,,,,,,,1.0130069366390606,0.5219,1.0433727341,23044.0678,1.012450404660799,1.0095478259333102,0,0.4675566666666667,0,0,1.0304274442714283,0,123181.83333333331,,41317289.80880575,
2024-02-12,173860411.5,112121.0,57764470.8403383,140.91954312116118,67.17328884000001,409911.0,1.0224990227737358,0.5378,1.0770847528,23106.5091,1.0147004719862434,1.0102369259945712,0,0.4695933333333333,0,0,1.041202892,0,129153.33333333331,0.8681231611005007,43373187.43774732,1.3318013789797327
2024-02-13,,,,,,,1.0138454958398584,0.5337,1.0571673905,23141.2608,1.014620256532183,1.0106271778051923,0,0.4718933333333333,0,0,1.048456957142857,0,129153.33333333331,,43373187.43774732,
2024-02-14,206079190.5,137293.5,,,,,1.041501669057973,0.5513340066914422,1.095703132,23274.8471420528,1.0192038844100888,1.0118688860264704,0,0.4745211335563814,0,0,1.0597151293285714,0,126061.0,1.0891036878971292,44519085.28445604,
2024-02-15,,,,,,,1.0167029297859178,0.5490405722107858,1.0591390004,23315.42853341566,1.0195974723012324,1.0107339642357565,0,0.4768958192967409,0,0,1.060887083857143,0,126061.0,,44519085.28445604,
2024-02-16,,,47283903.32749274,146.2987531829813,32.81914217999999,312782.0,1.015413372554793,0.5495370629623225,1.0364931788,23353.730482873714,1.0193753189560992,1.0111286868596,0,0.4794903880621516,0,0,1.0569920749714288,0,126061.0,,44864687.53983563,1.0539224927290325
2024-02-17,185927374.0,132312.0,,,,,1.0104046845438854,0.547735488570768,1.0294858482,23370.546415716308,1.0190534444564607,1.010866407177192,0,0.482664904347844,0,0,1.0569208624,0,127242.16666666669,1.0398439720585289,44864687.53983563,
2024-02-18,,,,,,,1.0140862016496113,0.5477163909104006,1.0406470117,23393.079432987,1.0192076251722535,1.011109266813335,0,0.4857021173781906,0,0,1.0565314734857143,0,127242.16666666669,,45820531.15965651,
2024-02-19,179841101.5,135917.5,,,,,1.0350209548126406,0.549868640656157,1.0552172209,23465.29637760612,1.0209964726063827,1.0122322861965978,0,0.4887844054000625,0,0,1.0534075403571428,0,135174.33333333334,1.0054978385936186,45820531.15965651,
2024-02-20,,,47322899.81340297,119.17244145849612,31.802945029999997,397096.0,1.008702593818089,0.5464830801281205,1.0271231582,23494.33640121779,1.0202617723175589,1.012449877522657,0,0.4918138414043332,0,0,1.0491155071714289,0,135174.33333333334,,46008327.24137481,1.0285724922171475
2024-02-21,175160504.5,138922.0,,,,,1.0122863465090075,0.5503329269088052,1.0444797928,23528.453363732828,1.0160881548105636,1.0128766050408695,0,0.4958649389679601,0,0,1.0417978872857143,0,135717.16666666666,1.0236140601225834,46008327.24137481,
2024-02-22,,,,,,,1.0184793607746443,0.5457467523867406,1.0457829972,23569.05965063062,1.016341930666096,1.0134216242403131,0,0.4996964973808514,0,0,1.0398898868285715,0,135717.16666666666,,46652174.93671786,
2024-02-23,,,,,,,1.021579942958304,0.5350647848799217,1.0240879909,23611.38932528483,1.0172228692951688,1.0134999231435995,0,0.5030386568768488,0,0,1.0381177171285714,0,135717.16666666666,,46652174.93671786,
2024-02-24,155832999.0,125534.5,45831218.69224145,133.78799615910935,25.96199853000001,340419.0,1.010456594467604,0.5354131949895811,1.0160170615,23628.584022701685,1.0172302849985573,1.0135617695843755,0,0.5064924300431682,0,0,1.036193604742857,0,133458.0,0.9406292616403664,46549555.40615831,0.984568344259163
2024-02-25,,,,,,,1.0088204856558454,0.5417157881362764,1.02915305,23642.31186972589,1.016478039856591,1.0136093573269491,0,0.5092962896477107,0,0,1.0345516102142855,0,133458.0,,46549555.40615831,
2024-02-26,131196223.5,88676.0,,,,,1.0206344500798257,0.5419337908575541,1.0494980163,23714.51656551056,1.01442282489476,1.0141039768285198,0,0.5120007493429626,0,0,1.033734580985714,0,117710.83333333331,0.7533376282273652,46388710.27847978,
2024-02-27,,,,,,,1.0377640929202527,0.5629654618292023,1.1264769204,23840.64466932716,1.0185744676236406,1.0151627697023582,0,0.5154729314039359,0,0,1.0479279755857145,0,117710.83333333331,,46388710.27847978,
2024-02-28,168681993.5,130574.5,59287809.13205337,141.572347198305,59.94820722000001,413800.0,1.0747737974626148,0.5766722233112497,1.2112172513,24220.812481644665,1.0275012463312987,1.0173602759434182,0,0.5189020055143109,0,0,1.0717476125142855,0,114928.33333333331,1.136138463100193,48001097.63517648,1.235134445938288
2024-02-29,,,,,,,1.0316365361986028,0.6091796212110475,1.1147772312,24328.007474343267,1.0293808428204356,1.0176465171852174,0,0.5235646595546792,0,0,1.0816039316571426,0,114928.33333333331,,48001097.63517648,
2024-03-01,,,,,,,1.0460088897697792,0.5992226408574308,1.0856495703,24498.29738495818,1.0328706923649322,1.018816109351072,0,0.5280720809165935,0,0,1.090398443,0,114928.33333333331,,49437247.67902325,
2024-03-02,175420219.5,118055.5,,,,,1.011113428002669,0.6057061142389741,1.0443420502,24520.5471030852,1.0329645257270843,1.0190799774928156,0,0.5326256180578927,0,0,1.0944448699571427,0,112435.33333333331,1.049985769597932,49437247.67902325,
2024-03-03,,,63058947.8407899,163.59952948340472,46.136782050000015,385447.0,1.0173336334282197,0.6101231442588005,1.0538911726,24558.90545915479,1.0341806896945662,1.0194387039093156,0,0.5372797228665193,0,0,1.097978887471429,0,112435.33333333331,,51139960.19924408,1.2330660328070024
2024-03-04,204423367.0,140948.0,,,,,1.0445395926315073,0.6085792429035591,1.1481531428,24749.878594399142,1.0375957100590922,1.0208509857120065,0,0.5419556976299713,0,0,1.1120724769714283,0,129859.33333333331,1.0853898320747066,51139960.19924408,
2024-03-05,,,,,,,1.0368565633780151,0.6096202204705825,1.1227345516,24924.380230511,1.0374660629816297,1.021920449056633,0,0.5468397049789908,0,0,1.111537852857143,0,129859.33333333331,,51905113.54435197,
2024-03-06,,,,,,,1.087191483863552,0.6036416350918022,1.0898386207,25305.510372029014,1.0392400181817636,1.024601880135564,0,0.5515177594820508,0,0,1.0941980484857143,0,129501.75,,51905113.54435197,
2024-03-07,166462952.0,107891.0,78496285.61822377,179.89541650217208,52.15660503999999,436344.0,1.0460948169660351,0.6199198126186596,1.1115780812,25495.314678448,1.041305486862825,1.0256581405671554,0,0.5565617532360061,0,0,1.0937410270571428,0,122298.16666666669,0.8821963807034446,55229010.05358595,1.4212872101466738
2024-03-08,,,,,,,1.0399200709097525,0.6171901651050411,1.1032319104,25656.726316304,1.0404356555971073,1.0266749338003929,0,0.5610747587395076,0,0,1.0962527899285714,0,122298.16666666669,,55229010.05358595,
2024-03-09,179713451.5,120335.0,,,,,1.0217609217516317,0.6237372641016503,1.0774135165,25709.842915342124,1.0419567261326732,1.0269353707071835,0,0.5654160008762292,0,0,1.1009772851142858,0,123058.0,0.977872222854264,57006505.03779179,
2024-03-10,,,,,,,1.0235191064849072,0.6236771552264513,1.0478162878,25766.511934203707,1.0428403651407716,1.0271537260576562,0,0.5691252393837777,0,0,1.1001094444285715,0,123058.0,,57006505.03779179,
2024-03-11,137238732.5,113247.0,78889620.04037066,197.02308655264292,41.035269150000005,394098.0,1.0487963740469084,0.6399411383484879,1.1503886926,26007.55789963512,1.043448476771543,1.0283583449911748,0,0.5731832773287272,0,0,1.1004288086857144,0,113824.33333333331,0.9949278566680236,59741894.41311415,1.3205075067564869
2024-03-12,,,,,,,1.0270143516711678,0.6367444195621424,1.0966995454,26138.722366111684,1.0420424465277078,1.0288252588255784,0,0.5770114246474651,0,0,1.0967095220857144,0,113824.33333333331,,59741894.41311415,
2024-03-13,,,,,,,1.087295670561679,0.635749530933191,1.3064869292,26605.724409279228,1.042057330341726,1.0309851470851763,0,0.580276409011905,0,0,1.1276592804428571,0,113824.33333333331,,60024383.49493927,
2024-03-14,112510559.0,76204.0,,,,,1.0244943775332032,0.6344837320509735,1.0380541596,26714.593430486984,1.0389715532798929,1.031340109808288,0,0.5836358667469373,0,0,1.1171558630714284,0,103262.0,0.7379675001452616,60024383.49493927,
2024-03-15,,,57055498.61769609,185.30288212461056,37.14060522999997,307904.0,1.0112415019093612,0.6258303585764298,1.0064898873,26772.09486123344,1.0348746148512655,1.0303314375700008,0,0.5861190784764371,0,0,1.1033355740571429,0,103262.0,,59653272.88528387,0.9564521082928102
2024-03-16,119254534.0,81272.0,,,,,1.008728406575527,0.614658987599848,1.0248295378,26780.16646653963,1.033012826968965,1.0300656201296543,0,0.5883063589894058,0,0,1.0958235771,0,90241.0,0.9006105872053722,59653272.88528387,
2024-03-17,,,,,,,1.032022247205604,0.6067887177283686,0.9910263445,26863.06873873168,1.034227561357636,1.0306192492846815,0,0.5902147474816073,0,0,1.0877107280571428,1,90241.0,,61420325.67925403,
2024-03-18,133720887.0,118330.5,,,,,1.0152322744550244,0.6061088773803749,1.0277609892,26906.51786791141,1.0294326899873667,1.0307801689483862,0,0.5921605271085941,0,0,1.0701924847142856,0,91935.5,1.287103458402902,61420325.67925403,
2024-03-19,,,66335356.25590292,142.97892078469954,46.05466678999999,463952.0,0.9965133061028116,0.6027258969188708,0.9741558322,26867.27135422025,1.0250753977633158,1.0301944057634929,1,0.5939941773088766,0,0,1.0526862399714283,1,91935.5,,62034704.50133514,1.069326545344876
2024-03-20,,,,,,,1.0094876249021687,0.6036507292303664,0.9942444794,26951.315598015943,1.0139599626691,1.0293432947664771,0,0.5957869135946835,0,0,1.0080801757142857,1,91935.5,,62034704.50133514,
2024-03-21,113947529.0,60846.0,,,,,1.0221016525172262,0.6019667659654795,1.0419531789,26991.01492820468,1.0136181448096748,1.0297899300564484,0,0.5976363697892622,0,0,1.0086371784714283,0,86816.16666666667,0.7008602468434258,64136390.88532545,
2024-03-22,,,,,,,1.0208652558616929,0.5871130441421366,1.0028151269,27047.259689278628,1.014992966802865,1.030075893701538,0,0.5988623736970398,0,0,1.0081122127,0,86816.16666666667,,64136390.88532545,
2024-03-23,114196772.5,63383.0,67132158.05324538,196.46462273521405,24.56584449,326610.0,1.1444159869842048,0.5755187039699795,1.012108335,27328.09563453407,1.0343769068612476,1.0342737812418563,0,0.5998547720831479,0,0,1.0062948980142856,0,80853.16666666667,0.7839272425940851,64510861.781315446,1.0406334096235736
2024-03-24,,,,,,,1.0163951881826,0.593488199666733,1.0187192859,27363.615012737137,1.0321444698579612,1.0341009560826664,0,0.6018022192427082,0,0,1.0102510325,0,80853.16666666667,,64510861.781315446,
2024-03-25,113839264.0,80695.0,,,,,1.066151809169798,0.5890390962818758,1.0932883537,27663.01723199601,1.039418689102929,1.0359574632394064,0,0.6035897492857847,0,0,1.0196120845714287,0,68308.0,1.1813403993675704,67179382.22261174,
2024-03-26,,,,,,,1.0120808735698212,0.6029199202601065,1.0130413851,27697.620401500888,1.0416426273125017,1.0360661428365388,0,0.6056298870232457,0,0,1.0251671635571429,0,68308.0,,67179382.22261174,
2024-03-27,,,61355577.38783222,172.39458443007405,30.34220638,355902.0,1.0119866362297598,0.6039025859569772,1.0282261952,27737.048878023208,1.041999628930729,1.03577788237487,0,0.6076955135265598,0,0,1.0300216943857143,0,68308.0,,66451406.61826429,0.9233149531400368
2024-03-28,114586244.0,65712.0,,,,,1.0346597208309498,0.5988589441267251,1.0502206863,27859.1584785598,1.0437936386898323,1.0356744033052263,0,0.6088919629364772,0,0,1.0312027668714283,0,69930.0,0.9396825396825396,66451406.61826429,
2024-03-29,,,,,,,1.0081853344322107,0.6059778771696519,1.0185906472,27890.79469072433,1.0419822213427634,1.0334547878708795,0,0.6098688180650905,0,0,1.0334564126285717,0,69930.0,,67474777.687723,
2024-03-30,102372467.5,54731.0,,,,,1.0106983728073422,0.599312257988571,1.026870488,27910.08310489488,1.022879705031783,1.032756849091171,0,0.6095399059576747,0,0,1.0355652916285716,0,67046.0,0.8163201384124332,67474777.687723,
2024-03-31,,,63236811.09429468,196.25474397549075,28.04897587,319675.0,1.0142442401805012,0.5993145596818199,1.0195121381,27938.111152444868,1.022572426745769,1.031698027438195,0,0.6095429699184877,0,0,1.0356785562285713,0,67046.0,,66945031.86354445,0.9446079766336012
2024-04-01,104695155.5,68286.0,,,,,1.0304970952428345,0.6058546454360625,0.9857081656,28097.993579449485,1.0174788961847745,1.032344149679534,0,0.6095479209583907,0,0,1.0203099579285717,1,62909.66666666666,1.085461163891082,66945031.86354445,
2024-04-02,,,,,,,1.0227474460617212,0.5950401951750001,0.984053928,28176.56476762691,1.0190026922550457,1.0325246101006509,0,0.6090451559889306,0,0,1.0161688926285712,1,62909.66666666666,,67500186.72393796,
2024-04-03,,,,,,,1.0130753305572726,0.5733395670607266,1.010111824,28217.66898943885,1.0191582200161189,1.0314758013648428,0,0.6078705001275029,0,0,1.0135811253142857,0,62909.66666666666,,67500186.72393796,
2024-04-04,103474429.5,66638.0,60862190.09987233,186.9427093120053,23.051920150000004,320607.0,1.0092607302322498,0.5836592238698339,1.0124163217,28252.899196409347,1.0155297927877331,1.030555940259984,0,0.6070051335741445,0,0,1.0081805018,0,63218.333333333336,1.0540929582663257,66670437.14592976,0.9128812215023548
2024-04-05,,,,,,,1.0050897953228226,0.5836592238698339,1.0123325342,28272.04103020228,1.015087572914963,1.0278192173086262,0,0.606339053200079,0,0,1.0072864856571428,0,63218.333333333336,,66670437.14592976,
2024-04-06,95308471.5,67022.0,,,,,1.0136861356314233,0.5832310397790054,1.0358879944,28307.452559672205,1.0155143961755464,1.026738927930806,0,0.6051160941054239,0,0,1.0085747008571428,0,67315.33333333333,0.9956423994533192,64981030.22131632,
2024-04-07,,,,,,,1.0100128630993992,0.5898075246313566,1.0277570151,28326.14462686565,1.0149099137353892,1.0257420210037942,0,0.6042033394229677,0,0,1.0097525404285714,0,67315.33333333333,,64981030.22131632,
2024-04-08,116945902.5,111517.5,72584586.6894471,159.31053206848537,33.11963192,455617.0,1.0180774296394262,0.5906332884612977,1.0594369261,28390.508597442626,1.013135675792045,1.0256192379333873,0,0.6030998735682893,0,0,1.0202852205,0,81725.83333333333,1.3645318187843505,65931474.77983267,1.1009094962888577
2024-04-09,,,,,,,1.0100254286913066,0.6028784961123125,1.0227488431,28412.2702356651,1.0113182447391285,1.0251694486736007,0,0.6024065849311512,0,0,1.0258130655142856,0,81725.83333333333,,65931474.77983267,
2024-04-10,,,,,,,1.0086047742286726,0.5888205748104292,1.0098074031,28449.2685307948,1.0106795938350428,1.0238297286796594,0,0.6007025661465494,0,0,1.0257695768142858,0,81725.83333333333,,64080311.17118438,
2024-04-11,125986222.0,120073.5,,,,,1.0106381588590996,0.5955913331434644,1.0267921939,28475.008961370007,1.0108763693531644,1.0232838555859238,0,0.59933079659926,0,0,1.0278232728428571,0,99537.66666666669,1.2063121833275845,64080311.17118438,
2024-04-12,,,70825577.10394244,156.93366873681322,157.2190875599999,448489.0,1.009006909068805,0.5932224983602986,1.0242156457,28483.303616194666,1.0114359570311615,1.020674230202828,0,0.5979132288468302,0,0,1.0295208602,0,99537.66666666669,,64923469.412779145,1.0909086921038995
2024-04-13,131711234.0,121395.0,,,,,0.9968089800790256,0.5766501637216295,0.9643642517,28477.94045446484,1.0090249348093907,1.019751383621022,1,0.5959854432358522,0,0,1.0193031826714285,1,117662.0,1.0317264707382163,64923469.412779145,
2024-04-14,,,,,,,1.001961397366354,0.5611007363909679,0.9692996048,28495.91145682758,1.0078747254189555,1.0194420468029215,0,0.5938277891630036,0,0,1.0109521240571429,1,117662.0,,66047465.24064815,
2024-04-15,138768824.5,126813.5,,,,,1.0035550137246616,0.5662862487942055,0.9970994925,28495.81858543686,1.0058000945739891,1.0192696003745596,0,0.5922153645361486,0,0,1.0020467764,1,122760.66666666669,1.033014103322997,66047465.24064815,
2024-04-16,,,71877767.00329177,156.17249688925438,94.83667170999998,454669.0,1.0076909706097152,0.550407403671193,0.9726866949,28531.626248830344,1.0054666005623334,1.0184585578213634,0,0.5903359874009095,0,0,0.9948950409428572,1,122760.66666666669,,66776252.9609786,1.0763971294599937
2024-04-17,,,,,,,0.9980804678387468,0.5528288318715433,0.9659699549,28521.359662960283,1.0039631282209154,1.017886830934154,1,0.5885599858839485,0,0,0.9886325483428572,1,122760.66666666669,,66776252.9609786,
2024-04-18,137281441.0,125345.5,,,,,1.0105374104857654,0.5343520652488777,0.9727133194,28561.12360246397,1.0039487355961534,1.0183543010802525,0,0.5862808581616153,0,0,0.980906994842857,1,124518.0,1.0066456255320515,66839238.20456084,
2024-04-19,,,,,,,1.0130312135014417,0.5494796779563597,1.0001420633,28599.240925026414,1.0045236362293872,1.0184724207002285,0,0.5844751564524818,0,0,0.9774679116428572,0,124518.0,,66839238.20456084,
2024-04-20,161792350.0,174420.0,107755899.72006708,168.89083544282565,1257.7154452499992,631001.0,1.0059043069904523,0.5520365329313791,1.0104348861,28608.017153598168,1.0058229686453053,1.0179325091826692,0,0.5828108153513452,0,0,0.9840494308428572,0,142193.0,1.2266426617344033,71953820.89399913,1.4975702246418687
2024-04-21,,,,,,,1.006676850594745,0.5597604333179415,1.0224761518,28618.097875058786,1.0064966048207895,1.0174595623404377,0,0.5818990616572053,0,0,0.9916460804142858,0,142193.0,,71953820.89399913,
2024-04-22,,,,,,,1.0127595684324802,0.5593268381651709,1.0209227249,28653.233646903816,1.007811541207621,1.01307101505538,0,0.5813593327970451,0,0,0.9950493993285716,0,149882.75,,72642629.87124966,
2024-04-23,147360533.0,178780.0,,,,,1.006655230052481,0.5714300635270595,1.0015710434,28670.8226646203,1.0076635782708732,1.0127463497843765,0,0.5806240615923891,0,0,0.9991757348285716,0,159515.16666666666,1.1207711701395169,72642629.87124966,
2024-04-24,,,48915600.66247102,80.62395343839842,258.70972687,606713.0,1.0565413950789906,0.5514058358671834,1.0227852611,28795.24499872304,1.0160151393051935,1.012426002648016,0,0.5793696195785661,0,0,1.0072922071428572,0,159515.16666666666,,69676751.22015232,0.7020361857560798
2024-04-25,115378057.5,75805.5,,,,,1.0046044784541954,0.551883893152847,0.9885043269,28809.066351574245,1.015167577586398,1.012176789477495,0,0.5776684186749907,0,0,1.009548065357143,1,143001.83333333334,0.5301015954340912,69676751.22015232,
2024-04-26,,,,,,,1.003254166007821,0.5536970928554936,0.9898258216,28814.308373407388,1.0137708565158807,1.0118857071367635,0,0.5759949022382747,0,0,1.0080743165428572,1,143001.83333333334,,70865490.3390552,
2024-04-27,129092820.0,84178.5,,,,,1.0064108257808675,0.5481085535489507,0.9908142537,28827.66137438463,1.0138432163430828,1.010944077301761,0,0.5743032225523489,0,0,1.0052713690571429,1,112921.33333333331,0.7454614421839393,70865490.3390552,
2024-04-28,,,31312027.141232885,64.22703256112636,53.22139973,487521.0,1.0150219277173915,,1.0070298218,28852.997286757352,1.0150353702177468,1.0111719637446004,0,0.5732109930827868,0,0,1.0030647504857142,0,112921.33333333331,,65921307.43932741,0.4749909908879131
2024-04-29,,,,,,,1.0067695668341152,0.5481349195017877,0.9919216304,28877.9692842722,1.0141796557036946,1.0110410035454929,0,0.5714462572728977,0,0,0.9989217369857144,1,112921.33333333331,,65921307.43932741,
2024-04-30,124194583.5,78072.0,,,,,1.00354858901588,0.5471531724156047,0.9948775263,28881.43226765411,1.013735849841323,1.0106844818400054,0,0.5696475887464764,0,0,0.9979655202571428,1,79352.0,0.9838693416675068,66304806.917189226,
2024-05-01,,,,,,,0.9870757128301352,0.5250715748801129,0.9314399643,28852.14669312814,1.0038121809486296,1.0092371024262488,1,0.5668619656238575,0,0,0.9849161921428572,1,79352.0,,66304806.917189226,
2024-05-02,140867123.0,99377.0,28934123.907706067,50.81448578557353,35.37304202000001,559839.0,0.9961261106262136,0.505963558157002,0.9682133377,28850.78000988092,1.002600985544632,1.0083497245783986,1,0.5637903574508232,0,0,0.9820174794,1,87209.16666666667,1.1395247059273204,61633471.54100383,0.4694547164758783
2024-05-03,,,,,,,1.0083405890068926,0.5119799419702787,0.999035686,28882.59902381881,1.003327617401642,1.0081918998600523,0,0.5616745083097732,0,0,0.9833331743142856,1,87209.16666666667,,61633471.54100383,
2024-05-04,164790993.0,121645.0,,,,,1.0094205083520849,0.5406740945760566,1.0304669516,28896.000627334168,1.0037575720546734,1.0081972257973804,0,0.5601922624720566,0,0,0.9889978454428572,0,99698.0,1.220134807117495,61743654.60402262,
2024-05-05,,,,,,,1.0056922291505308,0.5489255963472669,1.0087895324,28902.82612896581,1.0024247579736931,1.0082173069249705,0,0.558994551178175,0,0,0.9892492326714286,0,99698.0,,61743654.60402262,
2024-05-06,,,27451699.523492247,52.08220990106368,40.47732225000001,519817.0,1.0104394573131663,0.5485231670184145,1.0220080036,28921.42557709432,1.0029490280421292,1.008109084314362,0,0.5577977279795341,0,0,0.9935472859857144,0,99698.0,,57457160.21895632,0.4777768239655421
2024-05-07,164594715.5,115640.0,,,,,1.006404791568114,0.5423373959187155,1.0071447774,28924.92190244398,1.0033570569781625,1.0079888152633192,0,0.5561608269894429,0,0,0.9952997504285716,0,112220.66666666669,1.0304697292833762,57457160.21895632,
2024-05-08,,,,,,,1.0105362620464324,0.5361044228247455,1.0289636216,28940.104128497667,1.006708564009062,1.0077374430102195,0,0.5542805212778377,0,0,1.0092317014714287,0,112220.66666666669,,55296099.294600494,
2024-05-09,163239990.0,113623.0,,,,,1.0053745315529408,0.5268072145860568,1.0027877093,28961.84625585813,1.0080297669985945,1.0075824131056073,0,0.5516573736390012,0,0,1.0141708974142858,0,116969.33333333331,0.9713913618384308,55296099.294600494,
2024-05-10,,,30606208.36564269,42.10540499747926,31.21384524000001,713791.0,0.9992970202774336,0.5404433151509168,0.9919255527,28957.18868368453,1.006737828608672,1.007272154640566,1,0.5499891922714318,0,0,1.0131551640857144,1,116969.33333333331,,52209862.92848077,0.5862150683591784
2024-05-11,159720571.0,110507.0,,,,,1.006564544261784,0.5243775724997871,0.9901484267,28966.94065449183,1.0063298337386288,1.0071363674873222,0,0.5475335453526844,0,0,1.0073953748142856,1,113256.66666666669,0.975721811813874,52209862.92848077,
2024-05-12,,,,,,,1.0086553367954794,0.524006327755865,0.999541314,28980.49135053323,1.0067531348307643,1.0071246484115446,0,0.5451467808490832,0,0,1.0060742007571428,1,113256.66666666669,,49550475.18912911,
2024-05-13,,,,,,,1.0081940522713333,0.5286747751533465,1.0097613126,29003.770160634413,1.0064323626819311,1.0075041508179547,0,0.5434924571053493,0,0,1.0043246734714286,0,113256.66666666669,,49550475.18912911,
2024-05-14,152747404.5,110648.0,27735381.41456481,65.71695636360468,21.80634206000001,422043.0,1.0071982660861754,0.5286146557659219,1.0027386164,29016.392142022865,1.0065457161845113,1.0076787131086156,0,0.5423722474286236,0,0,1.0036952219,0,111592.66666666669,0.9915346886593503,46823588.467308566,0.5923378007204463
2024-05-15,,,,,,,1.0321783164271712,0.5278169343673419,1.0250216414,29125.706853625285,1.0096374382389026,1.0086328231986992,0,0.5410457193449386,0,0,1.0031320818714284,0,111592.66666666669,,46823588.467308566,
2024-05-16,166738451.0,170314.0,,,,,1.0125242732578004,0.553124447317441,1.0458621349,29153.50180360829,1.0106588299110253,1.0087939332869686,0,0.5411394105051541,0,0,1.0092855712428572,0,130489.66666666669,1.3051914710998826,43244420.10502525,
2024-05-17,,,,,,,1.012707279636477,0.5595422382485956,1.0191682327,29193.58228967962,1.0125745812480316,1.0092814936802263,0,0.5413709072767766,0,0,1.0131773826714288,0,130489.66666666669,,43244420.10502525,
2024-05-18,175316802.0,148844.0,28438160.460786637,70.28709950762885,17.823959919999993,401264.0,1.0060333352974538,0.5639433657062952,1.0158864512,29205.113743623704,1.012498694253127,1.009131357840616,0,0.542391296947722,0,0,1.0168542433142858,0,143268.66666666666,1.0389152315230592,41393637.64949543,0.687017669275396
2024-05-19,,,,,,,1.0086913632974006,0.5640523205265756,1.0169984541,29218.265121138607,1.0125038408962588,1.008986696167148,0,0.5428938018639363,0,0,1.0193481204714283,0,143268.66666666666,,41393637.64949543,
2024-05-20,,,,,,,1.0192066329796776,0.5583712292559958,1.0337377977,29292.48709418853,1.0140770667117365,1.0094301070334557,0,0.5431122396682335,0,0,1.0227733326285713,0,143268.66666666666,,31913314.49655662,
2024-05-21,173880448.5,183698.5,,,,,1.021574685775343,0.5861817367365203,1.0715593985,29352.866153050883,1.0161308409530465,1.0099267015394753,0,0.5440233190964604,0,0,1.0326048729285715,0,167618.83333333334,1.0959299521831771,31913314.49655662,
2024-05-22,,,38917719.969275184,57.29083273729199,21.26717374,583279.0,1.0157904142973018,0.5744167508502146,1.0255339973,29387.220974497694,1.0137897120773507,1.0100277297349691,0,0.544543660913186,0,0,1.0326780666285715,0,167618.83333333334,,32788865.18064644,1.1869187833998684
2024-05-23,141794106.0,151753.0,,,,,1.0143956569122727,0.5657588123401593,1.0105458117,29416.49975812955,1.014057052599418,1.0102857439636292,0,0.5443481005274308,0,0,1.0276328776,0,161431.83333333334,0.9400438368723228,32788865.18064644,
2024-05-24,,,,,,,1.0106437080463826,0.5665317239407099,1.0057972409,29446.649948341223,1.013762256657976,1.0087558210625422,0,0.5448696828747938,0,0,1.0257227359142858,0,161431.83333333334,,30485045.826100077,
2024-05-25,148824229.0,181299.0,,,,,1.0096101809265063,0.5706713886396382,1.0175991215,29460.03529115441,1.0142732346049834,1.0089226778116194,0,0.5455175275467521,0,0,1.0259674031,0,172250.16666666666,1.052533088985884,30485045.826100077,
2024-05-26,,,38481434.68217408,44.23316108428595,19.4917635,852655.0,1.012436468402,0.5748887832613487,1.0054361892,29478.559332262383,1.0148082496199262,1.0092287545580918,0,0.5462482754917816,0,0,1.0243156509714286,0,172250.16666666666,,31484594.433109324,1.2222305980129395
2024-05-27,,,,,,,1.018243098348723,0.5692314124229748,1.0240291779,29518.63945825507,1.0146706018155045,1.009623163643687,0,0.5469766499357135,0,0,1.022928705285714,0,172250.16666666666,,31484594.433109324,
2024-05-28,156099471.5,155822.5,,,,,1.1728353155014632,0.5672221045695748,1.0187140918,30027.26607152534,1.03627926320495,1.0148836099031562,0,0.5476514984235088,0,0,1.0153793757571428,0,162958.16666666666,0.9562116657751633,31509246.903377388,
2024-05-29,,,,,,,1.0060105442179696,0.5604336804814994,1.0045130895,30041.899580730224,1.0348821389079024,1.0148583091492849,0,0.5480614571228326,0,0,1.0123763889285713,0,162958.16666666666,,31509246.903377388,
2024-05-30,159005393.0,213259.5,28767073.21231229,56.35994336456719,37.45567083999999,510417.0,1.0088710281905306,0.5552241351392013,1.0134133834,30060.519832162445,1.034092906233368,1.0150357237884395,0,0.5483304892136192,0,0,1.0127860420285717,0,183460.3333333333,1.1624283905149342,31166475.19199425,0.9230133672511578
2024-05-31,,,,,,,1.0057185518159917,0.56014870218012,1.0042077553,30073.52297085292,1.0333893124861693,1.015657151754635,0,0.549499726790286,0,0,1.012558972657143,0,183460.3333333333,,31166475.19199425,
2024-06-01,,,,,,,1.0063795186676592,0.5547775299536382,1.0040071816,30084.414565005776,1.0329277893063338,1.0159989320226832,0,0.5511268591835072,0,0,1.010617266957143,0,184541.0,,31485382.51832113,
2024-06-02,47351919.5,64848.5,,,,,1.0061627819520456,0.5558242319113154,1.0049519993,30097.10512278264,1.0320315483849118,1.015926338454188,0,0.5525883355148751,0,0,1.0105480969714284,0,144643.5,0.4483333160494595,31485382.51832113,
2024-06-03,,,36823366.33172704,47.87079749426309,43.74055069000002,769224.0,1.0186021345634515,0.553893256091993,1.0262937157,30152.43279415533,1.03208283927273,1.0162323926612338,0,0.553028974232073,0,0,1.0108716023714286,0,144643.5,,32152630.49499687,1.1452676115398073
2024-06-04,85362117.0,158380.0,,,,,1.0135713651067657,0.5605753076665602,1.0302477281,30202.49635313127,1.009330846359202,1.0164950305264415,0,0.553417297942716,0,0,1.0125192647,0,145496.0,1.0885522626051576,32152630.49499687,
2024-06-05,,,,,,,1.0139360721316846,0.5713524210910833,1.0344407862,30249.312136789125,1.0104630646325898,1.0166115843537251,0,0.5541782730784718,0,0,1.0167946499428573,0,145496.0,,32824192.06235468,
2024-06-06,,,,,,,1.0301874026032904,0.5725758366082142,1.0413635772,30331.7701701976,1.01350826097727,1.017404338054898,0,0.555186221101455,0,0,1.0207875347714286,0,111614.25,,32824192.06235468,
2024-06-07,115122153.0,182552.0,53491882.96192288,202.63458478957992,312.66024100000016,263982.0,1.0160808493438886,0.5555725330517509,1.0152262028,30361.303122880683,1.0149885891955408,1.01758915763148,0,0.5558351581090218,0,0,1.0223615987,0,135260.16666666666,1.349636071718577,35407653.4248007,1.5107435197740438
2024-06-08,,,,,,,1.0069183535751265,0.5624578334542396,1.0001676385,30375.80725016172,1.0150655656108931,1.0176406183655529,0,0.5570235120712946,0,0,1.0218130925428572,0,135260.16666666666,,35407653.4248007,
2024-06-09,130267248.5,203889.5,,,,,1.0076910908249517,0.5623990044340044,1.0042236836,30388.565608329667,1.01528389544988,1.0179204207171366,0,0.5577553683807309,0,0,1.0217090474428572,0,181607.16666666663,1.1226952313739456,36093574.14753756,
2024-06-10,,,,,,,1.0072810331978317,0.5635266454035599,1.0119580554,30408.430064929315,1.0136665952547914,1.0179443036816715,0,0.5590603374775234,0,0,1.0196610959714285,0,181607.16666666663,,36093574.14753756,
2024-06-11,142965138.0,197067.5,28949556.468733203,62.42666957506777,44.32667776000001,463737.0,1.023466616242288,0.5618744640746172,0.9816039125,30472.38635079877,1.015080202559866,1.0184380129965651,0,0.5603226086881483,0,0,1.0127119794571429,1,194503.0,1.0131848866084328,35200571.93768702,0.8224172186741873
2024-06-12,,,,,,,1.0124416274538088,0.5528292789687533,1.0110500665,30499.8678275669,1.0148667104630265,1.0185795988359811,0,0.5611277588153286,0,0,1.0093704480714287,0,194503.0,,35200571.93768702,
2024-06-13,,,,,,,1.0028879731689146,0.5532544692560832,1.0010628996173998,30505.972857512817,1.0109667919724017,1.0184359224054058,0,0.5619490859316673,0,0,1.0036132084167717,0,194503.0,,36267027.72670448,
2024-06-14,34708785.0,71271.0,,,,,1.003885711638329,0.5375271189042572,1.0,30514.97190070648,1.0092246294430358,1.017492835579111,0,0.5622727587495645,0,0,1.0014380365882,0,157409.33333333334,0.4527749307537884,36267027.72670448,
2024-06-15,,,31162127.595971256,67.67681444651758,45.01788529,452945.0,1.008483717746164,0.5388692577461478,0.9975589234880712,30529.230586778183,1.0094482528960411,1.0173581503953897,0,0.5617975857638547,0,0,1.0010653630150672,1,157409.33333333334,,35628915.21036282,0.8746302662312777
2024-06-16,99208122.5,87881.5,,,,,1.0042909930477184,0.5416580901052387,0.9999200485540156,30537.001460982254,1.0089625246421507,1.017077607509098,0,0.5612014474924095,0,0,1.000450558008498,1,118740.0,0.7401170624894728,35628915.21036282,
2024-06-17,,,,,,,1.0041741108696014,0.541674922825872,0.9976294479102052,30553.14526582536,1.008518678595261,1.0170156333615028,0,0.5604591660630621,0,0,0.9984036140813846,1,118740.0,,36656165.8888737,
2024-06-18,136501728.5,145959.0,,,,,0.9989314108160576,0.5411283628141896,0.9939924886535572,30552.28786782406,1.0050136492486563,1.0166903016121247,1,0.5596950341393158,0,0,1.0001734106747495,1,101703.83333333331,1.4351376464013976,36656165.8888737,
2024-06-19,,,30061986.735367663,47.37498579375067,32.436865899999994,634554.0,1.007693280799417,0.5288281525411629,1.003548962374463,30566.72717884791,1.0043353140123146,1.016306523206116,0,0.5587102649154881,0,0,0.9991018243711016,0,101703.83333333331,,35831893.49468545,0.8389728759331803
2024-06-20,,,,,,,1.0028913368336343,0.5136995272968576,0.9987996514304396,30571.39481107009,1.004335794535846,1.0156837449080591,0,0.5562941912674993,0,0,0.998778503201536,1,101703.83333333331,,35831893.49468545,
2024-06-21,141887073.5,149695.0,,,,,1.0093595206904362,0.5226487113121436,0.9950477188976584,30592.308860874844,1.0051177672575755,1.0154693817878302,0,0.5545685899495637,0,0,0.99807103447263,1,127845.16666666669,1.1709085599638105,35391061.14117263,
2024-06-22,,,,,,,1.075649254591026,0.5213269695833125,0.9988897392185462,30681.0211808306,1.0147128439496986,1.017511168377122,0,0.5530875285243354,0,0,0.9982611510055552,1,127845.16666666669,,35391061.14117263,
2024-06-23,146421995.0,183808.0,23464996.032867584,47.65898388321279,14.863135919999998,492352.0,1.0001499836925545,0.5230278397288929,0.9964491451768862,30681.056166329443,1.0141212711846752,1.0171613775653277,0,0.5516373990506083,0,0,0.997765307665965,1,159820.66666666666,1.1500890581526797,33900303.0026345,0.6921765870660225
2024-06-24,,,,,,,0.9935163363068272,0.5192611695833388,0.9860166467347916,30652.834938357817,1.0125987319614218,1.016624916078005,1,0.5499237250820649,0,0,0.9961063360694774,1,159820.66666666666,,33900303.0026345,
2024-06-25,147487235.0,181547.0,,,,,0.9985634812178432,0.4899209290783277,0.9915232986259134,30657.91303672127,1.0125461705902483,1.0161624831718663,1,0.5470914632759641,0,0,0.9957535946369568,1,171683.33333333334,1.0574526744976216,33245855.619843133,
2024-06-26,,,,,,,1.001040757325751,0.5051756787613599,0.993780523080035,30655.621759194863,1.01159581009401,1.015589071804434,0,0.5449562721539104,0,0,0.9943581033091816,1,171683.33333333334,,33245855.619843133,
2024-06-27,,,26857887.760584537,63.09407949770846,18.10260407,414624.0,1.013651167835086,0.5012667433910694,0.9956860644820305,30715.910634708154,1.0131329288085034,1.010282933548888,0,0.5427577601146268,0,0,0.9939133051736944,1,171683.33333333334,,32447359.63743581,0.8277372353464941
2024-06-28,158547643.5,213686.0,,,,,1.0021021376391364,0.5008626871312596,0.9957186042621108,30714.913307551367,1.0120961598011748,1.0101526533295937,0,0.5407720603362856,0,0,0.9940091459400447,1,193013.66666666663,1.1071029512590649,32447359.63743581,
2024-06-29,,,,,,,1.002831556754381,0.4955132593715812,0.998018869463347,30719.759274196247,1.001693631538797,1.0099513376150555,0,0.5387816978106982,0,0,0.9938847359750164,1,193013.66666666663,,32973114.841024883,
2024-06-30,138958131.0,163140.5,,,,,1.0074637736269276,0.4966380669069338,0.9993826579201784,30732.48745603125,1.002738458672279,1.01000951167542,0,0.5366646766349253,0,0,0.994303809224058,1,186124.5,0.8765127643056126,32973114.841024883,
2024-07-01,,,29429485.801967982,47.75296826792753,18.35492272000001,611062.0,1.011335041439896,0.503694836350428,1.0045404266640987,30754.239701712344,1.005283987977003,1.0101746957678277,0,0.534961920181485,0,0,0.9969500634996734,0,186124.5,,32530161.21114277,0.9046830604665836
2024-07-02,105166287.0,124465.5,,,,,1.0000596960316044,0.5124876976475145,0.996929751047112,30751.701931701387,1.0054977329503976,1.0099712595704795,0,0.5335173690393582,0,0,0.997722413845559,1,167097.33333333334,0.7448682604150874,32530161.21114277,
2024-07-03,,,,,,,1.011148495243388,0.503492343093339,0.9945092770564882,30777.67365169824,1.00694169551006,1.0097228049264777,0,0.5318373386060697,0,0,0.9978265215564808,1,167097.33333333334,,31916846.193916444,
2024-07-04,,,,,,,0.993007876784343,0.4886688101195089,0.9847822857776584,30752.121055687618,1.0039926539313824,1.0090373553157304,1,0.5294404553545013,0,0,0.9962688388844276,1,167097.33333333334,,31916846.193916444,
2024-07-05,108441917.0,131272.5,22301675.55097078,44.809654752421714,14.72065925,490537.0,1.008893328232073,0.4744864863906416,0.97384635030696,30790.36057878173,1.0049628240160875,1.00886926385241,0,0.5262115908644867,0,0,0.9931442311765488,1,139626.16666666666,0.9401711952272556,30714949.863548238,0.7260853639692206
2024-07-06,,,,,,,1.0003103584737034,0.4294458142604431,1.0201429025277755,30797.037658962807,1.0046026528331335,1.0078733623814236,0,0.5214405901195609,0,0,0.9963048073286104,0,139626.16666666666,,30714949.863548238,
2024-07-07,118501261.0,137984.0,,,,,1.0008962882172854,0.4678130489066038,0.9971698647890398,30795.06536088572,1.003664440631756,1.0073672103438702,0,0.5185152739813894,0,0,0.995988694024162,1,131240.66666666666,1.051381431568467,27461102.27806614,
2024-07-08,,,,,,,0.9914207288176212,0.4570056411021197,0.98796919434513,30772.10740820688,1.000819538828574,1.0068506228519534,1,0.5150002009029854,0,0,0.993621375121452,1,131240.66666666666,,27461102.27806614,
2024-07-09,36630476.5,55457.0,28449925.860777948,43.49895473922415,13.21596265,654037.0,1.0085527439399589,0.4559204651830919,0.99772359833881,30794.89502395637,1.0020328313869105,1.0068793446224535,0,0.5114509162612884,0,0,0.9937347818774088,1,108237.83333333331,0.5123624364247252,27584705.22590512,1.0313659554375187
2024-07-10,,,,,,,1.0051019982414544,0.4668355590092523,0.998363562105834,30806.901153923405,1.00116904610092,1.0068067101239078,0,0.5082278800481447,0,0,0.9942853940273152,1,108237.83333333331,,27584705.22590512,
2024-07-11,,,,,,,0.9998457054002248,0.4639660411660041,0.9968216086419602,30804.11103726129,1.0021458787603317,1.0060193464291722,1,0.5049642659511909,0,0,0.9960052972936442,1,108237.83333333331,,27389726.476929683,
2024-07-12,60383569.5,104327.5,,,,,1.0030529626583604,0.4635266420590944,0.9962212511309232,30813.879770387983,1.0013115408212296,1.005706390935991,0,0.5019875113875357,0,0,0.9992017116970676,1,99256.16666666669,1.0510933829468194,27389726.476929683,
2024-07-13,,,30099376.59774986,39.7039116388292,19.42709037,735686.0,1.0082633316166,0.4646788130743176,1.001652892853026,30828.909931998005,1.0024476798416435,1.0058855695509137,0,0.4990349895148102,0,0,0.996560281743532,0,99256.16666666669,,27728432.742032204,1.0855058732592433
2024-07-14,45629236.0,89690.0,,,,,1.0077703217541516,0.4743951282170819,1.0048314429445462,30842.89924236586,1.0034296846326245,1.006015056554774,0,0.4969305898252376,0,0,0.9976547929086044,0,83158.16666666667,1.0785471060168474,27728432.742032204,
2024-07-15,,,,,,,1.0178549646741066,0.494745802245566,1.0109091103754937,30909.42569506228,1.0072060040406938,1.0063274314523722,0,0.4954598079752182,0,0,1.0009319237700849,0,83158.16666666667,,27237904.9057552,
2024-07-16,45545151.5,101452.0,,,,,1.0119495435735095,0.5042040012385361,1.007165286775303,30972.16738051678,1.007691261131201,1.0065827164698988,0,0.4942113383463282,0,0,1.0022807364038695,0,98489.83333333331,1.030075862314046,27237904.9057552,
2024-07-17,,,33282763.02910597,54.04186440175032,14.034124100000003,615870.0,1.0083631840097245,0.5194982632725097,1.0044802120078336,30982.01469820997,1.0081571448123825,1.006722352241236,0,0.4934721163612161,0,0,1.0031545435327265,0,98489.83333333331,,27993512.17117404,1.1889455965935731
2024-07-18,,,,,,,1.0163867692636244,0.5181375137430527,1.001754239530606,31010.894937187422,1.0105201539357254,1.0073041975228216,0,0.4927057547255115,0,0,1.003859205088247,0,98489.83333333331,,27993512.17117404,
2024-07-19,41963131.5,104331.0,,,,,1.0279963481868035,0.5128461421884812,1.0063776566544809,31095.557650781604,1.0140834947255029,1.0079809664357344,0,0.4921730210470887,0,0,1.0053101201630412,0,98491.0,1.0592947578966605,27698015.80486067,
2024-07-20,,,,,,,1.0101883805219507,0.5351556451132414,1.0072290220055844,31110.95708138041,1.0143585017119816,1.008224201225345,0,0.4928882249743015,0,0,1.0061067100419785,0,98491.0,,27698015.80486067,
2024-07-21,43181460.5,144161.5,36593236.63656708,41.882301155715446,9.865972680000002,859629.0,1.0121781781911507,0.5363281018773479,1.0056868560511627,31130.30553320976,1.0149881954886957,1.008318156475369,0,0.4933442046598084,0,0,1.0062289119143522,0,116648.16666666669,1.2358659730328665,28809918.40882397,1.270161064578344
2024-07-22,,,,,,,1.0110620569522202,0.5429771847968075,1.0076543621233576,31158.360999706485,1.0140177800998549,1.0061652498874087,0,0.4940658785002582,0,0,1.0057639478783325,0,116648.16666666669,,28809918.40882397,
2024-07-23,49344736.5,137556.5,,,,,1.0311412173403376,0.5392703311961233,1.001817436473612,31246.006926681825,1.0167594477808302,1.0071982910090016,0,0.4946072948824992,0,0,1.0049999692638054,0,128683.0,1.0689562723902923,29573478.748246312,
2024-07-24,,,,,,,1.0074399162750678,0.5251092088921524,1.0020492258710645,31253.46511093942,1.0166275523901651,1.007662410341276,0,0.4948022295261263,0,0,1.004652685529981,0,128683.0,,29573478.748246312,
2024-07-25,,,33681498.18421587,46.79864304452186,10.679698730000007,719711.0,1.0015634355493144,0.5240197934504937,0.9937594694028146,31280.545400438845,1.014509933288121,1.0077624088189918,0,0.4959388583385319,0,0,1.0035105755117253,1,128683.0,,30086981.177742507,1.119470843061267
2024-07-26,59594290.5,129882.0,,,,,1.0205316277678145,0.5246870489465796,1.015530063692983,31324.9958856794,1.0134435446568364,1.008412104500394,0,0.4965892373447059,0,0,1.0048180622315113,0,137200.0,0.9466618075801748,30086981.177742507,
2024-07-27,,,,,,,1.0140643489596164,0.5385942483869142,1.00701204460464,31350.459269525512,1.013997254433646,1.0084258772045451,0,0.497833487511234,0,0,1.0047870654599478,0,137200.0,,30548280.237336498,
2024-07-28,60896354.5,156757.0,,,,,1.0156227006047338,0.544178416934978,1.0009699279718622,31361.73266023745,1.014489329064158,1.0088765626367315,0,0.499277345171358,0,0,1.0041132185914765,0,141398.5,1.1086185497017296,30548280.237336498,
2024-07-29,,,40280474.14703804,46.41671782705718,10.867002189999996,826129.0,1.0030555061934785,0.5381386271020813,1.0118509291788411,31387.859148526248,1.0133455360986232,1.0088840276180349,0,0.5006981907623747,0,0,1.0047127281708312,0,141398.5,,31764804.476049192,1.268085064946951
2024-07-30,,,,,,,1.0016987558909078,0.5347366059059632,0.9947597193073512,31404.870263272413,1.0091394701772762,1.0086918603601676,0,0.5019681420623423,0,0,1.0037044828613653,1,143319.5,,31764804.476049192,
2024-07-31,57748206.0,121590.0,,,,,1.005418456849616,0.5261921117934114,0.9996165072672364,31401.62596724261,1.0088506902593546,1.008494640873825,0,0.5027180512437751,0,0,1.003356951632247,1,136076.33333333334,0.8935425949650808,32098421.429489367,
2024-08-01,,,,,,,0.9991141735954888,0.5162446462086917,0.9900550950610204,31434.64290319955,1.0085007956945222,1.0084631234592876,1,0.502843282862481,0,0,1.002827755297705,1,136076.33333333334,,32098421.429489367,
2024-08-02,55440247.0,100366.0,25639623.02038425,62.51843521269565,8.76757802,410113.0,1.0023345375613402,0.5156090085112954,0.99779200658671,31410.981822107988,1.0059012113793118,1.008169324869886,0,0.5032471717097462,0,0,1.0002937471396658,1,126237.66666666669,0.7950558866476725,31291071.628351223,0.8193910175052462
2024-08-03,,,,,,,0.995667576644798,0.4940333657197083,0.9923517138360044,31413.58274679087,1.003273101048623,1.0082579815319013,1,0.5034259902297529,0,0,0.998199414172718,1,126237.66666666669,,31291071.628351223,
2024-08-04,48128223.0,166175.0,,,,,0.9751945654143456,0.4817269521968474,0.9907066753856614,31405.18085153049,0.9974976531642822,1.007134689437977,1,0.5036673390899598,0,0,0.996733235231832,1,129377.0,1.2844245886053935,32575271.067977004,
2024-08-05,,,,,,,0.9938380365588628,0.4654775333999623,0.9600696290671143,31328.93146535149,0.9961808717879084,1.006918945374149,1,0.5048683963946103,0,0,0.9893359066444426,1,129377.0,,32575271.067977004,
2024-08-06,,,24947450.30138284,51.419700398379206,8.20257927,485173.0,1.0017601199410897,0.4248687143082769,0.9895929489827604,31309.583983343728,0.9961896380807916,1.0069477397649425,0,0.5034369185746661,0,0,0.9885977965980725,1,129377.0,,31621793.47215273,0.7889321749998918
2024-08-07,87829300.0,196025.5,,,,,1.0129182822824114,0.4448728016234406,0.9957304254339692,31305.4551117552,0.997261041714048,1.0076643248804351,0,0.5030324905920435,0,0,0.9880426420504628,1,154188.83333333334,1.2713339595495998,31621793.47215273,
2024-08-08,,,,,,,1.0093443448718324,0.4345703023243822,1.0022705832164749,31361.665758041592,0.9987224947535258,1.0076907115781646,0,0.5023208184967533,0,0,0.9897877117869563,0,154188.83333333334,,32074917.416634846,
2024-08-09,26883552.0,66348.0,,,,,1.025960429038288,0.4848415139802478,1.006160443814714,31382.81012368431,1.0020976221073754,1.0083859926047256,0,0.5029210169957864,0,0,0.9909832028195285,0,142849.5,0.464460848655403,32074917.416634846,
2024-08-10,,,24917672.54543788,45.405825217598185,6.757603340000002,548777.0,0.9986372373276464,0.4833335773115378,1.0005533417492007,31424.15942062806,1.0025218593477825,1.0083457103356397,1,0.5035666015339708,0,0,0.992154863949985,0,142849.5,,31180261.807735223,0.7991489198867562
2024-08-11,53644114.0,47952.0,,,,,1.0016728983614374,0.4853118052368733,0.9985475936593106,31417.08648055052,1.006304478340224,1.008299708192409,0,0.5042927736398968,0,0,0.9932749951319348,1,103441.83333333331,0.4635648697899464,31180261.807735223,
2024-08-12,,,,,,,0.99757872194874,0.4675755930631622,0.9981842319615832,31423.08816213201,1.0068388619673494,1.0079435545368136,1,0.5043893329728583,0,0,0.9987199384025732,1,103441.83333333331,,31334673.98059028,
2024-08-13,,,,,,,0.9982923741300268,0.467549297758967,0.991805505641145,31424.26526467811,1.006343469708626,1.0076276229493428,1,0.5041611386242545,0,0,0.9990360179251996,1,103441.83333333331,,31334673.98059028,
2024-08-14,71333620.5,97484.5,25374791.76821649,50.27688030777925,7.970686080000001,504701.0,0.9967225853576724,0.4849889053870219,0.9982899544083064,31406.795570896524,1.0040297987193776,1.0069232103054615,1,0.5038359087289697,0,0,0.9994016649215336,1,70594.83333333333,1.3809013407496773,30589688.704043552,0.8295210851512288
2024-08-15,,,,,,,1.0001438210791307,0.4666151526635464,0.9920861067995124,31400.142370772235,1.0027154381775631,1.006529686222316,0,0.5025829471098033,0,0,0.9979467397191104,1,70594.83333333333,,30589688.704043552,
2024-08-16,81359944.0,124134.5,,,,,1.0006335070131434,0.4542055716776401,0.9957757226074696,31402.62039599529,0.9990973064596852,1.0062720303224295,0,0.500406524056641,0,0,0.9964632081180752,1,89857.0,1.3814672201386649,30204963.800463207,
2024-08-17,,,,,,,1.0019466255905372,0.468550298509709,0.998625534338586,31404.71159227281,0.9995700762115268,1.0057906921999935,0,0.4987536168821961,0,0,0.9961878070594162,1,89857.0,,30204963.800463207,
2024-08-18,94013985.5,174265.0,29963139.5082254,38.429949015400375,7.219758560000004,769702.0,0.999226025373792,0.470341105874582,1.0006120574505135,31406.63376715954,0.9992205229275772,1.0048316814395597,1,0.4973367823383995,0,0,0.9964827304581594,0,131961.33333333334,1.3205762294005314,30174735.76393348,0.9929876351738928
2024-08-19,,,,,,,1.0013083354892194,0.4716017674335174,0.9953896251205278,31413.40075948676,0.9997533248619318,1.0045356799384686,0,0.4952183197490754,0,0,0.9960835009094372,1,131961.33333333334,,30174735.76393348,
2024-08-20,,,,,,,1.004626703779703,0.467615321177774,0.9992415303303592,31408.024224989746,1.0006582290975996,1.0042839641247536,0,0.4929278937257563,0,0,0.9971457901507536,1,131961.33333333334,,29257807.067842964,
2024-08-21,108143873.0,195126.0,,,,,1.0053802742962528,0.4705963465345433,0.998049613568588,31427.083056977983,1.0018950418031112,1.0040945713695548,0,0.4905151991170141,0,0,0.9971114557450794,1,164508.5,1.1861150031761276,29257807.067842964,
2024-08-22,,,36484622.08943517,45.88671904917252,100.26494952000006,795102.0,1.0121370114417765,0.4868405664444469,1.0018988654326249,31436.28722685069,1.003608354712061,1.0034610978396028,0,0.4887675402919582,0,0,0.9985132784069528,0,164508.5,,30161158.945541997,1.2096558409877622
2024-08-23,98977356.0,172867.0,,,,,1.01231115827015,0.4801494252799423,1.0042838797000395,31488.126982641814,1.005276590605919,1.0036234725727722,0,0.4872688808382179,0,0,0.999728729420177,0,180752.66666666663,0.9563731655411264,30161158.945541997,
2024-08-24,,,,,,,1.0042859300400768,0.5107453235581032,1.0133173135900957,31506.76856027,1.0056107769558529,1.0037142223891309,0,0.4868263985084716,0,0,1.0018275550275355,0,180752.66666666663,,29658253.34001715,
2024-08-25,66787876.5,141262.5,,,,,1.005984873205385,0.505528625948664,1.0019649500947476,31514.977619075424,1.0065763266460803,1.0032293305703834,0,0.486187784408541,0,0,1.0020208254052831,0,169751.83333333334,0.8321706883872633,29658253.34001715,
2024-08-26,,,27674781.48507304,45.63188747685087,8.49892683,600722.0,0.9981497946963412,0.5107819523836479,1.0027505985999026,31523.222811089392,1.006125106532812,1.002698845428274,1,0.4852607078750988,0,0,1.003072393045194,0,169751.83333333334,,29410319.358149137,0.9409888123980809
2024-08-27,,,,,,,1.0079324903536502,0.5014976732440536,0.9991687732326076,31474.046095054586,1.0065973617576618,1.0024425050865713,0,0.4838380164187347,0,0,1.0030619991740866,1,169751.83333333334,,29410319.358149137,
2024-08-28,75708009.0,225575.0,,,,,0.9999983949195086,0.4783176631217354,0.989125247032344,31506.51550302729,1.0058285218466982,1.0023406013774392,1,0.4818439842860564,0,0,1.0017870896689087,1,179901.5,1.2538805957704633,27857440.10259358,
2024-08-29,,,,,,,0.9998029799067988,0.4666195114843744,0.996229809579826,31507.5889687996,1.0040665173417016,1.0022774088446351,1,0.4795734144720035,0,0,1.0009772245470805,1,179901.5,,27857440.10259358,
2024-08-30,61005193.5,127003.0,26777389.05608681,49.39557214631002,8.013371420000004,542101.0,1.0052944284038956,0.4694625462829069,0.9964447261740064,31509.58190719724,1.003064127360808,1.002273274563111,0,0.4776824289549867,0,0,0.9998573454719328,1,164613.5,0.7715223842515954,27722433.721780237,0.9659104725372308
2024-08-31,,,,,,,0.9968619500813508,0.4665836362654906,0.999553368777814,31516.951313625123,1.0020035587952758,1.0021982004459735,1,0.47602706195688,0,0,0.9978910676416068,1,164613.5,,27722433.721780237,
2024-09-01,57068275.5,116783.0,,,,,0.9987077671483968,0.4664663683125372,0.9960663732685696,31510.154773778828,1.000963972215706,1.0020773080988754,1,0.4743889739502547,0,0,0.9970484138092958,1,156453.66666666666,0.746438242632004,28019978.107693944,
2024-09-02,,,,,,,0.9970468386397846,0.4606663045378961,0.9785697885345686,31515.45456205491,1.0008064070647695,1.0021232834987082,1,0.4732767385775276,0,0,0.9935940123713908,1,156453.66666666666,,28019978.107693944,
2024-09-03,,,27866937.66663015,47.819630797081686,8.47166562,582751.0,0.9999861970405652,0.453471187540394,0.9794844448172842,31500.7049664834,0.9996712223057572,1.0029496712195822,1,0.4723348797556458,0,0,0.990781965454916,1,156453.66666666666,,28000848.05256097,0.9952176310631928
2024-09-04,57888067.5,133950.5,,,,,0.9947534662950536,0.4570709739866591,0.977245547558642,31508.016779289097,0.998921946787978,1.0029801855441218,1,0.4720546611085358,0,0,0.9890848655301016,1,125912.16666666669,1.063840799075546,28000848.05256097,
2024-09-05,,,,,,,0.9942174058361248,0.4386707701542198,0.9725100769793212,31489.974698238868,0.9981240076350244,1.002728761740623,1,0.4725147296367338,0,0,0.985696332301458,1,125912.16666666669,,28437047.731300704,
2024-09-06,63038090.0,134381.5,,,,,0.996406840994763,0.439793989162176,0.9613393319396606,31469.83293234469,0.9968543522908628,1.002178380364368,1,0.4723454358880251,0,0,0.9806812759822658,1,128371.66666666669,1.046815886163873,28437047.731300704,
2024-09-07,,,27552792.156600785,34.63020095622556,6.552367879999996,781426.0,0.9979556133760804,0.414430934511473,0.9633508557198304,31466.78568608555,0.9970105899043956,1.0017987559811763,1,0.4716741236275947,0,0,0.9755094884025538,1,128371.66666666669,,28326515.78446321,0.9726855348624696
2024-09-08,76760915.0,185022.0,,,,,1.008079819080807,0.4167537702920936,0.9674999749099152,31465.57153824518,0.9983494544661684,1.0012027356492603,0,0.4694045321713229,0,0,0.9714285743513174,1,151118.0,1.2243544779576223,28326515.78446321,
2024-09-09,,,,,,,0.9988648161782102,0.4223019700474624,0.9804800484049576,31495.85897014218,0.9986091655430862,1.0012103216109458,1,0.4673701452625204,0,0,0.971701468618516,1,151118.0,,28813493.39003826,
2024-09-10,,,,,,,0.9990185476769016,0.4529153062219129,0.9813306114524788,31496.01654924721,0.9984709299197058,1.0011218432547946,1,0.4662902619620217,0,0,0.971965206709258,1,151118.0,,28813493.39003826,
2024-09-11,102654023.0,186215.0,19599003.467874914,47.63954348271256,6.642300200000001,411402.0,1.0037903298394386,0.4526824083516137,0.9786879999762396,31495.01705039738,0.9997619104260466,1.0013288968511511,0,0.4657938224716368,0,0,0.9721712713403434,1,168539.5,1.1048745249629908,27661682.14976785,0.7085253659470381
2024-09-12,,,,,,,1.0105350226536312,0.4504892532235881,0.9952853509881198,31505.173920919737,1.002092998542833,1.001736985135271,0,0.4652251543204574,0,0,0.9754248819130288,1,168539.5,,27661682.14976785,
2024-09-13,116095569.0,206874.0,,,,,1.0032495834404906,0.4557530346529144,1.0,31559.765049335827,1.003070533177937,1.001954551738032,0,0.4642506252959872,0,0,0.9809478344930772,0,192703.66666666663,1.0735343212635635,27988380.775703754,
2024-09-14,,,,,,,1.0024790508347046,0.4763321592135281,1.0,31565.085895319444,1.003716738529169,1.0020323927298844,0,0.4645745255143199,0,0,0.9861834265331016,0,192703.66666666663,,27988380.775703754,
2024-09-15,104892342.0,162735.5,28778640.08225594,40.39254777333059,6.327634969999999,712474.0,1.0024057269098714,0.4743048285919657,1.0,31566.436517445825,1.0029061539333213,1.002091466726442,0,0.4652445007447975,0,0,0.9908262872602566,0,185274.8333333333,0.8783464924629986,28087163.189022776,1.0246189652041262
2024-09-16,,,,,,,1.0085418470844292,0.4701021782439489,0.9959613031180076,31573.13597308217,1.0042885869199238,1.002311307442905,0,0.4652962300692722,0,0,0.9930378950764064,1,185274.8333333333,,28087163.189022776,
2024-09-17,,,,,,,1.0084729149529423,0.4556551343317703,1.0,31595.3118245544,1.005639210816501,1.0026195370955435,0,0.4648066976845118,0,0,0.9957049505831952,0,185274.8333333333,,27819166.571993828,
2024-09-18,101707957.0,167458.0,,,,,1.0157866674467668,0.4758090320040991,1.0,31625.81647798677,1.0073529733318336,1.0031021481607951,0,0.4649469398368645,0,0,0.9987495220151612,0,179022.5,0.9354019746121296,27819166.571993828,
2024-09-19,,,24968850.56564683,54.23542465153022,9.939919330000002,455707.0,1.0167873442294284,0.4742106755529072,1.0,31665.012691991506,1.0082461621283765,1.0035075028424525,0,0.4651667849827022,0,0,0.9994230433025726,0,179022.5,,27462877.071200453,0.90918553438201
2024-09-20,101346111.0,166242.0,,,,,1.0084949321168273,0.4952248887542828,1.0,31715.70867899377,1.008995497653567,1.003611324769805,0,0.4659877363900269,0,0,0.9994230433025726,0,165478.5,1.004613892439199,27462877.071200453,
2024-09-21,,,,,,,1.0058785070375025,0.4974395724113564,1.0,31727.892327980688,1.009481134253967,1.0034027079563292,0,0.4663410365889239,0,0,0.9994230433025726,0,165478.5,,26174056.35430978,
2024-09-22,80149300.0,107498.0,,,,,1.017272974475074,0.4969561848091638,1.0,31736.862648722472,1.0116050267632817,1.0035681018298266,0,0.4669012619065646,0,0,0.9994230433025726,0,147066.0,0.7309507296043953,26174056.35430978,
2024-09-23,,,29543659.11037773,50.92838692226148,7.737245180000002,580102.0,1.0072131061061462,0.493963128168051,1.0,31775.87487893211,1.011415206623527,1.0036656743653622,0,0.4663418553935629,0,0,1.0,0,147066.0,,26595256.698818278,1.1108619647837603
2024-09-24,,,,,,,1.0160088845104858,0.4978911775376178,1.0,31802.04445771557,1.0124917737031758,1.0039998080755324,0,0.4660872737798613,0,0,1.0,0,147066.0,,26595256.698818278,
2024-09-25,81520897.5,95212.0,,,,,1.0138887904758636,0.5033320343311969,1.0,31834.975315533884,1.0122206484216183,1.004524441268183,0,0.465838943178113,0,0,1.0,0,122984.0,0.7741820074155987,26441038.87221045,
2024-09-26,,,,,,,1.0126463246890882,0.4977115592918012,1.0,31876.85483600372,1.0116290742015697,1.0046815690793642,0,0.4657127393797046,0,0,1.0,0,122984.0,,26441038.87221045,
2024-09-27,90747269.5,130756.0,29299201.002719067,63.98518692203,11.07140301,451723.0,1.0159250267690343,0.5094626388032463,1.0,31908.515589250743,1.012690516294742,1.005212456807682,0,0.4667509052357549,0,0,1.0,0,111155.33333333331,1.1763358183442991,26798309.13852403,1.0933227485087806
2024-09-28,,,,,,,1.0053482746344076,0.5149268813477856,1.0134248083301178,31931.54989410913,1.0126147688085856,1.005397299965269,0,0.4683611508978686,0,0,1.0019178297614455,0,111155.33333333331,,26798309.13852403,
2024-09-29,93559407.5,122924.5,,,,,1.0015127855142263,0.51368771921936,1.0013893973791963,31940.45480812736,1.0103633132427503,1.0052712452022798,0,0.4698353233290838,0,0,1.0021163151013306,0,116297.5,1.0569831681678454,26801297.721729346,
2024-09-30,,,,,,,0.9990875651756436,0.5151398798767783,0.9986986142936676,31938.935058319275,1.00920252168125,1.0053454323720896,1,0.4714538647827933,0,0,1.0019304028575688,1,116297.5,,26801297.721729346,
2024-10-01,,,31840978.55680005,49.67096889232784,7.906132000000004,632894.0,0.9965766575552172,0.4989195967825955,0.9977987574609012,31924.687229680487,1.0064264892590686,1.0052743953856502,1,0.4725356390651286,0,0,1.0016159396376974,1,116297.5,,27431257.826113183,1.160755323676373
2024-10-02,90411771.0,141791.5,,,,,0.998087386149728,0.4775596534408206,0.994296556351072,31920.97306978539,1.0041691457839064,1.0053090803026483,1,0.473098750695226,0,0,1.0008011619735648,1,131824.0,1.0756121798761986,27431257.826113183,
2024-10-03,,,,,,,1.0074958977674735,0.4363642273895236,1.0000234834268278,31920.084926630432,1.00343337050939,1.005559403660212,0,0.4725285186901971,0,0,1.000804516748826,0,131824.0,,27369017.848896477,
2024-10-04,88046811.0,143699.5,,,,,1.0040711433748442,0.4743802184318882,1.000569138013422,31942.147603232035,1.0017399585959343,1.0058699928962052,0,0.473105493505038,0,0,1.0008858221793149,0,136138.5,1.0555390282690054,27369017.848896477,
2024-10-05,,,30081843.7462346,39.70807345310312,12.091758149999997,757575.0,1.0037018282604862,0.4870406267879339,1.0017660563644644,31948.1115102688,1.0015047519710885,1.0061861403103505,0,0.4747178220594952,0,0,0.9992202861842217,0,136138.5,,27708121.08606374,1.085668842459504
2024-10-06,96657832.5,173045.5,,,,,1.0056176497736182,0.4837127542883656,1.000957029669212,31958.428695683582,1.0020911611510015,1.0064931672696456,0,0.4761817808970348,0,0,0.9991585193685096,0,152845.5,1.1321595990722657,27708121.08606374,
2024-10-07,,,,,,,1.083445317263161,0.4872315182077778,1.004211942519394,31968.208581016384,1.0141422685920756,1.0093428240658815,0,0.478608467020245,0,0,0.9999461376864706,0,152845.5,,27730310.933129877,
2024-10-08,,,,,,,1.0005445030545166,0.4910517219991097,0.9987262232114508,32243.5988889988,1.0147091036634042,1.0090916468650053,0,0.4810850654104788,0,0,1.000078632793692,1,152845.5,,27730310.933129877,
2024-10-09,95870545.0,180159.5,25530107.240756985,47.55210545376771,15.227246359999995,536887.0,0.992777874836492,0.4831695569820285,0.9987357534909536,32239.4442753271,1.013950602047227,1.0088887488202811,1,0.4831139849749644,0,0,1.000712803813675,1,165634.83333333334,1.087690894326777,27455285.471583266,0.929879504155261
2024-10-10,,,,,,,1.049954304919476,0.4704385414179772,0.9921854025452616,32227.05966267257,1.0200160887832277,1.0105866073950338,0,0.4836980928148332,0,0,0.9995930779734512,1,165634.83333333334,,27455285.471583266,
2024-10-11,117614565.5,233708.5,,,,,1.0102623040342096,0.4366183696956415,1.0040168937113367,32331.985429816377,1.020900540305994,1.010802339868193,0,0.4831626248596342,0,0,1.0000856145017247,0,195637.8333333333,1.1945976706959371,28577611.472113032,
2024-10-12,,,,,,,1.0079471139560003,0.4853104249822663,1.0033145646152113,32345.875206341072,1.0215070096910677,1.0107160762449383,0,0.4843233305849234,0,0,1.000306829966117,0,195637.8333333333,,28577611.472113032,
2024-10-13,,,28664910.99483269,44.185583100187735,24.71939620000001,648739.0,1.0189977677343771,0.4879273292360876,1.0009918678956642,32357.77076416129,1.0234184551140333,1.0112410157214011,0,0.4853958070710291,0,0,1.0003118068556105,0,206934.0,,28588523.91245299,1.002671949157418
2024-10-14,101840774.0,208716.0,,,,,1.0289033018722706,0.4852157864981578,1.0100616590237272,32404.52999849394,1.0156267386296205,1.0121218240893202,0,0.4856919279805168,0,0,1.0011474806419438,0,207528.0,1.0057245287382908,28588523.91245299,
2024-10-15,,,,,,,1.0188520120154898,0.5066616855298326,1.0152232210226133,32489.36289087844,1.0182420970526165,1.012670033592841,0,0.4867704898784457,0,0,1.0035041946149668,0,207528.0,,28561364.459623992,
2024-10-16,93141631.0,166887.0,,,,,1.016580453599616,0.5105124897574875,1.0141356041529768,32532.5716981248,1.0216424654473484,1.012937987143347,0,0.4881175002622304,0,0,1.0057041732809702,0,203103.8333333333,0.821683162060785,28561364.459623992,
2024-10-17,,,38062121.87630825,56.86965662908177,61.40548312,653027.0,1.016442083458589,0.5184820658318735,1.0071027163692048,32564.63166827941,1.0168550052386502,1.013203626093535,0,0.4902117313122338,0,0,1.007835218112962,0,203103.8333333333,,29748959.136709526,1.2794438185684442
2024-10-18,92913198.0,180588.0,,,,,1.017396027380025,0.5141638482001923,1.0096264815723526,32601.82792077729,1.017874108573767,1.013257271424644,0,0.4914902251854369,0,0,1.0086365878073928,0,185397.0,0.9740610689493358,29748959.136709526,
2024-10-19,,,,,,,1.0597304760407558,0.5226166793684732,1.0052805453236606,32624.495370143024,1.025271731728732,1.0146887091516883,0,0.4931037586459557,0,0,1.008917442194314,0,185397.0,,30431831.789718483,
2024-10-20,,,,,,,1.0400490733563803,0.5207061350695473,1.0021916195786,32702.514283177225,1.0282790611033037,1.0157405138596731,0,0.4939531335231312,0,0,1.0090888352918763,0,185397.0,,30431831.789718483,
2024-10-21,69476456.0,103806.5,37717977.99061954,45.17063606421896,17.517528030000005,835011.0,1.0102677967850942,0.5236540025578482,1.006174601698639,32786.97468325895,1.02561684609085,1.0158868235179264,0,0.4948269478613477,0,0,1.0085335413882923,0,150427.16666666666,0.6900781441295512,31342600.064831115,1.2034093506154937
2024-10-22,,,,,,,1.0079091405350815,0.5156109008275422,1.0042240431155658,32812.86500509364,1.024053578736506,1.0155746957199263,0,0.4954487717286269,0,0,1.0069622302587142,0,150427.16666666666,,31342600.064831115,
2024-10-23,82966833.5,131441.0,,,,,1.0127469751067106,0.5135959546143611,1.0008199015916808,32828.75049866877,1.023505938951805,1.0157591580199454,0,0.4961031992768372,0,0,1.005059987035672,0,138611.83333333334,0.948266802617862,31599591.629753027,
2024-10-24,,,,,,,1.0117440053707247,0.5057845992346511,1.0054685284191611,32857.12043551235,1.0228347849392532,1.0156169953819534,0,0.496366313333405,0,0,1.004826531614237,0,138611.83333333334,,31599591.629753027,
2024-10-25,68192820.0,116883.5,34823376.2580687,66.45504940339133,36.6805159,524014.0,1.0074696103442633,0.5192639671549777,1.005281129280151,32869.74379733395,1.0214167253627158,1.0154030227109,0,0.4968973777608644,0,0,1.0042057670010656,0,117377.0,0.9957955987970386,32002564.708292484,1.0881432964978988
2024-10-26,,,,,,,1.0109457638614132,0.5114862362424841,1.0003077768444582,32880.60235262471,1.0144474807656667,1.0153463373499776,0,0.4973565336592205,0,0,1.0034953715040364,0,117377.0,,32002564.708292484,
2024-10-27,,,,,,,1.016539711157993,0.510319656202878,1.0022903997015071,32894.0910006532,1.0110890004516115,1.0153668268296094,0,0.4973851009058749,0,0,1.003509482950166,0,117377.0,,32388759.5233744,
2024-10-28,50847817.0,77085.5,,,,,1.0280915367490604,0.5168762160655022,1.008860408148003,32941.641286910344,1.0136352490178926,1.0161249355667643,0,0.4974500787297987,0,0,1.0038931695857896,0,108470.0,0.7106619341753481,32388759.5233744,
2024-10-29,,,36386425.459195286,58.069715175407694,11.48340517000001,614981.0,1.0138554761014191,0.5280174767482968,1.0198584427681672,33045.01096569261,1.0144847255273692,1.0165363585863376,0,0.4979277373140967,0,0,1.0061266552504469,0,108470.0,,32888467.76535201,1.1063581836283771
2024-10-30,63529109.0,122460.5,,,,,1.0098218842449551,0.544851491069073,1.0072007208822185,33089.80253719722,1.0140668554042611,1.0168941692219815,0,0.4989181243538398,0,0,1.007038200863381,0,105476.5,1.161021649372135,32888467.76535201,
2024-10-31,,,,,,,1.01092751232024,0.5424876783258815,1.004900395085801,33108.990885684914,1.0139502135399063,1.0173725310474822,0,0.500370393738616,0,0,1.006957038958615,0,105476.5,,33038109.080859438,
2024-11-01,91011437.5,129940.0,,,,,1.0128471698908352,0.530322531805307,1.0031278145870697,33139.226293455344,1.0147184363322737,1.0178645238388524,0,0.5021291563507656,0,0,1.0066494225738891,0,109828.66666666669,1.183115519324038,33038109.080859438,
2024-11-02,,,32026078.59775944,57.46422821593161,7.11291527,544612.0,1.0039702732836495,0.5223003113665232,1.0007446964784388,33154.26869557114,1.0137219376783075,1.017747003022725,0,0.5049936924833323,0,0,1.006711839664458,0,109828.66666666669,,32911605.270471934,0.9730937866617224
2024-11-03,,,,,,,1.0123709552867273,0.5176475473954841,0.9988694667801112,33161.06352232501,1.0131264011252694,1.0180236634197877,0,0.5064359367821188,0,0,1.0062231349614013,1,109828.66666666669,,32911605.270471934,
2024-11-04,60064141.5,94768.0,,,,,1.0100448789408318,0.5173833539590161,1.0052327479139258,33189.71690098011,1.0105483071526655,1.018235098442466,0,0.5074473610211548,0,0,1.0057048977851046,0,115722.83333333331,0.8189222236464426,33315856.91679156,
2024-11-05,,,,,,,1.0371436908475042,0.5108293474116072,1.003274545670738,33217.68685271775,1.0138751949735347,1.019285966478262,0,0.5083512474585963,0,0,1.003335769628329,0,115722.83333333331,,33315856.91679156,
2024-11-06,59364208.0,116722.5,36479752.335798346,71.38447755874064,8.281041099999998,501641.0,1.0243670042977904,0.5199882787232768,1.019838149135147,33414.22083722771,1.0159530692667968,1.0173166893794163,0,0.5094431394757796,0,0,1.0051411165216044,0,113810.16666666669,1.025589395206345,33711343.844167404,1.0821209769752302
2024-11-07,,,,,,,1.0220593443832466,0.5575240045602545,1.016481473828284,33496.31586615547,1.0175433309900834,1.0180338507570408,0,0.5116588822278177,0,0,1.006795556341959,0,113810.16666666669,,33711343.844167404,
2024-11-08,75846086.0,123301.5,,,,,1.0114440583678497,0.5573843437947288,1.012732443378741,33578.630895513335,1.0173428864868,1.0186560568747527,0,0.5141327084549077,0,0,1.0081676461693407,0,111597.33333333331,1.1048785514588162,34880091.93036889,
2024-11-09,,,,,,,1.027454347313791,0.5602699589519111,1.0060126107213887,33602.95849545178,1.0206977542053914,1.0179060582878965,0,0.5171270890393722,0,0,1.008920205346905,0,111597.33333333331,,34880091.93036889,
2024-11-10,,,38393587.92990767,67.6014859490574,10.833933739999996,558278.0,1.0460771152235162,0.5596035810925295,1.0180085986882574,33696.23043847277,1.025512919910647,1.01909988532754,0,0.5212265960859351,0,0,1.0116543670480689,0,111597.33333333331,,35319278.93031124,1.0870433681747118
2024-11-11,72181051.0,129855.0,,,,,1.0411480673640066,0.5779092333637903,1.0273269774008598,33984.30721167968,1.029956232542529,1.0202065837744736,0,0.5243132230319858,0,0,1.0148106855462022,0,123293.0,1.0532228107029595,35319278.93031124,
2024-11-12,,,,,,,1.0453818640752857,0.6116972554143956,1.027862187769348,34201.6220859285,1.0311331144322122,1.021086053652504,0,0.5284388872379295,0,0,1.0183232058460037,0,123293.0,,36269902.92109389,
2024-11-13,86305391.0,183194.5,,,,,1.05414219932394,0.6101065779638651,1.0253281649389272,34442.66835971212,1.035386713721662,1.0219273502342263,0,0.5326019136201198,0,0,1.0191074938179725,0,145450.33333333334,1.259498660482043,36269902.92109389,
2024-11-14,,,37903153.606656246,75.26948524454838,24.696528190000013,503566.0,1.0404068058000466,0.6127733966087462,1.0164220245417006,34647.24996595892,1.038007779638348,1.0226458433603782,0,0.5361389706560835,0,0,1.019099001062746,0,145450.33333333334,,36474059.25678919,1.039181116085977
2024-11-15,77082391.5,178966.5,,,,,1.023418517589941,0.618097460336136,1.0156080115548751,34830.735629516166,1.0397184166700753,1.022873778826722,0,0.5397251363420384,0,0,1.0195097965164794,0,164005.33333333334,1.0912236593931903,36474059.25678919,
2024-11-16,,,,,,,1.0179230490941726,0.6173404573093956,1.0125381099291355,34883.0328504407,1.0383568026387011,1.0229231443479083,0,0.5430204160579559,0,0,1.0204420106890149,0,164005.33333333334,,36247193.16828646,
2024-11-17,,,,,,,1.030394455404725,0.6108620584737514,1.0055304975984185,34914.92833679686,1.0361164226645885,1.023356425282065,0,0.5462436897337412,0,0,1.0186594248190377,0,164005.33333333334,,36247193.16828646,
2024-11-18,67842598.0,185690.0,45939880.53391854,68.2301124209404,17.5232424,673308.0,1.0564743255229585,0.608004029640245,1.017833048575148,35019.652439777354,1.038305888115867,1.0232478869314718,0,0.5490899347428003,0,0,1.0173031492725075,0,182617.0,1.016827568079642,37458779.08899047,1.2264115823097064
2024-11-19,,,,,,,1.0447646716030092,0.6131704459842745,1.0128314595725674,35264.04007043396,1.0382177177626848,1.023405073539693,0,0.5521720784399577,0,0,1.0151559023872532,0,182617.0,,37458779.08899047,
2024-11-20,72830745.5,195163.0,,,,,1.0828801992916115,0.6132970984191752,1.016337282927928,35470.73246527798,1.0423231463294949,1.0258254869565766,0,0.5551601816353354,0,0,1.013871490671396,0,186606.5,1.0458531723171487,37421750.67447203,
2024-11-21,,,,,,,1.051326123458665,0.6174980679189582,1.052826326535506,36022.02071280932,1.0438830488521549,1.027272719720696,0,0.5585564205383825,0,0,1.0190721052419398,0,186606.5,,37421750.67447203,
2024-11-22,66989061.0,154087.0,45870965.21477605,84.89828007287745,18.81865613,540305.0,1.0453748946132435,0.5929487175860447,1.1109740628908369,36282.85290072059,1.047019674141198,1.0283603170375806,0,0.5612015126374388,0,0,1.0326958268613629,0,178313.33333333334,0.8641361648035293,38477902.49201004,1.1921378828874882
2024-11-23,,,,,,,1.028164057181037,0.6296175780469128,1.0283199444925772,36424.20451900156,1.0484826752964642,1.0289076520979243,0,0.5653292785978474,0,0,1.0349503746561404,0,178313.33333333334,,38477902.49201004,
2024-11-24,,,,,,,1.0247973133046966,0.6261633967434933,1.0141357951403234,36502.70770016849,1.0476830835678888,1.0294852421966054,0,0.5688925929174645,0,0,1.0361797028764124,0,178313.33333333334,,38999977.668287374,
2024-11-25,42866527.0,123915.0,,,,,1.0231825856407857,0.6258047930510072,1.0101353197004226,36591.66567986025,1.0429271207275783,1.0298931362559178,0,0.5727032114777486,0,0,1.0350800273228802,0,157721.66666666666,0.7856561664535627,38999977.668287374,
2024-11-26,,,42134965.08126424,88.57670680058659,17.208246409999997,475689.0,1.0333186183326384,0.6104960239971139,1.0075770776191335,36689.0046824439,1.041291970260383,1.0304524331617393,0,0.5760424237375565,0,0,1.0343294013295323,0,157721.66666666666,,39391851.094909474,1.0696365849816396
2024-11-27,44213723.0,98420.5,,,,,1.0312555896798423,0.5986437759356453,1.0116875264901295,36820.403035117095,1.0339170260301298,1.0305579015927655,0,0.5787680090665613,0,0,1.033665150409847,0,125474.16666666669,0.7843885527565435,39391851.094909474,
2024-11-28,,,,,,,1.0322400253545794,0.6159698457873115,1.0082850804023833,36911.17302017432,1.031190440586689,1.031170719901204,0,0.5816997547011952,0,0,1.0273021152479724,0,125474.16666666669,,39821197.61429721,
2024-11-29,51847448.0,113507.5,,,,,1.0137621915705282,0.6130949624755594,1.0192681124670988,37019.81477712704,1.0266743401520153,1.031302063478723,0,0.5839745370814114,0,0,1.0142012651874384,0,111947.66666666669,1.0139335939709924,39821197.61429721,
2024-11-30,,,51219912.1666137,79.03246349118821,10.122530659999995,640943.0,1.0197434518729358,0.6189926151930303,1.0058835465000642,37051.370941944224,1.0254713965365725,1.0315959281304796,0,0.5865247016436498,0,0,1.0109960654742225,0,111947.66666666669,,41246036.93333677,1.2418141468814818
2024-12-01,,,,,,,1.0269199688723796,0.6150908661695959,1.02277600969435,37094.677629661564,1.0257746330462414,1.0320650214298643,0,0.589350312789126,0,0,1.012230381839083,0,111947.66666666669,,41246036.93333677,
2024-12-02,58598589.5,127947.5,,,,,1.0301270151172075,0.6185029925670668,1.011427421432075,37209.84977566095,1.0267666944000158,1.0329369128243164,0,0.592557068829144,0,0,1.012414967800748,0,113291.83333333331,1.129362075230489,42563173.83841925,
2024-12-03,,,,,,,1.0355037744781364,0.6084684329873908,1.005476001144137,37337.13418720959,1.0270788595636584,1.0337080067973634,0,0.5955844316822075,0,0,1.0121148140186054,0,113291.83333333331,,42563173.83841925,
2024-12-04,56448288.0,137821.0,46080118.04099268,90.64430079548173,11.847352130000008,502912.0,1.0621396825879532,0.609618872818123,1.0239048890256408,37504.77633682482,1.0314908728362455,1.0354445002522674,0,0.5986589489775113,0,0,1.0138601515236785,0,126425.33333333331,1.0901375251795526,43002791.86374093,1.0715610788016414
2024-12-05,,,,,,,1.0564176899190028,0.6134826096106976,1.0249092590994464,37834.90663741435,1.0349448249168776,1.0360869668879842,0,0.6020807243841475,0,0,1.0162350341946875,0,126425.33333333331,,43002791.86374093,
2024-12-06,70976132.0,143712.5,,,,,1.0181179214942058,0.6041517628216159,1.009644093707026,38154.38939450331,1.0355670720488317,1.0358786641278646,0,0.6048861738540922,0,0,1.01486017437182,0,136493.66666666666,1.0528876797702458,43934654.65344702,
2024-12-07,,,,,,,1.017713989330598,0.5979557735802213,0.9981958528754552,38199.64430364892,1.0352771488284975,1.035733818959443,0,0.6062338994880911,0,0,1.0137619324254472,1,136493.66666666666,,43934654.65344702,
2024-12-08,,,47090807.27574497,112.03560923997183,15.218431179999998,420320.0,1.0649273265642198,0.616429355423066,1.0044774639368732,38241.83284861583,1.0407067713559033,1.0375165945659883,0,0.608202066542369,0,0,1.0111478544600934,0,136493.66666666666,,44329173.73123426,1.062298331145407
2024-12-09,77257440.5,144615.5,,,,,1.0363488274578982,0.5825559366431927,1.034222429148162,38519.70426382368,1.0415956016902876,1.0378130772374587,0,0.6089449324654118,0,0,1.01440428413382,0,142049.66666666666,1.0180629310405516,44329173.73123426,
2024-12-10,,,,,,,1.0361753813428138,0.5972670724499202,1.029952818952646,38668.37234450504,1.0416915455280988,1.0374830194414355,0,0.6102003821773248,0,0,1.0179009723921786,0,142049.66666666666,,45177114.5599952,
2024-12-11,68083697.0,138673.5,,,,,1.021337729834846,0.5995632096621497,1.0099916942625102,38848.52836794548,1.0358626951347978,1.03682267485713,0,0.6109221813872701,0,0,1.0159133731403027,0,142333.83333333334,0.9742834627044636,45177114.5599952,
2024-12-12,,,48612048.372051,102.34589469838814,19.688597289999997,474978.0,1.0257662147305535,0.598601370525087,1.0169986358980487,38907.88698378547,1.0314839129650193,1.0361688198789725,0,0.6104856518909597,0,0,1.0147832841115316,0,142333.83333333334,,45606481.286502175,1.0659021919859966
2024-12-13,69991943.5,137605.5,,,,,1.0186928291670554,0.6113098674235176,1.0083866169958613,39011.42447686674,1.0315660426325697,1.0349871742070762,0,0.6105257615396148,0,0,1.014603644581365,0,140298.16666666666,0.9808075420325046,45606481.286502175,
2024-12-14,,,,,,,1.0326779468290568,0.6142001161418303,1.0062448028125186,39053.33172025638,1.033703750846635,1.03472954557471,0,0.6105733188573843,0,0,1.0157534945723743,0,140298.16666666666,,46706956.66933731,
2024-12-15,,,,,,,1.0426065252306107,0.6132892133424258,1.006683426269834,39134.6628879989,1.030515064941833,1.035369145829399,0,0.610413043957594,0,0,1.0160686320485115,0,140298.16666666666,,46706956.66933731,
2024-12-16,74483409.0,132178.0,49902125.28962492,120.90245426284122,12.327577080000006,412747.0,1.0488656786864383,0.6192032471788139,1.0256228452883662,39344.42771053308,1.0323031865459107,1.0364005668158076,0,0.6104751369532412,0,0,1.0148401200685409,0,136152.33333333334,0.970809656830462,47106352.74687326,1.0593502230532428
2024-12-17,,,,,,,1.0273818617117378,0.6260430624462288,1.01857905627188,39558.50848007822,1.031046969455757,1.0363001470260411,0,0.6109811704189905,0,0,1.0132152968284314,0,136152.33333333334,,47106352.74687326,
2024-12-18,76075487.0,130912.0,,,,,1.058282586291521,0.6254087092535354,1.0089353810823918,39652.333255759,1.0363248060924248,1.0363604223849936,0,0.6115613264061002,0,0,1.0130643949455571,0,133565.16666666666,0.9801357888970552,47272991.634438224,
2024-12-19,,,,,,,1.0227464736288834,0.6053677497455813,1.0062250052568695,39888.544895626284,1.035893414506472,1.0356264824525223,0,0.611301236531477,0,0,1.01152530485396,0,133565.16666666666,,47272991.634438224,
2024-12-20,,,48792080.69288845,117.98636333338602,15.185983740000005,398670.0,1.0101549615222596,0.5928140455348466,1.0028401534711444,40024.80361987448,1.034673719128644,1.0332023078602108,0,0.6106184681019994,0,0,1.0107329529218578,0,131545.0,,47462877.7667445,1.0280051060678683
2024-12-21,76127964.0,139344.0,,,,,1.067381335507498,0.5890734061428882,1.0007978451778723,40041.737705725485,1.039631346082707,1.033737481595172,0,0.6096709793761305,0,0,1.0099548161169083,0,134144.66666666666,1.038759150568789,47462877.7667445,
2024-12-22,,,,,,,1.0533342101383805,0.5874535966264377,0.9977502509192658,40175.70162942801,1.0411638724981027,1.0340027921126766,0,0.6094878086774769,0,0,1.0086786482096843,1,134144.66666666666,,47690293.84559713,
2024-12-23,73153836.5,118206.0,,,,,1.0417035446186411,0.5753795674938567,1.0275998972041258,40399.14354226838,1.0401407104884173,1.0344541083605967,0,0.607679874992375,0,0,1.0089610841976502,0,129487.33333333331,0.9128769351957206,47690293.84559713,
2024-12-24,,,40475096.03004776,123.9400313257426,9.57170242,326570.0,1.0106188872028947,0.5741877137439826,1.003306106574304,40549.15334093158,1.0377459998442968,1.0339814941572034,0,0.6059473522257247,0,0,1.0067792342408537,0,129487.33333333331,,46788394.11865346,0.8650670063051227
2024-12-25,66365142.5,107518.5,,,,,1.015327197207313,0.5892157221235662,1.0056663526596346,40574.49279982148,1.03160951568941,1.0337196478760875,0,0.6047277165281434,0,0,1.0063122301804597,0,121689.5,0.8835478821097958,46788394.11865346,
2024-12-26,,,,,,,1.0229204620914782,0.5672766563428272,0.9968703641917016,40608.28517108239,1.0316343711840663,1.033373042668049,0,0.603287070939667,0,0,1.0049758528854356,1,121689.5,,47453169.69542336,
2024-12-27,,,,,,,1.0109679086603771,0.5725288778778599,0.9992974872318254,40672.78914004278,1.0317505064895118,1.0326967866340668,0,0.6024165743377409,0,0,1.00446975770839,1,121689.5,,47453169.69542336,
2024-12-28,60443515.0,82807.0,43529291.78230904,144.72040142797454,5.660320319999999,298580.0,1.0169097779345482,0.5691303170553214,0.9988949206740788,40696.457152627096,1.0245402839790905,1.0321857783867323,0,0.6008552567133412,0,0,1.0041979113507051,1,102843.83333333331,0.8051722433527857,46962684.95628407,0.9268910374870803
2024-12-29,,,,,,,1.032665021201627,0.5724026092905523,0.99994790834447,40740.35219052227,1.0215875427024113,1.0328158727077692,0,0.5994988449405076,0,0,1.0045118624114486,1,102843.83333333331,,46962684.95628407,
2024-12-30,71092175.0,153351.0,,,,,1.0237707783957477,0.5616179148181483,0.9988320977415448,40859.04997308656,1.0190257189562837,1.032950116925196,0,0.5975863549280116,0,0,1.000402176773937,1,114558.83333333331,1.3386222217696002,46354509.640522696,
2024-12-31,,,,,,,1.0243756464739249,0.5583265508498393,1.003886447404369,40945.81858723034,1.0209909702807167,1.032865306178581,0,0.5956942110840197,0,0,1.0004850826068037,0,114558.83333333331,,46354509.640522696,
2025-01-01,59278317.5,159235.0,41677508.02058292,142.62715218208265,4.759661460000001,292213.0,1.01942650185177,0.5611609026383185,1.0014885590296478,41013.51966945997,1.0215765852299248,1.0325086224030664,0,0.5937828080863947,0,0,0.9998882549453768,0,131797.66666666666,1.2081776865043137,45769884.43803022,0.9105880107041096
2025-01-02,,,,,,,1.011209039325876,0.5667670314394033,1.0065433126815384,41075.55232779626,1.0199035248348387,1.031698797897991,0,0.5923927613681285,0,0,1.0012701047296393,0,131797.66666666666,,45769884.43803022,
2025-01-03,,,,,,,1.010281869084984,0.5760239381603012,1.0042772972097194,41118.49848682476,1.0198055191812112,1.0299702041145586,0,0.5912729302128678,0,0,1.0019815061550523,0,131797.66666666666,,45725565.351892725,
2025-01-04,62427139.0,153710.5,,,,,1.0072106262570308,0.5655897350072415,1.0030017850258557,41143.19965084866,1.0184199260844229,1.0283299686591596,0,0.5896765010594193,0,0,1.0025682010624493,0,155432.16666666666,0.988923356705444,45725565.351892725,
2025-01-05,,,49028390.2707316,111.33074530406712,5.909277129999999,433954.0,1.0202942819631342,0.5814427333021676,1.0019374058792774,41161.11138967345,1.016652677621781,1.028402514008124,0,0.5889195334087709,0,0,1.0028524149959932,0,155432.16666666666,,46138418.46674758,1.062636993204846
2025-01-06,50749201.5,151502.5,,,,,1.024347497115816,0.58241825848249,1.009896550382737,41250.29061724434,1.0167350660103622,1.0286236309342978,0,0.5884016162388465,0,0,1.004433051087592,0,154816.0,0.978597173418768,46138418.46674758,
2025-01-07,,,,,,,1.0035733106249494,0.5948104492545636,1.004464852008864,41323.93606504777,1.013763303746223,1.0265784970696554,0,0.5876809860332297,0,0,1.0045156803168056,0,154816.0,,46002362.9226051,
2025-01-08,60290938.5,172851.5,,,,,0.9988143962683024,0.5735015102788927,0.9941397079979484,41345.40853811843,1.0108187172342988,1.0253273493633357,1,0.5873791718210865,0,0,1.0034658444551343,1,159354.83333333334,1.08469568436895,46002362.9226051,
2025-01-09,,,45131715.5046244,84.51426370635996,7.305172840000002,534013.0,1.005063823840258,0.5652777751546167,0.9930965293003776,41340.01812386819,1.009940829307782,1.0242902974465835,0,0.586312861911243,0,0,1.0015448754006828,1,159354.83333333334,,45893531.99535751,0.9834003516920384
2025-01-10,,,,,,,1.0070952412976335,0.5524324234966695,0.9980890088188438,41378.03686861705,1.009485596766732,1.0238155478286768,0,0.5847418357057269,0,0,1.0006608342019865,1,159354.83333333334,,45893531.99535751,
2025-01-11,49298326.5,170784.0,,,,,1.006197147672702,0.5515972957629196,0.997603804451725,41394.19704353426,1.009340814111828,1.023163245593415,0,0.5831750332136548,0,0,0.9998896941199676,1,165046.0,1.0347660652181816,45505172.51297273,
2025-01-12,,,,,,,1.003070844657727,0.5626685989268245,1.0003747651058188,41407.61153017856,1.0068803230681984,1.0226425127764374,0,0.5815536575970983,0,0,0.9996664597237592,0,165046.0,,45505172.51297273,
2025-01-13,46777156.5,146143.5,38030872.878672,93.15629930501068,7.777593819999997,408248.0,1.0119964390976015,0.5598143421044264,0.9964987765653056,41429.48713612729,1.0051158862084535,1.0219531291853887,0,0.5797407984625182,0,0,0.9977524920355548,1,163259.66666666666,0.895159857813422,44570885.05868514,0.8532671682107702
2025-01-14,,,,,,,1.0200201282922317,0.5603000374372394,1.0061111490436496,41480.69909963427,1.0074654315894935,1.021200249287443,0,0.5779744925990119,0,0,0.9979876773262384,0,163259.66666666666,,44570885.05868514,
2025-01-15,39582869.5,120556.5,,,,,1.0233167897495987,0.5702076029143162,1.0063375530991805,41573.230147921866,1.0109657735153932,1.020348619656215,0,0.5763413044568622,0,0,0.9997302266264144,0,145828.0,0.8267033765806292,43809279.31140803,
2025-01-16,,,,,,,1.0234951800965095,0.5822722773315202,1.0179591636270056,41676.30101561113,1.0135988244091434,1.020219063602374,0,0.5748822782863718,0,0,1.0032820315302184,0,145828.0,,43809279.31140803,
2025-01-17,,,49088495.97809198,115.32298232182882,8.995918040000001,425661.0,1.0147368260363894,0.5743312592571627,1.0151045851321745,41786.945687174186,1.0146904793718228,1.0187675382605363,0,0.573179696619826,0,0,1.0057128281464085,0,145828.0,,44469181.39474352,1.1038767622534758
2025-01-18,37608800.0,113177.0,,,,,1.0126079472163192,0.5986960584448445,1.003956057009156,41848.33969911187,1.015606307878054,1.0184295873801177,0,0.5729573069098015,0,0,1.00662029279747,0,126625.66666666669,0.8937919379167467,44469181.39474352,
2025-01-19,,,,,,,1.0208852497722458,0.5851780586205998,,41878.17166514582,1.0181512228944136,1.018787263655117,0,0.5727027740126599,0,0,1.007661214079412,0,126625.66666666669,,43851624.35215139,
2025-01-20,56729551.0,111040.0,,,,,1.0221108869623947,0.5910114346234846,,41957.72740131966,1.0195961440179555,1.0172782487036136,0,0.5727673749620131,0,0,1.0098937015822331,0,114924.5,0.9661995483991664,43851624.35215139,
2025-01-21,,,44179305.061924905,136.18270921521062,10.22718074,324412.0,1.032258500788802,0.5931380492445467,1.0057435757194526,42077.73952086151,1.021344482946037,1.0165757250586276,0,0.57295685671595,0,0,1.0098201869173935,0,114924.5,,43892584.44087308,1.0065323248722813
2025-01-22,55821550.0,113799.5,,,,,1.0495394108084586,0.601948002351266,1.0092440249365848,42208.35667204367,1.0250905716687313,1.016836920598288,0,0.5738424712111971,0,0,1.0104014812848745,0,112672.16666666669,1.010005428729071,43892584.44087308,
2025-01-23,,,,,,,1.015161083476645,0.5913539779496391,1.0026250951929108,42429.99535420388,1.023899986437322,1.0169883271407465,0,0.5744146800180523,0,0,1.0073346675980557,0,112672.16666666669,,44380797.07099098,
2025-01-24,,,,,,,1.0101355130162728,0.5913592104410861,1.008720917769801,42478.02940113316,1.023242656005877,1.0168152710010452,0,0.5744861296286363,0,0,1.006057934125581,0,112672.16666666669,,44380797.07099098,
2025-01-25,51465874.0,101607.0,43120149.29007232,124.72708607664184,5.433938540000001,338988.0,1.0084298657368076,0.5945283839237928,1.0027233776669644,42507.18117896465,1.0226457872230894,1.016332251122556,0,0.5753945205480018,0,0,1.0058113982571428,0,108815.5,0.9337548419113086,44223216.09837615,0.9750568387914162
2025-01-26,,,,,,,1.0119314105089163,0.5954210498045585,1.0022481942810466,42521.91442972684,1.021366667328328,1.016364367850841,0,0.5761575929455585,0,0,1.0052175309277935,0,108815.5,,44223216.09837615,
2025-01-27,28232885.0,62473.0,,,,,1.016932107950021,0.5915239936988415,0.9951074512318157,42578.30455998605,1.020626841755132,1.01636511218469,0,0.5769040488336757,0,0,1.003773233828368,1,92626.5,0.6744614122308411,44322348.14352859,
2025-01-28,,,,,,,1.0083957324732191,0.5644411785973786,1.012438572071008,42615.21637727664,1.0172178748529055,1.015556135893743,0,0.57663866781057,0,0,1.00472966187859,0,92626.5,,44322348.14352859,
2025-01-29,24203311.5,54522.0,50806098.81323439,142.76388848116443,4.824865440000004,355332.0,1.0201340081139607,0.5778767383943917,1.0022973542804838,42654.01904327254,1.0130171030394062,1.0154349102176834,0,0.5771806285964447,0,0,1.00373728035629,0,72867.33333333333,0.7482365211663206,45132816.97724181,1.1257019219264182
2025-01-30,,,,,,,1.0094525934815013,0.58786768763019,1.0103645469302058,42716.78608943362,1.0122016044686712,1.014937475117936,0,0.5781653331557898,0,0,1.0048429163187609,0,72867.33333333333,,45132816.97724181,
2025-01-31,,,,,,,1.004973062140428,0.5931760511486797,1.0039176820098867,42740.90171074285,1.0114641114864076,1.0144556937942244,0,0.5792325047728019,0,0,1.0041567397816302,0,72867.33333333333,,45626432.5424788,
2025-02-01,19846141.5,11849.5,,,,,1.0008790635023872,0.581636260783578,0.9981081658684264,42752.92195366164,1.0103854254529192,1.014111361266775,0,0.579728145750941,0,0,1.0034974238104104,1,42948.16666666666,0.2759023474032652,45626432.5424788,
2025-02-02,,,53478549.88510187,139.5366825613604,4.564019920000001,383258.0,1.0078540676199617,0.5746529285166035,0.9935549639301692,42756.640575501246,1.0098029478973545,1.0140304345512745,0,0.5796824454294843,0,0,1.0022555337602852,1,42948.16666666666,,46607947.21030668,1.147412685733472
2025-02-03,24356696.5,3784.5,,,,,1.0269902138159512,0.5611702020688203,0.9930833991037716,42830.56363792592,1.0112398201639157,1.0146897541365716,0,0.5795351276648704,0,0,1.0019663834562789,1,23385.33333333333,0.161832202520098,46607947.21030668,
2025-02-04,,,,,,,1.0262587407836727,0.5774705797855743,1.002460274499755,42901.7409686889,1.0137916784939804,1.0148885694305894,0,0.5794027225476506,0,0,1.0005409123746714,0,23385.33333333333,,46262169.630245976,
2025-02-05,4065726.0,10446.0,,,,,1.0190665577376803,0.559621754740327,0.9940435115466196,42981.43927697859,1.0136391855830833,1.014712538117985,0,0.5786428390895785,0,0,0.9993617919841192,1,8693.333333333334,1.201610429447853,46262169.630245976,
2025-02-06,,,44757606.39731677,104.4942553039432,5.3041850299999975,428326.0,1.0062167869843428,0.5541718818558979,0.998389122336204,43035.12272588834,1.0131769275120606,1.0148006539966314,0,0.5772882201762897,0,0,0.9976510170421188,1,8693.333333333334,,46074099.22612982,0.9714266181884152
2025-02-07,,,,,,,1.0071941441768266,0.5547817945545378,0.9971900235123576,43052.45426283156,1.013494224945832,1.0150799789269156,0,0.5766642296521444,0,0,0.9966899229710434,1,8693.333333333334,,46074099.22612982,
2025-02-08,5980293.0,10877.5,,,,,1.0362351220627015,0.5510669131699718,0.9970297953376516,43069.0190396314,1.0185450904544482,1.016119022200997,0,0.5761905342526563,0,0,0.9965358700380754,1,8369.333333333334,1.2996853592480484,46208725.472059175,
2025-02-09,,,,,,,1.007771136121911,0.5527625850959186,1.0003874813240283,43139.245618083885,1.0185332430975838,1.016141552028473,0,0.576201539639298,0,0,0.997511943951484,0,8369.333333333334,,46208725.472059175,
2025-02-10,1763939.5,3193.0,43320703.27320515,118.28662818464962,4.58136983,359522.0,1.0149613585992716,0.5493776423738911,0.999443989297178,43162.57604898678,1.0168148352094868,1.016433692392692,0,0.576127551192997,0,0,0.9984205996933992,1,8172.166666666667,0.3907164562641486,45847722.69720242,0.9448823349267146
2025-02-11,,,,,,,1.00517271740306,0.5560884300651565,0.998315004319848,43197.992516228565,1.0138025461551134,1.0165037548175364,0,0.5759082122309415,0,0,0.9978284182391268,1,8172.166666666667,,45847722.69720242,
2025-02-12,16078887.0,8381.0,,,,,1.0035293852923777,0.5481520988449372,0.996815733955908,43227.03714694367,1.0115829500914988,1.0162215196906956,0,0.5755194707889584,0,0,0.9982244500118822,1,7483.833333333333,1.1198806315836358,46964415.52842105,
2025-02-13,,,,,,,1.007620558107312,0.5584689722982668,0.9983579669990528,43237.70531256379,1.0117834888233517,1.0158082006845317,0,0.5754584352843259,0,0,0.998219999249432,1,7483.833333333333,,46964415.52842105,
2025-02-14,,,46640110.77105758,134.7972288341038,4.744212379999999,346002.0,1.0068125641957264,0.5508728992439513,1.000278047524852,43263.307262657065,1.01172897739748,1.015258059832736,0,0.5748139451619804,0,0,0.9986611455369312,0,7483.833333333333,,46923877.43375062,0.9939526169146258
2025-02-15,4309532.0,1485.0,,,,,1.0020879727925474,0.5543500291654416,1.0009897685273033,43284.07398312388,1.0068508132160294,1.014544486255937,0,0.5738832035564445,0,0,0.999226855992596,0,4353.0,0.341144038594073,46923877.43375062,
2025-02-16,,,,,,,1.002669012038046,0.5558595515627393,0.9991213036646936,43287.09891648644,1.0061219383469058,1.0141422257893256,0,0.5732674799666305,0,0,0.9990459734698336,1,4353.0,,46614646.21313043,
2025-02-17,19689743.0,6656.0,,,,,1.004970814768625,0.5517989005910766,0.998172788185442,43294.14815219936,1.0046947177996706,1.0138876547077358,0,0.5717042413715048,0,0,0.9988643733110142,1,5507.333333333333,1.2085703909938266,46614646.21313043,
2025-02-18,,,42231628.83348872,99.90709645048656,4.703006010000002,422709.0,1.0045061671820965,0.5484535225366907,0.9976352958433324,43310.34941154879,1.004599496339533,1.013341685288064,0,0.5704800901687078,0,0,0.9987672721000834,1,5507.333333333333,,46066769.040675215,0.9167482268226752
2025-02-19,25307103.0,20363.0,,,,,1.0069647824605108,0.5455758119771753,0.9994608978699924,43330.67647322898,1.005090267363552,1.0128368151380014,0,0.5689655694138308,0,0,0.9991451526592384,1,9501.333333333334,2.143172888015717,46066769.040675215,
2025-02-20,,,,,,,1.0064257246010984,0.5510259704784402,1.0035064342757027,43360.57102352558,1.0049195768626642,1.0119757225984112,0,0.5675618334549607,0,0,0.9998806479844742,0,9501.333333333334,,46336406.75192525,
2025-02-21,,,,,,,1.008116972783988,0.5582344771752785,1.00097361044433,43372.105872156266,1.0051059209467017,1.0105949746642622,0,0.5661047159490944,0,0,0.9999800141158282,0,9501.333333333334,,46336406.75192525,
2025-02-22,61298856.0,82279.5,42595344.10286018,77.18659289562939,6.37196667,551849.0,1.0029617972660785,0.5469536104034978,1.0014302258914412,43399.330268023165,1.0052307530143492,1.0101883317905769,0,0.5646247036975564,0,0,1.0000429365964192,0,36432.833333333336,2.25838872445642,45868773.92079212,0.9286348960714622
2025-02-23,,,,,,,1.0033847332366082,0.5507346588303191,0.999249668171,43409.33159512433,1.0053329988998578,1.0099633057979214,0,0.5632705519771974,0,0,1.0000612743830344,1,36432.833333333336,,45868773.92079212,
2025-02-24,79920627.5,116223.5,,,,,0.998417101111512,0.5473901690050853,0.999473087782996,43408.05551603994,1.004396754091699,1.009629546977078,1,0.5616992781465738,0,0,1.000247031468399,1,72955.33333333333,1.5930774994745645,46261434.58232352,
2025-02-25,,,,,,,0.994620887887526,0.530140622443671,0.986171540234699,43406.96971675162,1.0029845713353318,1.009052529556365,1,0.5595232639012109,0,0,0.9986093520957374,1,72955.33333333333,,46261434.58232352,
2025-02-26,75385671.5,86411.5,44000914.86033099,109.02785073488444,10.904291969999996,403575.0,1.0017923360146284,0.511719900546386,0.9857998587097784,43356.26925714669,1.0022456504144912,1.008547870491852,0,0.5568631274627959,0,0,0.9966577750728496,1,94971.5,0.9098676971512506,45978869.61707445,0.9569812226090711
2025-02-27,,,,,,,0.9918155548208932,0.4871496755370405,0.9908607437497868,43369.79851321732,1.0001584833030337,1.007995197903441,1,0.5542867440274512,0,0,0.9948512478548616,1,94971.5,,45978869.61707445,
2025-02-28,,,,,,,0.9993686949666796,0.4873925667143494,0.98148583795684,43360.20891264907,0.9989087293291324,1.0073030207985316,1,0.5512706049714498,0,0,0.9920672803566488,1,94971.5,,45289265.44619446,
2025-03-01,43901293.0,12268.0,,,,,1.0121250972530689,0.4850807404985593,0.9955442156542262,43360.73046835524,1.0002177721844163,1.007392104257584,0,0.5478443734003954,0,0,0.9912264217513324,1,71634.33333333333,0.1712586608842128,45289265.44619446,
2025-03-02,,,35174001.36934307,132.77617234909354,5.543123860000001,264912.0,1.0056839153332695,0.4963466733164334,1.0050766988323143,43422.39909355377,1.000546226769654,1.007415799364012,0,0.5446167274726539,0,0,0.9920588547029487,0,71634.33333333333,,44024857.43658804,0.7989577574443381
2025-03-03,49399511.5,11657.5,,,,,0.9939451961735524,0.5395278308833344,1.0013443774827009,43395.583090779,0.9999073832070884,1.0071846704530507,1,0.5432131131426458,0,0,0.9923261818029064,0,36779.0,0.3169607656543136,44024857.43658804,
2025-03-04,,,,,,,1.01456647216021,0.4971989554449003,0.9845020626283738,43403.01985425398,1.0027567523889005,1.0074084172710591,0,0.5406313140402557,0,0,0.992087685002003,1,36779.0,,42674329.94394321,
2025-03-05,,,,,,,1.0124996921895908,0.5042860141870394,1.0008365664730754,43452.13151907295,1.0042863746996091,1.0069253998835137,0,0.5387351744441964,0,0,0.9942357861110452,0,11962.75,,42674329.94394321,
2025-03-06,39481948.0,8921.5,49258687.207736224,132.0831325605564,5.1759084400000015,370349.0,1.0010766819511885,0.5191195579747772,1.003815876911336,43489.14958329727,1.00560939286108,1.0060859979224308,0,0.5367901403838364,0,0,0.996086519419838,0,10949.0,0.8148232715316467,43497374.60191733,1.132451961952778
2025-03-07,,,,,,,0.9999310402577292,0.5180267566154158,0.9924488336802536,43481.038363186126,1.0056897279026584,1.0054481473397658,1,0.5354036404463394,0,0,0.99765266166604,1,10949.0,,43497374.60191733,
2025-03-08,37316835.5,15544.0,,,,,0.9954130565336092,0.4978920172700931,0.9965959262250756,43483.45744491453,1.0033022935141642,1.005088022991408,1,0.5335276449601458,0,0,0.9978029060333042,1,12041.0,1.2909226808404617,43317341.48828884,
2025-03-09,,,,,,,0.9965088314696292,0.495860534052608,0.9937483622583728,43468.462256493774,1.00199156724793,1.0047318459011685,1,0.5315636029434149,0,0,0.9961845722370268,1,12041.0,,43317341.48828884,
2025-03-10,11022829.5,7188.5,39454820.13211145,88.41931436254315,5.31973344,446224.0,1.001979928135648,0.459363027480194,0.9807088152613792,43450.27533413136,1.0031393860996578,1.0035900061035998,0,0.5285068067537556,0,0,0.993236634776838,1,10551.333333333334,0.6812883047956024,42834526.31876668,0.9210985511663168
2025-03-11,,,,,,,1.0062044947801128,0.4541281397030287,0.9862732291917572,43483.49078761191,1.001944817902501,1.0035377847255398,0,0.5252189919073259,0,0,0.9934896585716072,1,10551.333333333334,,42834526.31876668,
2025-03-12,,,,,,,0.9991897107801404,0.4766076577465837,0.9927865789542332,43514.68821446042,1.0000433919868654,1.0030120631315689,1,0.5227933257530823,0,0,0.9923396603546296,1,10551.333333333334,,42765072.46813261,
2025-03-13,12225944.0,17718.0,,,,,1.0093742682506646,0.479907358789744,0.9936954557767612,43506.29354479883,1.001228761458219,1.0031521148264888,0,0.5202539567105686,0,0,0.9908938859068332,1,13483.5,1.314050506174213,42765072.46813261,
2025-03-14,,,37405446.53126042,85.16936109797928,5.447541660000001,439189.0,1.002526388636806,0.4650276082172043,0.9970383825299391,43532.24116328924,1.001599525512373,1.0031186816046365,0,0.5174831403563108,0,0,0.9915495357425026,1,13483.5,,42095119.22602359,0.8885934336096627
2025-03-15,20613914.0,19718.0,,,,,1.0007498102013752,0.4842738356153049,1.0013576108120554,43537.25372352703,1.0023619188934825,1.0028896566744387,0,0.5150099691335455,0,0,0.9922297763977854,0,14874.833333333334,1.3255946845342803,42095119.22602359,
2025-03-16,,,,,,,1.000287486729355,0.4840436123012365,0.995998877791406,43537.28554022265,1.002901726787729,1.0026721540922263,0,0.5127823262354549,0,0,0.9925512786167902,1,14874.833333333334,,41445834.71959015,
2025-03-17,25546924.0,19625.5,,,,,0.9995844711768734,0.4701123104696471,0.9925791881465764,43539.50116475192,1.002559518650761,1.0025887040383703,1,0.5099744022789285,0,0,0.9942470461718184,1,19020.5,1.0318077863357955,41445834.71959015,
2025-03-18,,,37114004.517978825,100.51539937216158,4.506838129999999,369237.0,1.0101166737377272,0.4817859295797449,0.9930304050722024,43541.28404465862,1.0031184013589916,1.0028369594283597,0,0.507505281546162,0,0,0.995212357011882,1,19020.5,,40904355.94438873,0.9073362398967224
2025-03-19,,,,,,,1.008388568660477,0.471607303136658,0.9997951151226208,43579.01244138574,1.0044325239133254,1.0029508845580883,0,0.5048322282976814,0,0,0.9962135764645088,1,19020.5,,40904355.94438873,
2025-03-20,48682444.5,13653.0,,,,,1.004021748537557,0.494038869126953,0.9993745119517724,43591.97992432757,1.0036678782400246,1.0029347372699369,0,0.5030184065173569,0,0,0.997024870203796,1,17665.5,0.7728623588350174,40714745.53166016,
2025-03-21,,,,,,,1.001687900554456,0.478940946640577,0.9936732711430356,43600.7299504381,1.0035480942282602,1.0027588412064017,0,0.5007972443394701,0,0,0.996544140005667,1,17665.5,,40714745.53166016,
2025-03-22,16152644.0,3131.0,40336852.4258118,97.46991565756684,9.808855499999996,413839.0,1.0057649139295584,0.4814376284444851,0.9990053280079452,43603.316367651845,1.0042645376180006,1.0027368141840172,0,0.4984776329383383,0,0,0.9962080996050798,1,12136.5,0.2579821200510855,40667508.89342912,0.9918692716467138
2025-03-23,,,,,,,1.012231035674286,0.4806036484508119,0.9992765494474832,43613.5632203831,1.0059707588958475,1.0028739496136936,0,0.4958899386475228,0,0,0.9966763384130908,1,12136.5,,40667508.89342912,
2025-03-24,34755777.5,35150.0,,,,,1.0021475666985338,0.4892363701276587,1.0058259224922317,43642.09663073342,1.006336915398942,1.0028468085947757,0,0.4939660306383281,0,0,0.9985687290338988,0,17311.333333333332,2.0304617399006437,40392103.86351041,
2025-03-25,,,,,,,1.0065960380486525,0.501002395139366,1.0001493919457398,43653.05489977439,1.0058339674433605,1.0029538520885104,0,0.4923082885152964,0,0,0.9995857271586898,0,17311.333333333332,,40392103.86351041,
2025-03-26,,,42937270.49430426,83.07684515129357,9.679871510000002,515068.0,1.0028597957789642,0.5007889618624852,0.9973642654747584,43669.18688780237,1.005044142746001,1.0031019419107587,0,0.4907549149438763,0,0,0.9992384629232808,1,17311.333333333332,,40710249.692359634,1.054704179384156
2025-03-27,28413461.0,23486.5,,,,,1.01542040550455,0.4969894556092885,0.9977589115309842,43677.53132957021,1.0066725223127144,1.0037952591646595,0,0.4896498760493969,0,0,0.9990076628631684,1,20589.166666666668,1.14072125308617,40710249.692359634,
2025-03-28,,,,,,,0.9957579605800756,0.4774965737099366,0.9936694956187844,43722.37215198356,1.00582538803066,1.0035941133168411,1,0.4885090984881819,0,0,0.999007123502561,1,20589.166666666668,,40240154.66836373,
2025-03-29,19206983.0,3610.0,,,,,0.9954209913901804,0.4823648878130368,0.9882533659639924,43713.05826131094,1.0043476848107489,1.0037142945358173,1,0.4883496055640485,0,0,0.9974711289248532,1,20748.83333333333,0.1739856859421815,40240154.66836373,
2025-03-30,,,35801263.66273607,117.30196543559455,3.1484340199999994,305206.0,0.9971831313825592,0.4684289834711036,,43703.890766643846,1.0021979841976452,1.003641442416347,1,0.487717486122607,0,0,0.9971702255044153,0,20748.83333333333,,39685293.292660266,0.9021292446730502
2025-03-31,2604785.5,3216.5,,,,,0.9991184764881608,0.4655864543899397,1.052395284896111,43697.72234978972,1.0017652570247348,1.0032078883908495,1,0.487067676585653,0,0,1.0049317859050615,0,10104.333333333334,0.3183287698347243,39685293.292660266,
2025-04-01,,,,,,,1.013109698491413,0.4705625260722464,0.9985883484999082,43704.288347318245,1.0026957799451288,1.0034554144961212,0,0.4862082050108468,0,0,1.004671611997423,1,10104.333333333334,,40329763.56741986,
2025-04-02,,,,,,,1.0210573870387858,0.4869374638711952,1.0000938526144256,43720.07707375522,1.0052954358393893,1.004359154191629,0,0.4844551927771087,0,0,1.0051265431873675,0,10104.333333333334,,40329763.56741986,
2025-04-03,4940432.5,11127.5,40851454.9108932,102.56273404909578,5.781421130000002,392043.0,1.004354600340235,0.4825510666589117,0.9924814227863386,43782.96903870125,1.0037146065302014,1.0040187584642966,0,0.4839669298175758,0,0,1.0042469617299268,1,5984.666666666667,1.859334967138242,40394974.98535403,1.0113004136208692
2025-04-04,,,,,,,1.0025071496966025,0.4699911064117125,1.002710072011394,43799.66018785712,1.0046787764039908,1.00368567371453,0,0.4828237662250649,0,0,1.0057537244620285,0,5984.666666666667,,40394974.98535403,
2025-04-05,199770.0,878.0,,,,,0.9958279792588156,0.4798158680475205,0.9986588031546152,43804.43873917709,1.0047369175280816,1.0035107169581177,1,0.4815136432274897,0,0,1.0074879639937988,1,5074.0,0.1730390224674813,39128730.38215657,
2025-04-06,,,,,,,1.0012876318606765,0.4718767408708191,0.995188158301867,43788.57074466249,1.005323274739241,1.003555936678216,0,0.4799753093693365,0,0,1.0057308488949512,1,5074.0,,39128730.38215657,
2025-04-07,2666068.0,2729.0,36726339.728355154,116.29288502973364,6.592971899999998,309387.0,0.9941371166965696,0.44323009667186,0.9793583907673288,43811.26600108961,1.004611651911871,1.0035134053503147,1,0.4781532453493954,0,0,0.995297006876554,1,4911.5,0.5556347348060674,38828431.5504314,0.9458620464917312
2025-04-08,,,,,,,1.0061277171312406,0.4479094424394677,0.9953167268433276,43780.353604871874,1.0036142260032752,1.0038340348723684,0,0.4765548756289574,0,0,0.9948296323541852,1,4911.5,,38828431.5504314,
2025-04-09,,,,,,,1.0092528006899313,0.4313218869531857,0.9909392950440148,43831.73288696272,1.0019278565248677,1.0040764639575113,0,0.4756201709447237,0,0,0.9935218384155552,1,4911.5,,38738947.46733425,
2025-04-10,493360.0,1132.0,,,,,1.0035155998100929,0.4741673956708339,0.9981837214636036,43840.70256950893,1.0018079993062756,1.0039868341251772,0,0.4762881461436506,0,0,0.9943364525123072,1,1579.6666666666667,0.7166068790884152,38738947.46733425,
2025-04-11,,,39052696.81422857,94.86523463065495,7.677592650000003,405030.0,1.0075960084763995,0.4499765590545933,0.9900473533330556,43861.45114357143,1.0025349791319609,1.0042670440483858,0,0.4754004428539176,0,0,0.9925274927011162,1,1579.6666666666667,,38778166.13569604,1.0070795167974649
2025-04-12,2803311.0,12298.0,,,,,1.0105438951150378,0.4756514735229601,1.0030006306827577,43878.9585914001,1.004637252825707,1.0043060316105317,0,0.4752585800116914,0,0,0.993147753776565,0,5386.333333333333,2.2831858407079646,38778166.13569604,
2025-04-13,,,,,,,1.0105438951150378,0.4862752280200933,1.0034387610842022,43893.05855188272,1.0059595761477584,1.0045732818264728,0,0.4759668340051211,0,0,0.9943264113168988,0,5386.333333333333,,38974268.93632971,
2025-04-14,317981.5,1163.0,,,,,1.0092776238317602,0.4748770610434433,1.0044484732607075,43914.925954504375,1.0081225057385,1.0048575422808188,0,0.475653608186059,0,0,0.9979107088159528,0,4864.333333333333,0.2390872336051531,38974268.93632971,
2025-04-15,,,39338862.03654765,87.69329649962918,5.681177280000002,442899.0,1.0064687975921085,0.4811680038642187,0.9874822285612276,43872.74828766502,1.008171231518624,1.005063585976244,0,0.4755577545714918,0,0,0.9967914947756528,1,4864.333333333333,,39019843.07385694,1.008175813574823
2025-04-16,,,,,,,0.97025315166802,0.4769791601881441,0.992828451127965,43891.31443107506,1.0025998530869225,1.004085875325949,1,0.4757866495621083,0,0,0.997061374216217,1,4864.333333333333,,39019843.07385694,
2025-04-17,3502786.0,13227.0,,,,,1.0036588507188418,0.4822516440206814,0.9663709808500334,43791.5396232238,1.002620317502458,1.003870614558653,0,0.4758021733768062,0,0,0.9925166969857068,1,8896.0,1.4868480215827338,39292105.72469667,
2025-04-18,,,,,,,1.0009612902104748,0.4851804821041323,1.0013249526874235,43798.528198893146,1.001672500607326,1.003623038610319,0,0.476254612675722,0,0,0.9941277826077596,0,8896.0,,39292105.72469667,
2025-04-19,15710167.5,33163.5,37461821.80553237,68.72770366982287,6.378627280000001,545076.0,1.0036287774972716,0.482483844036969,0.9984103633498628,43800.66530665396,1.0006846266619307,1.003609939575643,0,0.4758694451727225,0,0,0.9934720301316315,1,15851.166666666666,2.0921803863017443,39063320.234801136,0.9590025010766492
2025-04-20,,,,,,,1.0116627439706944,0.4866532690129178,0.9988220467861452,43807.31408623559,1.0008444622127388,1.0039424343561842,0,0.476126522585134,0,0,0.9928124995176236,1,15851.166666666666,,39063320.234801136,
2025-04-21,12349088.0,24721.5,,,,,1.0182553650386357,0.4839907586969348,1.0048881686997957,43838.18686797073,1.002126996670864,1.0043587827264868,0,0.4762116269268823,0,0,0.992875313151779,0,23704.0,1.0429252446844417,38881387.06465675,
2025-04-22,,,,,,,1.0329720188688267,0.4965986337867028,1.0093494551271112,43930.45884758748,1.0059131711389664,1.0050501488329715,0,0.4767447931047453,0,0,0.995999202661191,0,23704.0,,38881387.06465675,
2025-04-23,,,34345867.712945186,82.12726286742368,11.29144978,418203.0,1.0199990273426096,0.5272091204330148,1.028062498352925,44069.096371480846,1.013019724806765,1.0056451975211074,0,0.4780105514482571,0,0,1.0010326379790424,0,23704.0,,38314447.1456928,0.8964208091622234
2025-04-24,19151263.5,25496.0,,,,,1.041195303906347,0.5279506631877333,1.0056230681257723,44139.847918995125,1.0183820752621229,1.0067985063830307,0,0.4789088270498694,0,0,1.0066400790184338,0,27793.666666666668,0.9173312865041195,38314447.1456928,
2025-04-25,,,,,,,1.0122149828157463,0.5257814675166624,1.0102445813388727,44292.139033830375,1.0199897456343046,1.0071103459509234,0,0.4797419105716753,0,0,1.0079143116829266,0,27793.666666666668,,37654043.81017689,
2025-04-26,4904417.0,4903.5,,,,,1.0077006836368467,0.5319342543691633,1.0033871987004477,44315.09513552429,1.0205714465113866,1.0068530218886669,0,0.4809067371970045,0,0,1.0086252881615814,0,18373.666666666668,0.2668765080459352,37654043.81017689,
2025-04-27,,,40230728.76315034,91.0553876588582,5.182267590000003,441827.0,1.018064529486358,0.5302736128506804,1.0033087009527333,44328.65854357832,1.0214859872993387,1.0075965741855426,0,0.4826659718350292,0,0,1.0092662387568083,0,18373.666666666668,,37976129.429298565,1.059368855323954
2025-04-28,8409933.5,7130.0,,,,,1.0218816487086957,0.5291602530823877,1.0047494040107776,44393.08855527463,1.0220040278236329,1.00847859609616,0,0.4842258173440076,0,0,1.0092464152298055,0,12509.833333333334,0.5699516380447381,37976129.429298565,
2025-04-29,,,,,,,1.012332521871312,0.5299575490379399,1.0046375045375289,44461.71228241856,1.0190555282525593,1.0089835757791183,0,0.4862767695295688,0,0,1.0085732794312938,0,12509.833333333334,,38286824.5388075,
2025-04-30,,,,,,,1.016635438063429,0.5294874808621329,1.004499049513673,44500.31443090752,1.0185750154983908,1.009567474498294,0,0.4884068037453086,0,0,1.005207072454258,0,12509.833333333334,,38286824.5388075,
2025-05-01,14607948.5,4127.0,40939035.12337938,123.60857105057497,5.512286359999998,331199.0,1.0173928869628543,0.528713530657216,1.0078569097105412,44562.740311361136,1.015174670220749,1.0097102474473418,0,0.4903451705648076,0,0,1.0055261926806536,0,5386.833333333333,0.7661272856656663,38618350.86187898,1.060092785158032
2025-05-02,,,,,,,1.0096018164220395,0.5378107216930624,1.0075492049318386,44627.16752595402,1.0148013607359336,1.0093283950934504,0,0.4920409458255365,0,0,1.00514113890822,0,5386.833333333333,,38618350.86187898,
2025-05-03,2308800.5,7162.5,,,,,1.0017134144924509,0.5384046354230114,1.005920141022021,44649.28201581793,1.0139460365724486,1.009240355565191,0,0.4939027314510065,0,0,1.005502987811302,0,6139.833333333333,1.166562610277152,38299335.99773409,
2025-05-04,,,,,,,1.0237601751165477,0.536182388379495,0.9997493416471314,44652.28680495636,1.0147597002339042,1.0099487897458557,0,0.4961091075165992,0,0,1.0049945079105016,1,6139.833333333333,,38299335.99773409,
2025-05-05,5166693.0,7738.0,52286092.94880676,129.9801943728385,5.109248460000002,402262.0,1.0202273459087483,0.5320157210657129,1.0006383118605893,44745.88149986183,1.014523371262483,1.01076210196752,0,0.4978491026172057,0,0,1.0044072090319034,0,6342.5,1.2200236499802917,40047680.61661818,1.305596033122331
2025-05-06,,,,,,,1.016470636000524,0.5274870033257366,1.0000275320839285,44828.799574560166,1.0151145304237992,1.011268202105515,0,0.4997027780323695,0,0,1.003748641538532,0,6342.5,,40047680.61661818,
2025-05-07,,,,,,,1.0251770819375612,0.526525444432853,1.007822269415763,44884.198176076,1.0163347652629608,1.0123028676135482,0,0.5024792896244027,0,0,1.0042233872388304,0,6342.5,,40522157.88637004,
2025-05-08,11470561.0,14326.5,,,,,1.0262579234451996,0.5368221540023792,1.010306639995211,44992.13558775187,1.017601199046153,1.0129738744906802,0,0.5054430466764998,0,0,1.004573348708069,0,9742.333333333334,1.4705409381736063,40522157.88637004,
2025-05-09,,,47753844.10631721,136.00860162034357,6.867091060000005,334543.0,1.009306777726671,0.5606722022904579,1.0181189387095495,45088.03470135728,1.0175590506611003,1.012975673725238,0,0.5097547238544088,0,0,1.0060833106763134,0,9742.333333333334,,41426118.66386344,1.152747243684539
2025-05-10,3484183.0,3835.5,,,,,1.0112004961300338,0.5622845328013514,1.0054516230247,45117.83301814866,1.018914348037898,1.0132318369359028,0,0.5126919617587594,0,0,1.006016379533839,0,8633.333333333334,0.4442664092664092,41426118.66386344,
2025-05-11,,,,,,,1.0187374965324474,0.5647548160329414,1.0063671792726876,45145.21696532799,1.0181968225258835,1.0136032198711045,0,0.5165179036580377,0,0,1.0069617849089183,0,8633.333333333334,,41765178.928097,
2025-05-12,1120473.5,2697.0,,,,,1.0331872681731318,0.5666238073431009,1.009012837734966,45208.84107639216,1.0200482399922242,1.014357998973041,0,0.5195503147853757,0,0,1.008158145748115,0,6953.0,0.3878901193729325,41765178.928097,
2025-05-13,,,42585530.2522898,143.97461078922123,6.271764770000001,295785.0,1.0152456068351663,0.5571173168814818,1.0086349957343477,45339.46999631674,1.0198732358257443,1.014514722697045,0,0.5219117177474221,0,0,1.0093877834124607,0,6953.0,,41867722.84362109,1.0171446489065044
2025-05-14,,,,,,,1.0255742738711455,0.5617370518221684,1.007153815486027,45392.08546110857,1.0199299775305424,1.0150579443650247,0,0.5248070507733795,0,0,1.009292289993927,0,6953.0,,41867722.84362109,
2025-05-15,6603636.5,8879.5,,,,,1.0197419504319534,0.5608872440078868,1.0054412888329525,45502.97161126048,1.0189991242429357,1.0155003827930196,0,0.5274643587781684,0,0,1.0085972398278902,0,5137.333333333333,1.7284259018946275,42228988.67320301,
2025-05-16,,,,,,,1.0069881079419682,0.5587255758745822,1.0075030459555745,45565.17449852098,1.0186678857022635,1.0167248813354843,0,0.5301892393010497,0,0,1.0070806837201791,0,5137.333333333333,,42228988.67320301,
2025-05-17,5654720.0,3805.0,46842170.6680776,160.5299940303622,7.1957170900000005,291797.0,1.0147914044236193,0.5600493021788525,1.0035379102247637,45579.21599148915,1.0191808726013474,1.017095966458977,0,0.5327824945729887,0,0,1.0068072961773311,0,5127.166666666667,0.7421252803692747,42805636.42256233,1.0942991293405384
2025-05-18,,,,,,,1.0326918680733166,0.5582312804172817,1.0041704402598697,45616.383550015256,1.021174354250043,1.0181536523877384,0,0.535217521183427,0,0,1.0064934763183573,0,5127.166666666667,,42805636.42256233,
2025-05-19,,,,,,,1.0231989604657843,0.5609515311982636,1.0064499673893887,45731.77015263714,1.0197474531489934,1.0188059918200223,0,0.5378331107554701,0,0,1.006127351983275,0,6342.25,,43569038.510709465,
2025-05-20,19174362.5,34447.5,,,,,1.0273063432999532,0.5654864011554128,1.009371171950168,45821.53231799542,1.0214704155011058,1.0193274451309973,0,0.5404608818268867,0,0,1.0062325200141062,0,15710.666666666666,2.192618603072223,43569038.510709465,
2025-05-21,,,49846442.67697942,116.41768245010596,7.899307769999999,422191.0,1.0225319523600225,0.5692904883615423,1.0099055927138545,45956.75199006086,1.021035798142374,1.0194699980417103,0,0.5433042061490403,0,0,1.006625631046653,0,15710.666666666666,,44353714.03149321,1.1238392041213532
2025-05-22,10058413.5,5744.0,,,,,1.01974222032339,0.575109491051804,1.01356256339201,46081.73683846822,1.0210358366982937,1.0190290047568624,0,0.5459212347245437,0,0,1.0077858131265185,0,14665.5,0.3916675190071937,44353714.03149321,
2025-05-23,,,,,,,1.008256645282244,0.5839106879787644,1.0107770885082636,46142.20289269198,1.0212170563183327,1.018637592021517,0,0.5478112869760686,0,0,1.0082535334911884,0,14665.5,,45783406.36271436,
2025-05-24,7669785.0,20562.0,,,,,1.0107694809307235,0.5739490892047764,1.0019828026619515,46167.38546225544,1.0206424958193476,1.0176233979223297,0,0.5493445678433033,0,0,1.0080313752679293,0,20251.166666666668,1.015348909939345,45783406.36271436,
2025-05-25,,,55807931.7439643,151.5922577896326,4.0790192,356355.0,1.0423950764123433,0.5754764147023266,1.0001475515640526,46197.57950449882,1.0220286684392086,1.018629401042216,0,0.5510010660828255,0,0,1.0074566768828126,0,20251.166666666668,,47036472.0353706,1.1864820920667205
2025-05-26,,,,,,,1.0401269094606722,0.5686334986079034,1.0114682191741995,46313.82089894296,1.0244469468670498,1.0197102752363436,0,0.5522243742241169,0,0,1.0081735699949286,0,20251.166666666668,,47036472.0353706,
2025-05-27,203496.5,651.0,,,,,1.0176144841872157,0.5750215392802196,1.0129595326540688,46444.354090000925,1.0230623955652305,1.0196952737263725,0,0.5537159717717681,0,0,1.0086861929526287,0,8985.666666666666,0.0724487146195793,48008721.074259214,
2025-05-28,,,,,,,1.024043231570456,0.572671467588371,1.0080860393017956,46515.34523616157,1.023278292595292,1.0197673264884308,0,0.5551663455886344,0,0,1.008426256750906,0,8985.666666666666,,48008721.074259214,
2025-05-29,1352710.5,3685.5,53953669.20409562,140.9230792644175,5.27497498,382859.0,1.0117377693758556,0.5663668954953844,1.0012029587517774,46588.330613890896,1.0221347996027872,1.019747501405249,0,0.5563799904705491,0,0,1.0066605989451585,0,8299.5,0.4440628953551419,48751839.59048876,1.106700170851024
2025-05-30,,,,,,,1.0018068635844786,0.5616944717448922,1.005214358096247,46624.81089943599,1.021213402217392,1.019253215589284,0,0.5574535568333077,0,0,1.005865923172013,0,8299.5,,48751839.59048876,
2025-05-31,412949.5,1076.0,,,,,1.0044419736886008,0.5544924045315424,0.9965173417128432,46634.32679141337,1.0203094726113746,1.018821518480142,0,0.5583128526291187,0,0,1.0050851430364265,1,1804.1666666666667,0.5963972286374134,49867954.51436152,
2025-06-01,,,,,,,1.0299012184379075,0.5552576333093058,0.9992132134654484,46651.23409613004,1.0185246357578837,1.0194981652140045,0,0.5588944163496602,0,0,1.0049516661651972,1,1804.1666666666667,,49867954.51436152,
2025-06-02,,,44023056.63066118,127.05506866229474,4.7752589300000015,346488.0,1.0283775831451087,0.5568658498780562,1.0220719917372758,46792.5556840971,1.016846160569946,1.0203869708357596,0,0.5595097901648282,0,0,1.006466490817065,0,1804.1666666666667,,49137342.27889898,0.8959185537709876
2025-06-03,3814722.0,2162.5,,,,,1.020743593871042,0.5534293313275969,1.0247330932534928,46901.577357915405,1.0172931762390642,1.020286418127576,0,0.5600846882630982,0,0,1.0081484280455544,0,2308.0,0.9369584055459272,49137342.27889898,
2025-06-04,,,,,,,1.002149726567256,0.5542193182219081,1.000614345733453,46974.56170267651,1.0141655326671783,1.019683830816193,0,0.5608248081683048,0,0,1.0070810432500767,0,2308.0,,48687520.754626445,
2025-06-05,2547007.0,6150.0,,,,,1.0080418038201642,0.5521278101682954,1.0001882468001273,46972.90622506183,1.013637537587794,1.0194028697435145,0,0.56164616839639,0,0,1.006936084399841,0,3129.5,1.9651701549768332,48687520.754626445,
2025-06-06,,,43897190.94928961,146.98884939305327,4.432632879999998,298643.0,1.0126958313176966,0.5362850831782782,0.9992544402084352,47007.34695754455,1.015193104406825,1.0189868280561856,0,0.5619714896879042,0,0,1.0060846675587252,1,3129.5,,48088729.52895934,0.9128374024282434
2025-06-07,3539029.0,6120.0,,,,,1.0113585706316135,0.5493407668252515,1.0041041681374012,47036.92390192454,1.0161811896843984,1.0184901829623991,0,0.562388776782,0,0,1.0071684999050905,0,4810.833333333333,1.2721288758011433,48088729.52895934,
2025-06-08,,,,,,,1.015148253260396,0.5550869566069295,1.0023083146565115,47061.37464631099,1.014073623230468,1.0186848988135235,0,0.5622026019258825,0,0,1.0076106572180996,0,4810.833333333333,,48136570.3036225,
2025-06-09,,,,,,,1.0183897038945056,0.5567748700234794,1.006786389310263,47126.88078710107,1.012646783337525,1.0189245390723392,0,0.5620189464999533,0,0,1.0054269997285263,0,4810.833333333333,,48136570.3036225,
2025-06-10,4466755.0,3461.0,58400130.58904057,136.19528725490284,5.347743160000001,428797.0,1.016120026000443,0.5712869793681714,1.0105299182105136,47201.70975742505,1.0119862736417249,1.018837290054606,0,0.5622366852777942,0,0,1.0033979747223865,0,5243.666666666667,0.6600343271247854,49419515.33929976,1.181722042154452
2025-06-11,,,,,,,1.0112411993470007,0.5699857226890049,1.0048762562051532,47248.29043391019,1.0132850554674029,1.018105754427068,0,0.5623487491226579,0,0,1.0040068190754865,0,5243.666666666667,,49419515.33929976,
2025-06-12,781083.0,2441.0,,,,,1.0170514994680258,0.564077052032532,1.0003843575132023,47279.56298217132,1.0145721548456688,1.0181659508481635,0,0.5625807402943594,0,0,1.00403483489164,0,4007.3333333333335,0.6091332556978872,50395798.92315833,
2025-06-13,,,,,,,1.0052478026996032,0.5447027072771427,0.9996256132968409,47344.61563214611,1.0135081507573698,1.017488401809112,0,0.5620129288095252,0,0,1.004087859618555,1,4007.3333333333335,,50395798.92315833,
2025-06-14,279426.0,854.0,50643856.22323849,184.0136045725152,3.0589920699999995,273850.0,1.011714823160951,0.5518205554870164,1.0005715650747729,47355.32010667138,1.0135590439758464,1.0172208309000783,0,0.5617107058588295,0,0,1.0035832020381796,0,2252.0,0.3792184724689165,50426806.08566836,1.0043042610551498
2025-06-15,,,,,,,1.0350803752390592,0.5503723885031698,1.0018185351255584,47374.21484835753,1.0164064899727985,1.0181572398099816,0,0.5614322662797825,0,0,1.0035132335337578,0,2252.0,,50426806.08566836,
2025-06-16,,,,,,,1.0037669808044227,0.5468963786021034,1.0120096267242735,47478.86794821658,1.014317529531358,1.017789759022675,0,0.5609938354938908,0,0,1.0042594103071878,0,2252.0,,50938896.85960989,
2025-06-17,5135046.0,8497.5,,,,,1.0081782763201017,0.5628200172043459,1.007669703049722,47489.131481504905,1.013182993862738,1.0169726392975678,0,0.561146793386793,0,0,1.0038508081413604,0,3930.8333333333335,2.161755352978588,50938896.85960989,
2025-06-18,,,47261638.10736218,106.84894286823214,6.95175944,441317.0,1.0119760622439118,0.5452944824514699,1.005031104223742,47516.795350600725,1.013287974276582,1.0165985426901722,0,0.5606248917618999,0,0,1.003872929286873,0,3930.8333333333335,,50479239.515578926,0.936258916752822
2025-06-19,5748714.0,12723.0,,,,,1.008725133522128,0.54737687612601,1.0029303816350843,47545.446525479165,1.0120984934271682,1.0159791690309112,0,0.5600212409275864,0,0,1.0042366470185706,0,7358.166666666667,1.729099186844549,50479239.515578926,
2025-06-20,,,,,,,1.0120886209684876,0.5270653738595299,0.9973889958807716,47565.096404174605,1.013075753179866,1.015631057984527,0,0.5586137371108528,0,0,1.0039171302448464,1,7358.166666666667,,50569639.063950285,
2025-06-21,1137654.5,2930.0,,,,,1.0031068677770898,0.5404150073545139,0.9867161121224842,47583.42037449038,1.011846045267886,1.0150765462329834,0,0.5574572543209431,0,0,1.0019377798230908,1,8050.166666666667,0.3639676197180182,50569639.063950285,
2025-06-22,,,34173347.374878295,128.75148302085478,2.7805980599999995,265421.0,1.011519749658996,0.5310243876221437,0.990176235654702,47595.88157154018,1.0084802416135912,1.015185316378875,0,0.555694377642389,0,0,1.0002745941843971,1,8050.166666666667,,48520102.60281628,0.7043131721014694
2025-06-23,,,,,,,1.018009104116523,0.5215662978642215,1.00790430763888,47660.97487621458,1.0105148306581768,1.015426637151735,0,0.5539482845977038,0,0,0.9996881200293408,0,8050.166666666667,,48520102.60281628,
2025-06-24,15611409.0,20402.5,,,,,1.0196615360345027,0.5400293060733022,1.022136569803593,47724.04320068283,1.012155296331663,1.0146688524724738,0,0.5527667143100696,0,0,1.001754815279894,0,12018.5,1.6975912135457836,47478984.15408085,
2025-06-25,,,,,,,1.0303927685550558,0.5489158544089812,1.019173058666743,47795.94263865514,1.014786254376112,1.0143443811089532,0,0.552109459503439,0,0,1.003775094486037,0,12018.5,,47478984.15408085,
2025-06-26,12614390.5,20519.0,53545026.82017581,106.1683004557944,7.57462956,504341.0,1.0311886262791798,0.5542801682856069,1.0139257692165229,47898.80651963088,1.0179953247699765,1.0147968525120186,0,0.5514180804702852,0,0,1.0053458641405282,0,14617.166666666666,1.403760418685792,48237239.48734272,1.1100350556798722
2025-06-27,,,,,,,1.0069134197860288,0.5513500994707468,1.0109950106390215,48007.22690000101,1.0172560103153394,1.0142258587858712,0,0.5507073681996977,0,0,1.007289580534564,0,14617.166666666666,,48237239.48734272,
2025-06-28,2913825.0,3139.0,,,,,1.014505251941547,0.5516441108768495,1.0195061071414355,48021.91638441671,1.018884350910262,1.0143181082047277,0,0.5502166087124132,0,0,1.0119738655372712,0,14686.833333333334,0.2137288501038345,47420606.67066373,
2025-06-29,,,,,,,1.0374309806163655,0.5524069296965733,1.0205187884073823,48050.44453268768,1.0225859553327432,1.0155055787724572,0,0.5499070239774694,0,0,1.016308515930511,0,14686.833333333334,,47420606.67066373,
2025-06-30,,,49333586.62119861,145.41184733366725,4.2289726100000005,339268.0,1.0109990347572522,0.5522286885727731,1.0107696765099383,48170.62138808149,1.0215845168528472,1.0157241474747456,0,0.5498315667788437,0,0,1.0167178543406623,0,14686.833333333334,,47659729.16448059,1.0351210022814292
2025-07-01,1777855.5,2024.5,,,,,1.0216272195919451,0.5502616265251037,1.0152026638638243,48195.64151070585,1.0218653287896249,1.0154483475132134,0,0.5496650332193702,0,0,1.015727296349267,0,8560.833333333334,0.2364839871507836,47659729.16448059,
2025-07-02,,,,,,,1.0230540806982495,0.5439829062967969,1.0202991058197837,48255.64014075298,1.020816944810081,1.015270897431651,0,0.5492356017666615,0,0,1.0158881602282726,0,8560.833333333334,,48179253.81216908,
2025-07-03,2985164.5,4311.5,,,,,1.178287017043964,0.558571592865547,1.0166627149907583,48333.982671138496,1.0418310006336218,1.0205223448707488,0,0.5494070104845933,0,0,1.0162791524817347,0,3158.333333333333,1.3651187335092347,48179253.81216908,
2025-07-04,,,54347747.508406095,148.13776840597723,3.3710390200000013,366873.0,1.0085431430143024,0.5555393166255743,1.0104043627325423,48787.611716019564,1.042063818237661,1.0207354587523172,0,0.5494510104313821,0,0,1.0161947742093806,0,3158.333333333333,,48950315.52419871,1.1102634768827824
2025-07-05,4351938.5,16082.0,,,,,1.0102739538592314,0.5476841713191606,1.0115380026572338,48801.23999369842,1.0414593470830442,1.0208098637536192,0,0.549302889136411,0,0,1.0150564735687804,0,7472.666666666667,2.1521099116781155,48950315.52419871,
2025-07-06,,,,,,,1.027274198440052,0.5483519549368554,1.010365167451234,48820.97473049487,1.040008378200714,1.0212958093243645,0,0.5497051181950302,0,0,1.0136059562893307,0,7472.666666666667,,49672190.46347144,
2025-07-07,,,,,,,1.0345465057362198,0.5522361811468638,1.0084617568624044,48899.75341708349,1.043372302626281,1.022068740494518,0,0.5498016320057507,0,0,1.01327625348254,0,7472.666666666667,,49672190.46347144,
2025-07-08,1569087.5,6801.5,49375267.19171441,136.5738399009604,4.5461275400000005,354753.0,1.0446462660814333,0.5472080700394677,1.0162594160134455,48988.0478614898,1.0466607378390649,1.0230520075885523,0,0.5495390024535018,0,0,1.0134272180753432,0,9065.0,0.7503033645890789,49635075.05450181,0.9947656397718324
2025-07-09,,,,,,,1.0185243234233972,0.549286424460225,1.028109122791948,49120.58221947499,1.046013629656943,1.0230564949061824,0,0.5492893876013933,0,0,1.0145429347856525,0,9065.0,,49635075.05450181,
2025-07-10,2651739.5,8708.5,,,,,1.030766528162384,0.5565964452398979,1.0485009666506313,49211.677262217214,1.0249392741024317,1.0235447116449137,0,0.5487997031304509,0,0,1.0190912564513483,0,10530.666666666666,0.8269656875158269,48382924.263853416,
2025-07-11,,,,,,,1.0257245360313934,0.575557003106196,1.0344409097604852,49375.540136969896,1.0273937588191588,1.0240274895343937,0,0.5489854124776907,0,0,1.0225250488839115,0,10530.666666666666,,48382924.263853416,
2025-07-12,579574.5,1302.0,56609152.58132751,141.0110114816404,3.997999390000001,395744.0,1.0172459549299282,0.5794911179614648,1.0324328957362994,49457.23651434917,1.0283897589721154,1.0240339713831237,0,0.5494992146753218,0,0,1.0255100336094924,0,5604.0,0.2323340471092077,49411202.80353768,1.1456744497074758
2025-07-13,,,,,,,1.0318382038164695,0.5787352889114943,1.054936324451471,49506.29998216979,1.0290417597401749,1.024920318087019,0,0.5506336340631335,0,0,1.0318773417523837,0,5604.0,,49411202.80353768,
2025-07-14,,,,,,,1.0127407148633425,0.5806278388218332,1.035523164323556,49687.3273256466,1.0259266467583354,1.0249545144770988,0,0.5515938768409607,0,0,1.0357432571039766,0,5604.0,,49235109.457866125,
2025-07-15,914066.0,1567.0,,,,,1.0625406203069134,0.5853126172121983,1.0636320919714268,49788.99172277656,1.0284829830762612,1.0258698559793606,0,0.5527585511312617,0,0,1.042510782240831,0,3859.1666666666665,0.4060462103217447,49235109.457866125,
2025-07-16,,,49061620.40880899,122.90108219723894,4.539328199999996,399196.0,1.0323874898204692,0.5731420003094471,1.059196551016747,50120.91459022185,1.0304634354187,1.0268238729465622,0,0.5536334051881731,0,0,1.0469518434158025,0,3859.1666666666665,,49213423.326733984,0.996915416411552
2025-07-17,3589687.0,13661.0,,,,,1.0184768695922155,0.5787282355822981,1.047523573686704,50316.79074538648,1.028707769908676,1.027167159388966,0,0.5541636791341049,0,0,1.046812215849527,0,5510.0,2.4793103448275864,49213423.326733984,
2025-07-18,,,,,,,1.0243689023401703,0.5806781243221293,1.0277268081381594,50401.348982430114,1.0285141079527869,1.0275802540588412,0,0.5553431338631268,0,0,1.045853058474909,0,5510.0,,49492249.78664424,
2025-07-19,2757157.0,5662.0,,,,,1.0099419329337709,0.5709317140651975,1.0199421553217864,50465.59125472695,1.0274706762390502,1.0276208140392291,0,0.5561282951277665,0,0,1.0440686669871215,0,6963.333333333333,0.8131163235998086,49492249.78664424,
2025-07-20,,,55345444.39756341,133.3885514945409,3.15968918,414919.0,1.017352954374993,0.5708653384449924,1.0201738477402893,50489.450225362045,1.0254013548902676,1.027796291819446,0,0.5575882939472818,0,0,1.0391025988855245,0,6963.333333333333,,50223899.11300914,1.101974266733657
2025-07-21,,,,,,,1.0315829485740526,0.5704098821131273,1.0239488551891784,50577.22972927544,1.0280931025632265,1.0287454945126782,0,0.5585881231059022,0,0,1.0374491261520418,0,6963.333333333333,,50223899.11300914,
2025-07-22,545571.5,1702.5,,,,,1.0288765486885896,0.5676031325433607,1.0264644278251187,50723.766699430096,1.0232839494748944,1.0293240544803313,0,0.5598074146032761,0,0,1.032139459845426,0,7008.5,0.2429193122636798,52516835.07559926,
2025-07-23,,,,,,,1.0185805914409294,0.5747373675438803,1.022062265635943,50827.008714299074,1.0213115354206743,1.0293431040578116,0,0.5615797835925982,0,0,1.0268345619338828,0,7008.5,,52516835.07559926,
2025-07-24,255413.5,992.0,55738019.27735036,136.03398109355868,9.8211687,409736.0,1.0163029857459775,0.5689039118695342,1.0121313671792564,50897.57541050527,1.0210009805854976,1.0292311523815274,0,0.5625422704524726,0,0,1.0217785324328188,0,2785.5,0.3561299587147729,52919483.10081815,1.0532608410245154
2025-07-25,,,,,,,1.0103535949692888,0.569806457175801,1.0086066165267629,51006.41851469376,1.018998793818229,1.0285631799286683,0,0.5632386238780333,0,0,1.0190470764883337,0,2785.5,,52919483.10081815,
2025-07-26,516373.0,1168.5,,,,,1.0107469169264744,0.5645685443445863,1.010350170193812,51034.53924875794,1.019113791531472,1.0278817896169117,0,0.5635815697466657,0,0,1.017676792898623,0,1287.6666666666667,0.9074553455863318,52830119.712338485,
2025-07-27,,,,,,,1.016637189556947,0.5675465962840507,1.0128079905906038,51066.96106681287,1.0190115394146084,1.0282059152759424,0,0.564121452973776,0,0,1.016624527591525,0,1287.6666666666667,,52830119.712338485,
2025-07-28,,,57401899.31434401,108.67908037507054,4.207920390000001,502252.0,1.0273644229305987,0.571985975893386,1.016123279480023,51125.64523434256,1.018408892894115,1.0286345543089106,0,0.5647995151409938,0,0,1.015506588204503,0,1287.6666666666667,,53401592.16258917,1.0749098854501435
2025-07-29,3663648.0,8800.0,,,,,1.0186541591124088,0.5666310363262577,1.0135271754284745,51216.71860936514,1.0169485515260892,1.0280086602587788,0,0.5652736520286499,0,0,1.0136584092906966,0,3653.5,2.4086492404543587,53401592.16258917,
2025-07-30,,,,,,,1.0107245428491942,0.5641779514208256,1.0143182627535343,51286.827257237805,1.0158262588701272,1.0279995105285102,0,0.5656719607902517,0,0,1.0125521231646382,0,3653.5,,53982735.81135925,
2025-07-31,1016486.5,3377.0,,,,,1.005062447337803,0.5444916976330354,1.0013610126490875,51313.15123180915,1.0142204676689592,1.0274473514533722,0,0.5654796298271828,0,0,1.0110135010889,0,4448.5,0.7591322917837473,53982735.81135925,
2025-08-01,,,56353797.87732009,136.8395185256811,5.450971709999999,400385.0,1.0027767073265974,0.558579577532203,1.0010638657886164,51326.50945620218,1.0131380551485747,1.0267714390076503,0,0.5659661855350298,0,0,1.0099359652691644,0,4448.5,,54279118.56960436,1.0382224207464843
2025-08-02,,,,,,,1.0133801399531848,0.5492866553129186,1.00203336474341,51336.45297296522,1.0135142298666762,1.0212745431046244,0,0.5656566876166088,0,0,1.0087478502048213,0,6088.5,,54279118.56960436,
2025-08-03,17036811.0,3378.0,,,,,1.0081365973264895,0.5450458753302376,1.0028333083202587,51375.31615506683,1.0122998595480392,1.0212609915816973,0,0.5653069062400976,0,0,1.0073228955947722,0,5185.0,0.6514946962391513,54269314.43548983,
2025-08-04,,,,,,,1.0094652643292703,0.5510227421388106,0.9958323989519808,51414.05624176711,1.0097428368907069,1.021234035264032,0,0.5654181919340858,0,0,1.0044241983764803,1,5185.0,,54269314.43548983,
2025-08-05,3508943.0,6413.0,49657668.28134079,120.7043971456926,3.67403291,411399.0,1.0049230699024678,0.5532385363688249,0.9960534015302852,51450.18315819444,1.0077812527178582,1.0204889976461125,0,0.5655810779818182,0,0,1.0019279449624532,1,4389.333333333333,1.4610419198055895,53692858.6662212,0.9248467955493868
2025-08-06,,,,,,,1.0202650800535995,0.546513547661501,1.005242383801764,51470.290631297736,1.0091441866042017,1.0200129501233584,0,0.5653903235323061,0,0,1.000631390826486,0,4389.333333333333,,53692858.6662212,
2025-08-07,1741814.0,6415.0,,,,,1.014406558209858,0.5520630661216643,1.0097809544321388,51553.18947973628,1.010479059585924,1.0190049598609725,0,0.565552156735046,0,0,1.0018342396526363,0,5402.0,1.1875231395779342,54309657.44829359,
2025-08-08,,,,,,,1.0066342051663983,0.5592852610640862,1.0087651786257406,51606.12102542293,1.0110301307058955,1.0186086225857394,0,0.565885451288508,0,0,1.0029344272007967,0,5402.0,,54309657.44829359,
2025-08-09,,,43614181.87605599,113.13431076931214,4.494624190000002,376121.0,1.010445920322055,0.5583992888108511,1.0116991837246667,51622.53705405247,1.010610956472877,1.0179312689910618,0,0.5659455460742063,0,0,1.0043152584838335,0,5402.0,,52972723.001763895,0.8233328287579952
2025-08-10,1431571.0,4476.0,,,,,1.014543109377438,0.5566488388654166,1.0239062464247564,51654.7566362837,1.0115261724801552,1.0175585547692632,0,0.5653152739328472,0,0,1.0073256782130475,0,5768.0,0.776005547850208,52972723.001763895,
2025-08-11,,,,,,,1.0132719252315636,0.5645571116590906,1.0265808010499131,51708.42733902565,1.0120699811804827,1.017426087112651,0,0.5648174737227679,0,0,1.0117183070841806,0,5768.0,,52453233.06182624,
2025-08-12,1642430.5,1440.5,,,,,1.0179009253528286,0.5640376131279188,1.0279141619989711,51776.20415048293,1.0139239605305346,1.016961511163863,0,0.5643275511966489,0,0,1.0162698442939928,0,4110.5,0.3504439849166768,52453233.06182624,
2025-08-13,,,60045859.57365181,134.99791941305426,4.397483219999999,441094.0,1.0201489427472274,0.5678391977527361,1.024012512882103,51872.3584765264,1.0139073694867669,1.0172084520933258,0,0.5639012631610123,0,0,1.01895129130547,0,4110.5,,53402311.37580443,1.1244056301438938
2025-08-14,2088544.5,4423.0,,,,,1.0095262702561452,0.5763172612396498,1.0179800846323273,51923.16867669478,1.0132101854933795,1.0154413070916335,0,0.5636014179619272,0,0,1.0201225956197826,0,3446.5,1.283330915421442,53402311.37580443,
2025-08-15,,,,,,,1.0733166641426646,0.5588147847326325,1.0118992460325935,51960.65858231301,1.0227362510614175,1.0168056129023737,0,0.5631238441093668,0,0,1.0205703195350473,0,3446.5,,54022410.085375205,
2025-08-16,,,,,,,1.006083502150758,0.5556711744854174,1.0082784887440792,52129.66510792584,1.022113048465518,1.0163925006543248,0,0.5623552754061374,0,0,1.020081648823535,0,3446.5,,54022410.085375205,
2025-08-17,944588.0,1257.5,57118058.45187763,128.418675416785,2.54035809,440879.0,1.0024629969640904,0.5559922485356789,0.9946443857892178,52144.5889535583,1.020387318120754,1.0156623038084556,0,0.5615324128799225,0,0,1.0159013830184578,1,2373.6666666666665,0.529771099564668,54409366.13118801,1.0497835669351232
2025-08-18,,,,,,,1.0141378102059704,0.557122084936954,0.9925812644251212,52166.29919496041,1.0205110159742408,1.0158021663841954,0,0.561072091908981,0,0,1.0110443063577732,1,2373.6666666666665,,54409366.13118801,
2025-08-19,349010.5,824.0,,,,,1.0072880478516633,0.5525493666078506,0.9904113496872656,52203.935571733215,1.0189948906169313,1.0154666695000845,0,0.5604615595144096,0,0,1.0056867617418157,1,2168.1666666666665,0.3800445845184103,54275640.66456296,
2025-08-20,,,,,,,1.006120832152541,0.5394877648284652,0.9887329827391448,52238.83066047734,1.0169908748176903,1.014617932286034,0,0.5594308222715875,0,0,1.00064682886425,1,2168.1666666666665,,54275640.66456296,
2025-08-21,793974.0,3091.0,55379284.1129266,119.0110311476968,3.0897044099999995,447767.0,1.0201412017621565,0.5433541887481975,0.9977540192851284,52252.22487493469,1.0185072936042634,1.014326754055153,0,0.5586225241450822,0,0,0.9977573909575072,1,1724.1666666666667,1.7927501208313197,54413596.09560841,1.017747182443546
2025-08-22,,,,,,,1.0201412017621565,0.5351293999153451,0.9982620984048944,52354.5739849077,1.010910798978477,1.014378774399194,0,0.5573022585574642,0,0,0.9958092270106932,1,1724.1666666666667,,54413596.09560841,
2025-08-23,,,,,,,1.005090280643926,0.5385737675221755,0.9991147952926,52369.91860571606,1.0107689101917865,1.0140050175624589,0,0.5562912537458856,0,0,0.994500127946196,1,1724.1666666666667,,54224392.783931,
2025-08-24,760071.0,1843.5,,,,,1.003119786595364,0.5241010159083945,0.9898384240788272,52376.05754638669,1.0108627372819683,1.0137638906166613,0,0.5547677390369721,0,0,0.9938135619875688,1,1919.5,0.9604063558218288,54224392.783931,
2025-08-25,,,51120833.63289729,103.33077361974672,2.84742787,482127.0,1.003549764026588,0.5316017372632051,0.988730308491879,52383.455012536695,1.0093501592563423,1.0135239855199984,0,0.5536688454675928,0,0,0.993263425425677,1,1919.5,,53836447.890051775,0.9495580714630264
2025-08-26,1319522.0,4701.0,,,,,1.0035561401586028,0.5286776080364682,0.9898102198755704,52412.46459072309,1.0088170295859051,1.0130879505400536,0,0.5523732125260067,0,0,0.993177549738292,1,3211.833333333333,1.4636500441077265,53836447.890051775,
2025-08-27,,,,,,,1.0068041906859064,0.5333169887500059,0.9943259431501325,52432.3640883331,1.0089146522335286,1.0124026094652308,0,0.551084246287894,0,0,0.9939765440827188,1,3211.833333333333,,53327097.686581455,
2025-08-28,2725302.5,9134.5,,,,,1.0166293473734842,0.5141534419276245,,52492.8709727005,1.0084129587494326,1.0123351157405998,0,0.5493349931412728,0,0,0.9933469648823172,0,5226.333333333333,1.747783659672173,53327097.686581455,
2025-08-29,,,58475677.66527168,96.43500160836658,3.4954331800000005,596157.0,1.0483539792219363,0.5152528820313385,0.9828775476934896,52694.71329010061,1.012443355529401,1.013589430286358,0,0.5477041574949566,0,0,0.990782873097083,1,5226.333333333333,,53970670.18391774,1.0834714015223836
2025-08-30,,,,,,,1.0044182358996925,0.5152528820313385,0.9851755243525344,52712.05905527072,1.0123473491373678,1.013567956571754,0,0.5467295303082335,0,0,0.988459661273739,1,5226.333333333333,,53970670.18391774,
2025-08-31,941810.0,2567.5,,,,,1.003042692883054,0.5132478228373896,0.9968000757747456,52717.60973502474,1.012336335749895,1.0135768227569697,0,0.5452184718184063,0,0,0.9896199365563918,1,5467.666666666667,0.4695787355971468,53630223.37057454,
2025-09-01,,,,,,,1.0064421925047595,0.5160479405402433,0.9994345395313255,52743.18255968887,1.0127495398182051,1.0133455578420218,0,0.5441105146593171,0,0,0.9914039750629664,1,5467.666666666667,,53630223.37057454,
2025-09-02,1116653.0,3713.5,61013436.12510861,96.62724212955747,4.966634959999998,592659.0,1.0069128607518183,0.5251859799312366,0.9965499410221316,52770.14243337329,1.0132290713315215,1.013304766622866,0,0.543448518146017,0,0,0.9925272619207264,1,5138.5,0.7226817164542182,54553124.9648913,1.1184223848656694
2025-09-03,,,,,,,1.0061473233639118,0.5276951599238994,0.9961995583066344,52792.68526268288,1.0131352331426653,1.0131941685906876,0,0.5426709320721866,0,0,0.9928395311134768,1,5138.5,,54553124.9648913,
2025-09-04,995447.0,2572.0,,,,,1.010458739162282,0.5235717132188104,1.0052718508366207,52839.0135258901,1.012253717683922,1.013378690899348,0,0.5416820379671862,0,0,0.9946155767882116,0,2951.0,0.8715689596746865,55252475.91968423,
2025-09-05,,,,,,,1.0256588937593054,0.5217319795145169,1.000993163048936,52946.7724820926,1.009011562617832,1.0135584846895382,0,0.54085598569562,0,0,0.9972035218389896,0,2951.0,,55252475.91968423,
2025-09-06,,,51557818.35938023,111.29131964232494,3.459256969999997,441035.0,1.0052885052914369,0.5195687287247126,1.002713825631056,52962.35044465122,1.009135886816653,1.0132545495922576,0,0.5397728411157217,0,0,0.9997089934502073,0,2951.0,,54790643.72464623,0.9409967624853476
2025-09-07,264783.0,749.0,,,,,1.006639206525861,0.523986538049509,1.0033678753407875,52983.63594460715,1.0096496744799106,1.0132547163042396,0,0.5385962170152357,0,0,1.0006472505310702,0,2344.833333333333,0.319425687682138,54790643.72464623,
2025-09-08,,,,,,,1.0088593398071612,0.5270914983129281,1.000175250449564,53021.08578804029,1.0099949812373965,1.0132018302870764,0,0.5375526239986382,0,0,1.0007530663765327,0,2344.833333333333,,56387281.13158769,
2025-09-09,2268025.5,9681.5,,,,,1.0050825994156527,0.5242046772215156,1.005098450757126,53040.77068479538,1.0097335153322302,1.012886479955017,0,0.5364711519438417,0,0,1.001974282052961,0,4334.166666666667,2.233762737935012,56387281.13158769,
2025-09-10,,,61107717.83874749,93.7896642397205,4.036303750000002,643239.0,1.010498887939086,0.5340451471581086,1.0096141587562006,53091.6884714092,1.0103551674143978,1.012794045378601,0,0.5354540864604755,0,0,1.003890653545756,0,4334.166666666667,,56977335.71998267,1.072491668249701
2025-09-11,1717014.5,4453.5,,,,,1.01527703443244,0.5397225493627164,1.0137703955071395,53156.047049140994,1.0110434953101348,1.0127065823479215,0,0.5346435843349688,0,0,1.00510473135583,0,4961.333333333333,0.8976417629669444,56977335.71998267,
2025-09-12,,,,,,,1.011475582402103,0.5421051204049371,1.0110185087494827,53195.19386946863,1.0090173079733915,1.0124174703364173,0,0.5337857817567089,0,0,1.0065369235987651,0,4961.333333333333,,56538975.16945851,
2025-09-13,,,,,,,1.0109679597557324,0.5411045760733221,1.0113466024596076,53227.49780258653,1.009828658611148,1.0124655266530702,0,0.5326120255844979,0,0,1.0077701774314154,0,4961.333333333333,,56538975.16945851,
2025-09-14,172647.5,492.5,58590040.977576114,100.42618274086004,3.1299257199999992,534198.0,1.0065124714422096,0.5405384804236145,1.0068885226622282,53242.621043602456,1.009810553599198,1.0102387202297216,0,0.5320028154408639,0,0,1.0082731270487642,0,4875.833333333333,0.1010083746368142,56795358.395473205,1.0315991065608974
2025-09-15,,,,,,,1.0119272707419973,0.5383478418977624,1.0104798999425268,53295.80125003176,1.0102488294470315,1.0104335125160964,0,0.5314253710212754,0,0,1.009745219833473,0,4875.833333333333,,56795358.395473205,
2025-09-16,3043834.5,6347.5,,,,,1.0147883843078211,0.5433743636609157,1.01150312413748,53360.11198127535,1.0116353701459126,1.0108443587608873,0,0.5310047748587834,0,0,1.0106601731735236,0,3764.5,1.6861468986585204,56749258.387415424,
2025-09-17,,,,,,,1.0205920532920476,0.5428661192710645,1.0151735331641691,53430.837979144686,1.0130772509106216,1.01105950019709,0,0.5305295760032538,0,0,1.011454369517519,0,3764.5,,56749258.387415424,
2025-09-18,2841289.0,8349.0,60565164.56275341,130.2756820020508,3.687311720000001,448521.0,1.010481001338159,0.5393896409513396,1.0093097467426744,53469.69308776959,1.0123921033257244,1.011165931979973,0,0.53009091848137,0,0,1.0108171339797385,0,5063.0,1.64902231878333,57226246.65933268,1.058345918146568
2025-09-19,,,,,,,1.0227282907038826,0.536792717219112,1.0080219135059614,53562.64313150939,1.0139996330831214,1.0117195139316846,0,0.5300010835610582,0,0,1.0103890489449496,0,5063.0,,57226246.65933268,
2025-09-20,,,,,,,1.0073314340328885,0.5371524710221932,1.0092947463652298,53587.38316135314,1.0134801294084297,1.0112925216740425,0,0.5297943596368582,0,0,1.0100959266457528,0,5063.0,,57490098.451676406,
2025-09-21,340528.0,897.5,,,,,1.0077844471221404,0.5352368900229524,0.9946611019889636,53607.707095079735,1.013661840219848,1.0108806298527084,0,0.529797942640445,0,0,1.008349152263858,1,5198.0,0.1726625625240477,57490098.451676406,
2025-09-22,,,54197851.96025491,117.5028823174024,3.3842320399999988,456797.0,0.99803865151249,0.5245895088673247,0.9926618745924723,53601.13535851055,1.0116777517584898,1.0106455755483272,1,0.5293318006852833,0,0,1.0058037200709928,1,5198.0,,57078567.64024872,0.949530694285284
2025-09-23,1769345.5,4525.5,,,,,1.0141199796660236,0.5212604243944369,0.9916622608942268,53654.12750115502,1.0115822653810904,1.0110122486506825,0,0.5292371143014847,0,0,1.0029693110362423,1,4590.666666666667,0.9858045309323265,57078567.64024872,
2025-09-24,,,,,,,1.014193438567699,0.5261368921575825,0.9892919713270618,53712.32854865434,1.0106681775633262,1.0113670378020527,0,0.529054952797964,0,0,0.9992719450595128,1,4590.666666666667,,57929672.49844178,
2025-09-25,1724355.0,4958.5,,,,,1.0095675701815137,0.5077037532951038,0.9887020897435506,53743.632095394765,1.0105376873980911,1.0115674188028163,0,0.5283558243065852,0,0,0.996327994059638,1,3460.5,1.4328854211819102,57929672.49844178,
2025-09-26,,,49131500.76535409,109.84187269944776,4.05417458,419078.0,1.00433391055156,0.5097287773248037,0.9884071489517948,53777.87654535548,1.0079099188049023,1.0114850761316716,0,0.5275695505924117,0,0,0.9935258848376142,1,3460.5,,56829901.03180581,0.8645360958460374
2025-09-27,,,,,,,1.0034409050597943,0.5096198014326067,0.99308150043226,53789.348307665976,1.007354128951603,1.011045461387882,0,0.5274184292425779,0,0,0.99120970684719,1,3460.5,,56829901.03180581,
2025-09-28,217529.5,600.5,,,,,1.0067227350050303,0.520413013121302,1.004562653942157,53814.09708506993,1.0072024557920158,1.0096577532473183,0,0.5275904336122433,0,0,0.9926242142690748,0,3361.5,0.1786404878774356,56594790.08416783,
2025-09-29,,,,,,,1.0116789492823752,0.5290926227369877,1.010541355310885,53865.368117476806,1.0091510697591424,1.0098997770267413,0,0.5280517583024316,0,0,0.9951784258002766,0,3361.5,,56594790.08416783,
2025-09-30,939550.0,2910.0,59806339.233965605,104.30343717337232,3.1584596399999985,555361.0,1.0176551518733394,0.526867771752612,1.0180327292878593,53943.27609306235,1.009656094360187,1.010386858993084,0,0.5285057565996056,0,0,0.9989456355707956,0,2823.0,1.030818278427205,56996233.72789256,1.0493033543144072
2025-10-01,,,,,,,1.0393163802481664,0.5429372234132741,1.021778416276346,54155.9354134438,1.0132450860288256,1.0114826652511977,0,0.5294020660287068,0,0,1.003586556277836,0,2823.0,,56996233.72789256,
2025-10-02,3052099.5,7080.5,,,,,1.019599953842796,0.5384239260732364,1.0085,54262.356076324366,1.0146782836947232,1.0119055683542302,0,0.5298433309001067,0,0,1.0064148291716146,0,3530.333333333333,2.00561797752809,56422347.671147406,
2025-10-03,,,,,,,1.020857465810088,0.5559546048698187,1.038437372820829,54396.21535783042,1.0170387915887986,1.0123959064357697,0,0.530785312398304,0,0,1.013562004010048,0,3530.333333333333,,56422347.671147406,
2025-10-04,,,54672826.381599,122.03265578972052,3.968791010000001,422031.0,1.014846594726888,0.5559546048698187,1.0291601737751226,54448.13073021901,1.018668175826955,1.012542168287923,0,0.5318647421200043,0,0,1.0187161002018856,0,3530.333333333333,,56203657.50995386,0.9727627845557252
2025-10-05,668167.5,1983.0,,,,,1.012009136378391,0.5591862223945411,1.033150698997464,54493.37711774539,1.019423376023149,1.012087176375226,0,0.5331132168826718,0,0,1.022800106638358,0,3991.1666666666665,0.4968472042427027,56203657.50995386,
2025-10-06,,,,,,,1.0175380514763,0.5630947046036405,,54576.52681094162,1.0202603906222814,1.012495494581388,0,0.5345640827453028,0,0,1.0248432318596037,0,3991.1666666666665,,56867348.81717866,
2025-10-07,1061644.0,3099.0,,,,,1.0426,0.5624780421623391,1.002,54785.338131141,1.0238239403546614,1.0136941876971926,0,0.535847132882397,0,0,1.0221711103116269,0,4054.1666666666665,0.764398766700925,56867348.81717866,
2025-10-08,,,58604481.531066805,134.30367159778623,3.3791308699999987,427474.0,1.0181,0.555676655438747,1.0065,54874.15254954409,1.0207930288906375,1.0140022097036203,0,0.5367999714532576,0,0,1.019624707598903,0,4054.1666666666665,,57084490.40641467,1.0266270420184276
2025-10-09,3447794.0,14935.5,,,,,1.023325304850622,0.5483642201079383,1.0016617904592016,54960.63105471485,1.0213252218917557,1.014610299884786,0,0.5376052895494717,0,0,1.0184850060087691,0,6672.5,2.238366429374297,57084490.40641467,
2025-10-10,,,,,,,1.003909055660316,0.5171460799937585,0.9955105509551962,54939.09820654199,1.018904020441788,1.014390638808827,0,0.5370419873106601,0,0,1.0113305356978308,1,6672.5,,56509743.63036712,
2025-10-11,,,,,,,0.9981614647894478,0.5049117838858315,0.991049787445112,54935.01734381144,1.0165204304507252,1.0138201198207273,1,0.5358816284614306,0,0,1.004978804642829,1,6672.5,,56509743.63036712,
2025-10-12,721679.5,2544.5,52631008.27803633,113.27777873491254,2.43852623,463487.0,1.003621589774563,0.522850592461107,1.0000746723918212,54962.29395718632,1.015322209507321,1.013558320066476,0,0.5352398108633029,0,0,0.9994661335418884,0,6859.666666666667,0.3709363914670295,56024901.71132578,0.9394216976804914
2025-10-13,,,,,,,1.002865203876732,0.5239243573780449,1.0000806350488425,54986.54479394764,1.0132260884216686,1.013288228203843,0,0.5346671369067937,0,0,0.9995539194714532,0,6859.666666666667,,56024901.71132578,
2025-10-14,518977.5,1726.0,,,,,1.011850140577922,0.5141902813703656,0.989267466204387,55097.949737953095,1.008833251361372,1.0134661505083664,0,0.5337888636050186,0,0,0.99773498607208,1,6402.0,0.2696032489846923,55658453.2447186,
2025-10-15,,,,,,,1.0422240912068352,0.5117896788383114,0.9976511858394032,55268.64176273208,1.0122795501052055,1.0144760445238612,0,0.532903591503037,0,0,0.9964708697634234,1,6402.0,,55658453.2447186,
2025-10-16,,,53836990.62783982,107.04200525664442,3.168048689999999,497400.0,0.995642167372636,0.4892601731747635,0.9899625309646836,55231.33696794565,1.0083248161797789,1.0138378372926884,1,0.5310997851534985,0,0,0.9947995469784924,1,2135.25,,55430770.417608745,0.971247381593985
2025-10-17,298479.0,962.0,,,,,1.0041744984536034,0.4903384771321815,0.9921897637959188,55266.9913847116,1.00836273657882,1.01329058546474,0,0.5293488637488691,0,0,0.9943251488128813,1,1744.1666666666667,0.5515527950310559,55430770.417608745,
2025-10-18,,,,,,,1.0042428259285363,0.48412417848813,0.998595967995078,55281.552301707845,1.0092315024558327,1.0130826462844194,0,0.5275066816667622,0,0,0.9954031746057334,1,1744.1666666666667,,54697285.53973093,
2025-10-19,371995.0,1061.5,,,,,1.0013395063355373,0.4914818530252443,0.9977317364736256,55295.29467497695,1.0089054905359718,1.0123696868054746,0,0.5259963195269666,0,0,0.9950684694745628,1,1249.8333333333333,0.8493132417655688,54697285.53973093,
2025-10-20,,,57476921.76238207,121.4409776699368,2.930852719999999,424653.0,1.004719786892868,0.5001995508100175,1.0002383876950918,55313.452809809554,1.0091704309668483,1.0122826319008071,0,0.5247645555198941,0,0,0.995091005566884,0,1249.8333333333333,,55044740.06756233,1.0441855423757922
2025-10-21,822021.5,2267.0,,,,,1.0092729058999677,0.4908455186172325,0.9993630980134371,55339.23406148025,1.0088022545842834,1.012332247193401,0,0.5232848431397034,0,0,0.9965332386824626,1,1430.1666666666667,1.5851299382356367,55044740.06756233,
2025-10-22,,,,,,,1.0225736183739025,0.4851517904809669,0.993332047915927,55433.93237044262,1.0059950441795789,1.013150079422115,0,0.5219702525268248,0,0,0.9959162189791088,1,1430.1666666666667,,55165724.08289196,
2025-10-23,,,,,,,1.0104038670738622,0.4959249103139949,0.9961016763698012,55478.44065393179,1.008103858422611,1.0130262090023765,0,0.5211257353908101,0,0,0.9967932397512684,1,1430.1666666666667,,55165724.08289196,
2025-10-24,1367964.0,4418.0,67896489.5775563,107.14684228330252,2.90537255,571212.0,1.0074343453520886,0.5000734004093762,0.997325896069604,55505.81171549096,1.0085695508366803,1.0128009058951897,0,0.5202569523325365,0,0,0.9975269729332236,1,2582.1666666666665,1.710966242819338,56757069.769725,1.1962648856437832
2025-10-25,,,,,,,1.0071113191257877,0.5025333292234222,1.0001220108306377,55526.221418224,1.0089793355791448,1.0127190308599985,0,0.5200846048634805,0,0,0.9977449790525892,0,2582.1666666666665,,56757069.769725,
2025-10-26,367202.5,910.5,,,,,1.0138518003001695,0.5149032134509169,1.0027112572600814,55579.43173209304,1.0107668061455208,1.0130362938516189,0,0.5202570860676843,0,0,0.99845633916494,0,2531.833333333333,0.3596208281219142,57846436.77034942,
2025-10-27,,,,,,,1.0156003617656322,0.512323984662402,1.0037732861152036,55634.9675759069,1.012321173984487,1.0134416090751468,0,0.5203472255086774,0,0,0.9989613246535276,0,2531.833333333333,,57846436.77034942,
2025-10-28,1322657.0,3032.0,59559818.98605979,110.63462596812056,2.9358787200000016,524707.0,1.0265844548975207,0.5114126880827267,1.0009921317286563,55850.54,1.0147942524127092,1.0141036664048966,0,0.5200472146740582,0,0,0.9991940437557016,0,2786.833333333333,1.0879732073440582,58060609.54731322,1.025821455379742
2025-10-29,,,,,,,1.0195615404073597,0.5056908218535646,0.9970099170311992,55924.84038234917,1.0143639555603456,1.0143664194423958,0,0.5192671546446108,0,0,0.999719453629312,1,2786.833333333333,,58060609.54731322,
2025-10-30,,,,,,,1.0171447512058378,0.4825614151978847,0.992216941282054,56000.02268789603,1.0153269390077708,1.0143494060868126,0,0.5177902760927866,0,0,0.9991644914739196,1,2786.833333333333,,57811219.59207716,
2025-10-31,1018063.5,3289.0,,,,,1.00542280880834,0.4898091281048259,0.9963162001300327,56025.793935620764,1.015039576644378,1.0132196203721515,0,0.516019339582505,0,0,0.999020249196838,1,2410.5,1.3644472101223812,57811219.59207716,
2025-11-01,,,48497027.14215949,122.10278195426652,2.469086779999999,391320.0,1.0115411350526244,0.4913226740872193,1.0002246215743733,56064.748247506366,1.0156724074910692,1.0129509930791458,0,0.5144492978496378,0,0,0.9990349078745144,0,2410.5,,56646945.53583745,0.8561278403171457
2025-11-02,320119.0,1321.0,,,,,1.0033019133960093,0.4929911643046323,0.999490300087314,56075.455628641306,1.0141652807904749,1.0123658079986766,0,0.5123505164974649,0,0,0.9985747711355476,1,2547.333333333333,0.518581523161476,56646945.53583745,
2025-11-03,,,,,,,1.0056461472818037,0.4744554959650579,0.9931472782010108,56103.64035647666,1.012743250149928,1.012059126417174,0,0.5096338795339729,0,0,0.9970567700049486,1,2547.333333333333,,56928962.55787151,
2025-11-04,2604081.5,6470.5,,,,,0.99523703029486,0.4478328915586831,0.98588945740726,56075.19143476967,1.008265046635262,1.0115000562143894,1,0.5059221018394442,0,0,0.994899245101892,1,3693.5,1.7518613780966563,56928962.55787151,
2025-11-05,,,48614915.985910416,115.45127595291795,4.18353984,396072.0,0.9978814686964688,0.4614714462951402,0.9925837721869682,56065.73961313246,1.0051678935337065,1.010844836788395,1,0.5025346598958275,0,0,0.9942669386955733,1,3693.5,,55889706.736376375,0.8698366626831647
2025-11-06,,,,,,,0.99991028221428,0.44731481188027,0.9922877303262218,56066.37903444725,1.0027058265349122,1.0094218461955378,1,0.4986958855530919,0,0,0.9942770514161686,1,3693.5,,55889706.736376375,
2025-11-07,1215553.5,3319.5,,,,,1.032185167026601,0.4447906790357609,0.9908994172884728,56218.9190463673,1.0065290205660926,1.0098913517630912,0,0.4949996863396591,0,0,0.9935032252959458,1,3703.6666666666665,0.8962739627396274,55501881.76570632,
2025-11-08,,,,,,,1.006005020203658,0.4572595739983974,0.9974132597297444,56238.1605004132,1.00573814701624,1.0093140089415258,0,0.4919628648026744,0,0,0.9931016021752846,1,3703.6666666666665,,55501881.76570632,
2025-11-09,1020468.0,3063.0,45526140.89176192,97.62288787482694,2.2947250500000003,466347.0,1.0037420166768818,0.4636746156457363,1.0015734853752074,55225.68,1.0058010189135076,1.0093084409754112,0,0.4901804826577403,0,0,0.9933992000735552,0,4284.333333333333,0.7149303664514122,54254914.15646327,0.8391155271294166
2025-11-10,,,,,,,1.0107507352954346,0.4703287151804258,1.0020950283747232,55233.45,1.0065302457725978,1.0097280833256108,0,0.4890277137008934,0,0,0.9946774500983712,0,4284.333333333333,,54254914.15646327,
2025-11-11,248066.5,953.0,,,,,1.00408148734296,0.4541554148620508,0.9971713636863324,55309.34,1.007793739636612,1.0097434132445573,0,0.4867378744475915,0,0,0.9962891509953816,1,2445.1666666666665,0.3897484834026311,54486900.71052425,
2025-11-12,,,,,,,1.0048373279874263,0.4470460877844042,0.997282582423346,55347.3,1.0087874338210343,1.0098091507149138,0,0.4841752654611369,0,0,0.9969604096005784,1,2445.1666666666665,,54486900.71052425,
2025-11-13,,,48630916.473970026,99.10680523417952,,,0.9963679431744364,0.4469749820914612,0.986730056592894,55305.89,1.0082813853867711,1.009293077468131,1,0.4819347554851733,0,0,0.9961664562101028,1,2445.1666666666665,,53754902.68095498,0.9046787185645796
2025-11-14,282974.0,909.5,,,,,0.989293660325633,0.4059565748467298,0.98375623900504,55201.54,1.0021540272866327,1.007528729772091,1,0.4784069853521207,0,0,0.9951460021696124,1,1641.8333333333333,0.5539539133082936,53754902.68095498,
2025-11-15,,,,,,,1.0010968088757657,0.4123682192249507,0.9972329890167452,55283.91,1.0014528542397911,1.0077105511555284,0,0.4758439202204602,0,0,0.9951202492106128,1,1641.8333333333333,,53743175.8314,
2025-11-16,242160.5,790.0,,,2.6074946200000007,581852.0,0.9968750959980244,0.4039774802288287,0.9926293955382646,55421.13630490044,1.000471865571383,1.0074672377403426,1,0.4729652203236817,0,0,0.9938425220910492,1,884.1666666666666,0.8934967012252593,53743175.8314,
2025-11-17,,,37623941.963384494,88.9911419413375,,,0.994747188927364,0.3892516489100726,0.9844003387444225,55396.24016599702,0.9981856446616586,1.0071507165069702,1,0.4698028026710798,0,0,0.9913147092867208,1,884.1666666666666,,51728271.59789807,0.7273380842075788
2025-11-18,1212667.5,3762.0,,,,,1.0040964397333858,0.3953576645700358,0.987595568989968,55422.11599249568,0.9981877807174336,1.0072426142868984,0,0.4665986630559063,0,0,0.9899467386158116,1,1820.5,2.066465256797583,51728271.59789807,
2025-11-19,,,,,,,0.9898866913039372,0.3858279558637027,0.9876661854494796,55368.24538669524,0.9960519754769352,1.006748177767267,1,0.4627862765576957,0,0,0.9885729676195448,1,1820.5,,50907035.86011464,
2025-11-20,,,,,3.17346516,361895.0,0.994868208987538,0.3891969441260159,0.987873855468813,55249.15,0.9958377277359496,1.0062680212035198,1,0.4593979907413219,0,0,0.988736367458962,1,1820.5,,50907035.86011464,
2025-11-21,738992.0,2069.0,41307351.470361225,98.53288807501772,,,0.9754063498633084,0.3402060443361894,0.9725940559596046,55103.42,0.993853826241332,1.0046957789198332,1,0.4545664658698293,0,0,0.9871417698810424,1,2207.0,0.9374716810149524,49707075.31139546,0.8310155287066633
2025-11-22,,,,,,,1.0252789897347838,0.3434039663114299,0.9607407590009212,55276.73,0.997308423506906,1.005191616341864,0,0.4494824344030771,0,0,0.9819285941644962,1,2207.0,,49707075.31139546,
2025-11-23,468668.5,1325.0,,,,,1.098093617627271,0.3507794336637259,1.00075956041968,55603.11,1.011768212311084,1.00821359208437,0,0.4445059688448888,0,0,0.9830900462904127,0,2385.333333333333,0.5554779206260481,47108587.55908676,
2025-11-24,,,,,2.583558169999999,400125.0,0.9989518363461916,0.361845125195735,0.994438081186218,55648.94,1.0123688762280594,1.0079416093250502,1,0.4398163620439659,0,0,0.9845240094963836,1,2385.333333333333,,47108587.55908676,
2025-11-25,2166066.0,6006.0,32874235.57422186,90.59482729185264,,,0.9972057476238476,0.3550400265045113,0.989525884562552,55607.55,1.0113844916409824,1.007386740902506,1,0.4344875891457523,0,0,0.9847997688638956,1,3133.333333333333,1.9168085106382975,45329293.56097865,0.725231588486995
2025-11-26,,,,,,,1.017810000382194,0.3757698549610186,0.9970193886110236,55721.19,1.015373535795019,1.0074603955230583,0,0.4299357848223729,0,0,0.986135940744116,1,3133.333333333333,,45329293.56097865,
2025-11-27,,,,,,,0.9984377184057232,0.3818989532087898,0.99550237521923,55675.99,1.015883465711903,1.0065221709733316,1,0.425618660326575,0,0,0.98722572927989,1,3133.333333333333,,43296361.357395634,
2025-11-28,544679.0,1566.5,,,2.869712909999998,511691.0,0.996111382881526,0.3902223627393925,0.9939547451992168,55698.88,1.018841327571648,1.005740499055804,1,0.4217697116894359,0,0,0.9902772563141202,1,2965.833333333333,0.5281820736161843,43296361.357395634,
2025-11-29,,,40823502.876211286,98.42728259903676,,,0.9991676562956836,0.3787007136648471,0.9978902458893408,55665.46,1.0151111370803485,1.0051412625587988,1,0.4183076883050013,0,0,0.9955843258696088,1,2965.833333333333,,42987254.04724759,0.9496652852341276
2025-11-30,284491.0,1032.0,,,,,0.9976354271398622,0.3772022420755749,0.9959188490241994,55702.74,1.0007599670107183,1.0048816831698495,1,0.4145541254373597,0,0,0.9948927956702543,1,2868.1666666666665,0.3598117264222209,42987254.04724759,
2025-12-01,,,,,,,0.989818411629435,0.3480511115097265,0.9819280949205644,55659.28,0.9994551920511816,1.0041575923890764,1,0.4097784066847765,0,0,0.993105654775161,1,2868.1666666666665,,42200143.60511732,
2025-12-02,481090.0,1676.5,,,3.900622880000001,412650.0,0.9926506313702668,0.384084354666242,0.990673450751284,55633.52,0.998804461157813,1.003802549654885,1,0.4061481796968302,0,0,0.9932695928021228,1,1425.0,1.1764912280701754,42200143.60511732,
2025-12-03,,,40366905.18062656,89.94648961341784,,,1.0049828924319053,0.3975192928308203,0.996150214007804,55625.91,0.9969720171649146,1.0037804411598883,0,0.4035836395923556,0,0,0.9931454250016628,1,1425.0,,41970988.80205598,0.961781133415879
2025-12-04,,,,,,,1.0014547836333505,0.3883263445404516,0.9983797847510002,55659.03,0.9974030264831468,1.003987699604505,0,0.4016000880250813,0,0,0.9935564835062014,1,1425.0,,41970988.80205598,
2025-12-05,1329196.0,4508.0,,,,,0.984463604693808,0.3971964853889987,0.9766746038187842,55641.05,0.995739058170616,1.0035404374710828,1,0.3994575893282099,0,0,0.9910878918804252,1,2405.5,1.874038661400956,41021856.34721963,
2025-12-06,,,,,2.405767989999999,527061.0,1.0001774293337755,0.3763345046115801,0.9964091013968578,55593.66,0.995883311461772,1.003549342375066,0,0.3970915790859202,0,0,0.9908762998100704,1,2405.5,,41021856.34721963,
2025-12-07,288224.0,1037.5,46180600.13295656,82.68920888146583,,,0.997946561366447,0.3744107526461349,0.9940797711117334,55258.29,0.9959277592084268,1.0024080555197274,1,0.3947455815395993,0,0,0.990613574394004,1,2407.333333333333,0.4309747992245915,41666699.320436746,1.1083335346005156
2025-12-08,,,,,,,0.9969255666809544,0.3794531347731206,0.9849786872724012,55151.5,0.9969430670729296,1.0021054070689706,1,0.3921520335654235,0,0,0.9910493733014092,1,2407.333333333333,,41666699.320436746,
2025-12-09,354593.0,1308.0,,,,,1.0026112464345114,0.3879945224497468,0.9952021897747614,55190.66,0.9983660120821074,1.0020677147275583,0,0.3896293637922238,0,0,0.9916963360190488,1,2284.5,0.572554169402495,41115350.52453315,
2025-12-10,,,,,2.68940365,550483.0,1.0177197157803928,0.3994604050647997,0.9990005832255342,55428.82,1.0001855582747483,1.002300014077057,0,0.3872670867883696,0,0,0.9921035316215816,1,2284.5,,41115350.52453315,
2025-12-11,,,45569903.27880048,96.3714257773502,,,0.9979530395057136,0.3982946628322839,0.9935519388950302,55705.66,0.9996853091136576,1.0020957324824822,1,0.3854050617207107,0,0,0.9914138393564432,1,2284.5,,41672169.61881657,1.0935332548229966
2025-12-12,1651790.5,4086.5,,,,,0.9949335433464344,0.3757342006693701,0.992444006595502,55684.76,1.0011810146354614,1.0017656063277824,1,0.3830279988168762,0,0,0.9936666111816884,1,2144.0,1.906016791044776,41672169.61881657,
2025-12-13,,,,,,,0.9995369406921296,0.3834933269261636,0.9967788043249536,55697.91,1.0010895162580833,1.001871239578372,1,0.3809119436446996,0,0,0.9937194258857024,1,2144.0,,40678062.92522322,
2025-12-14,2488304.5,2468.5,,,1.9304611599999992,416686.0,0.997776462205813,0.3820567971206813,0.9967249542662008,55652.58,1.0010652163779927,1.002153999641045,1,0.3801152843871647,0,0,0.9940973091934834,1,2621.0,0.9418161007249142,40678062.92522322,
2025-12-15,,,38200148.6397923,87.65985501711265,,,0.9816067800609394,0.3715560844160129,0.9796503618524502,55630.72,0.9988768182894192,1.001504332013884,1,0.3787548798935334,0,0,0.993336119847776,1,2621.0,,40368323.639544345,0.9462901898252688
2025-12-16,1431417.0,4045.5,,,,,0.9965445939296846,0.3582265954611719,0.9921969909656542,55608.63,0.9980101536458724,1.0014933152782726,1,0.3772298504012782,0,0,0.9929068057321891,1,3533.5,1.1448988255270978,40368323.639544345,
2025-12-17,,,,,,,0.993982578176194,0.3464631656898372,0.9945430685311984,55588.38,0.9946191339881298,1.0014678282532337,1,0.3758035676272703,0,0,0.9922700179187128,1,3533.5,,40760378.16471004,
2025-12-18,,,,,2.7416777500000014,463881.0,0.99989455833357,0.33855095472766,0.9988084672479894,55586.23,0.9948964938206808,1.0013277655399062,1,0.3739100106325245,0,0,0.9930209505405642,1,3533.5,,40760378.16471004,
2025-12-19,240698.5,873.5,41624840.89061918,91.78170949598514,,,0.9983561264991088,0.333264301852279,0.9969086326892352,55596.42,0.9953854342710626,1.001610080046412,1,0.3721578888321437,0,0,0.9936587542682404,1,2462.5,0.3547208121827411,40868436.00544869,1.0185082904828962
2025-12-20,,,,,,,0.9892379133785132,0.3678008031848183,0.997617590433569,55434.0,0.9939141446548316,1.0014224035261112,1,0.3714446841341037,0,0,0.9937785808551852,1,2462.5,,40868436.00544869,
2025-12-21,278932.5,891.0,,,,,1.0021357104608315,0.3639859109767574,0.9992086488645952,55529.18,0.9945368944055488,1.0023133822126953,0,0.3722373463554561,0,0,0.9941333943692416,1,1936.6666666666667,0.4600688468158347,40805733.796175465,
2025-12-22,,,,,2.550064770000001,427277.0,1.0013299593954692,0.3610236503085873,0.9988640204114416,55434.04,0.9973544914533388,1.0015150812013849,0,0.3728246691553613,0,0,0.9968782027348118,1,1936.6666666666667,,40805733.796175465,
2025-12-23,675354.5,2526.5,40027962.17182731,92.87144010688372,,,0.9983973708765496,0.3551927580115461,0.9927800957635546,55568.01,0.9976191738743194,0.9981918729763608,1,0.3729717799669553,0,0,0.9969615034202264,1,1430.3333333333333,1.7663714751806108,40708512.34313194,0.983282362038478
2025-12-24,,,,,,,0.9934962968550092,0.3595534808656093,0.9921855101552652,55561.03,0.9975497051141502,0.998010021659988,1,0.3728953918226177,0,0,0.9966247093665216,1,1430.3333333333333,,40708512.34313194,
2025-12-25,,,,,,,1.0021547477346342,0.3664071450159087,0.9995783887767178,55569.5,0.9978725893143022,0.9981749883303476,0,0.3732742957729977,0,0,0.9967346981563396,1,1430.3333333333333,,41827694.73869052,
2025-12-26,483786.0,1444.0,,,2.36586472,517078.0,0.9869025378211717,0.362507601452719,0.9853237261371484,55535.28,0.9962363623603112,0.9971447395783136,1,0.3728322206560543,0,0,0.9950797115060418,1,1620.5,0.8910829990743597,41827694.73869052,
2025-12-27,,,37966099.35216447,79.78870602115546,,,0.9999187985291668,0.3581550029226709,0.9977533793709892,55528.0,0.997762203096119,0.9971941089157618,1,0.372040755646517,0,0,0.9950991099256732,1,1620.5,,41344995.31537477,0.9182755751346328
2025-12-28,278532.5,938.5,,,,,0.99505061800752,0.3756551809226847,0.9932478229904682,55524.43,0.99675004703136,0.9971587500866282,1,0.3715551829192935,0,0,0.9942475633722264,1,1636.3333333333333,0.5735383988592382,41344995.31537477,
2025-12-29,,,,,,,0.9993376643197311,0.3650325156256184,0.9974789343159876,55529.66,0.996465433449112,0.997164417020763,1,0.3710995763179859,0,0,0.9940496939300189,1,1636.3333333333333,,41419494.235255264,
2025-12-30,,,,,2.9727451299999994,369499.0,0.9941059096724268,0.3607924047608453,0.99350589993717,55511.22,0.9958523675628086,0.9970467664385152,1,0.3705525817408281,0,0,0.9941533802405352,1,1191.25,,41419494.235255264,
2025-12-31,1378151.5,4460.5,39763257.030322805,92.70596484718013,,,0.993451523803574,0.3691367620830441,0.9962337322138208,55484.52,0.9958459714126036,0.9971678701776532,1,0.3712554367599388,0,0,0.9947316976774718,1,2281.0,1.9555019728189391,41212464.58463871,0.9648356979151382
2026-01-01,,,,,,,0.9984363339724068,0.3638820271525862,0.996567578235034,55318.57,0.995314769446571,0.997360726931058,1,0.3705820258428169,0,0,0.9943015818858026,1,2281.0,,41212464.58463871,
2026-01-02,424256.0,1298.0,,,,,1.0003408556374875,0.375821194939762,0.999520766014919,55363.54,0.9972345291346162,0.997205992371244,0,0.369858755913115,0,0,0.9963297304397696,1,2232.333333333333,0.5814543825593549,41333258.78521187,
2026-01-03,,,,,2.6202714900000004,501272.0,1.000798735414036,0.3845960427965864,0.9994891105923828,55443.97,0.9973602344038832,0.9971841240972668,0,0.3697344125216528,0,0,0.996577692042826,1,2232.333333333333,,41333258.78521187,
2026-01-04,1265362.0,4056.0,42701072.62988973,88.29413123422529,,,1.0022374955836817,0.3855096528300569,1.0006717716218227,55494.5,0.9983869312004776,0.9977765871269292,0,0.3693448514363548,0,0,0.9976382561330196,0,3271.5,1.239798257679963,41504235.5157966,1.0288365054606925
2026-01-05,,,,,,,1.0078469521383162,0.3882838301978216,1.0056153427379275,55521.54,0.99960254374599,0.9980322378870806,0,0.3697431622892295,0,0,0.9988006001932968,0,3271.5,,41504235.5157966,
2026-01-06,,,,,,,1.004729525012537,0.4065565530728003,1.002689043505696,55541.39,1.0011202030802913,0.9982583366752836,0,0.3708146889701183,0,0,1.0001124778459434,0,3271.5,,40836183.427630894,
2026-01-07,292074.0,942.0,,,2.598904729999999,425191.0,1.0032114414771118,0.4015470907571111,0.9968930383225384,55566.83,1.0025144770336538,0.9984678658351556,0,0.3715511541695847,0,0,1.0002066644329028,1,2098.6666666666665,0.448856416772554,40836183.427630894,
2026-01-08,,,38242426.304593824,113.43020452503768,,,0.9955129083930638,0.3865449322667277,0.9948809270421052,55239.52,1.0020968448080334,0.9982312545671072,1,0.3715028344968173,0,0,0.9999657142624844,1,2098.6666666666665,,40511963.787251264,0.943978586311542
2026-01-09,561647.5,1790.0,,,,,0.9948795559527184,0.3964833561450731,0.9965034404664184,55536.49,1.0013166591387808,0.9974699159061848,1,0.3714035995328265,0,0,0.999534667755556,1,2262.6666666666665,0.7911019446081321,40511963.787251264,
2026-01-10,,,,,,,1.0004219915770651,0.3836185563031488,0.9961382259084652,55543.35,1.001262838590642,0.9975522143085632,0,0.3709143959818553,0,0,0.9990559699435676,1,2262.6666666666665,,39789401.00274424,
2026-01-11,2633260.0,8793.0,,,1.9199271000000004,290317.0,0.9946001885521956,0.3823672058145483,0.9927952430366596,55533.78,1.0001717947290012,0.9975411024820884,1,0.3711354961533613,0,0,0.9979307515742588,1,3841.6666666666665,2.288850325379609,39789401.00274424,
2026-01-12,,,41898399.34618774,99.59968275739476,,,0.9985657686474916,0.3829324298141434,0.9926122055357838,55507.55,0.998845911373169,0.9975087300806006,1,0.3711167995829606,0,0,0.9960731605453808,1,3841.6666666666665,,40053025.79567467,1.0460732619784334
2026-01-13,,,,,,,1.0081285755207934,0.3883517274305965,1.0027663672652891,55408.95,0.9993314900172058,0.9978538005244332,0,0.3713266305932911,0,0,0.9960842067967514,0,3841.6666666666665,,40053025.79567467,
2026-01-14,721802.0,2281.5,,,,,1.0089396057851372,0.4208915583040976,1.0055209929361566,55646.48,1.0001497992040664,0.99876489471524,0,0.3729711463895606,0,0,0.997316771741554,0,4288.166666666667,0.5320455517120758,40317722.5322293,
2026-01-15,,,,,3.252281839999999,374223.0,1.0050706203928916,0.3858155926927643,1.0051580229941277,55597.59,1.0015151866326133,0.9990490955973468,0,0.3738907796306137,0,0,0.9987849283061286,0,4288.166666666667,,40317722.5322293,
2026-01-16,301437.5,1068.0,39642363.47762159,108.00144795485566,,,1.002393847185376,0.4151759280590663,1.002327742866842,55690.91,1.002588656808707,0.9993294712309864,0,0.3761812050429213,0,0,0.9996169715061892,0,4047.5,0.2638665843113033,40233302.650403336,0.985312188315323
2026-01-17,,,,,,,1.005850375080544,0.4120864726469697,1.0019804548582072,55692.9,1.0033641401663471,0.9995279984558854,0,0.3786323889735649,0,0,1.0004515756418664,0,4047.5,,40233302.650403336,
2026-01-18,653941.0,2023.5,,,,,1.0032871759676474,0.4110974636344738,1.0003227581838303,55563.68,1.0046051383685544,0.9996923667715032,0,0.3812268276996381,0,0,1.0015269349486051,0,1791.0,1.1298157453936348,40034511.47322965,
2026-01-19,,,,,2.2826795899999985,354595.0,0.999095154066322,0.416416539589968,0.9953111191780812,55710.51,1.004680764856959,1.000020941461097,1,0.3828473522464764,0,0,1.001912494040362,1,1791.0,,40034511.47322965,
2026-01-20,,,38654976.78246953,98.40980249918414,,,0.9911596206335628,0.3957107861861688,0.9890859990223017,55659.04,1.0022566284444971,0.999655071800188,1,0.3839048480867902,0,0,0.9999581557199352,1,1791.0,,39862069.63688463,0.9697182593525407
2026-01-21,316102.5,742.5,,,,,0.9927700905567844,0.3670455513550061,0.9916374430159378,55645.27,0.9999466976975898,0.9993697428388983,1,0.3841055781216707,0,0,0.9979747914456184,1,1278.0,0.5809859154929577,39862069.63688463,
2026-01-22,,,,,,,1.0010781967318187,0.353689299261671,0.9933538733610504,55612.78,0.9993763514602936,0.9994591037007408,0,0.3840554628300082,0,0,0.9962884843551788,1,1278.0,,39838370.70332139,
2026-01-23,659573.0,2140.5,,,2.5137265200000005,436563.0,0.9501369235865564,0.3758761562029621,0.948329556746704,55429.01,0.9919110766604624,0.9980137912584592,1,0.38459955200792,0,0,0.9885744577665876,1,1635.5,1.308774075206359,39838370.70332139,
2026-01-24,,,28729263.387003347,94.28116850935892,,,0.998372847636107,0.377158734488486,0.9962382385179602,55414.8,0.990842858454114,0.9978877279218412,1,0.3849579383236726,0,0,0.9877541411465522,1,1635.5,,38449732.28878164,0.7471902059350775
2026-01-25,568733.5,1903.5,,,,,0.996134554795558,0.3768160622734978,0.9943280161643804,55373.83,0.9898210554295298,0.9981954618209876,1,0.3854348870176985,0,0,0.986897749429488,1,1595.5,1.193042933249765,38449732.28878164,
2026-01-26,,,,,,,0.9971379871392368,0.3547995358771635,0.9961107060448048,55400.61,0.989541460154232,0.99810276810799,1,0.3853230381161817,0,0,0.987011976124734,1,1595.5,,38518822.70829837,
2026-01-27,,,,,2.30411534,362327.0,1.000551394940857,0.3671011868961467,0.9990147561275552,55372.45,0.9908831421981312,0.9982861273391012,0,0.3850379049819637,0,0,0.9884303699969132,1,1595.5,,38518822.70829837,
2026-01-28,3073059.0,9748.0,33247869.895025924,95.03817462139774,,,0.99948348262724,0.375987979936499,0.9993900137979076,55415.92,0.9918421982081964,0.9982909879493516,1,0.3854030871256597,0,0,0.9895378801086232,1,4597.333333333333,2.1203596287703017,37859953.60663931,0.8781804182981199
2026-01-29,,,,,,,0.9906854127228388,0.3763897536316069,0.9897563678136072,55366.78,0.990357514778342,0.9981769713843652,1,0.3859229987546851,0,0,0.9890239507447028,1,4597.333333333333,,37859953.60663931,
2026-01-30,1070911.0,3217.5,,,,,0.9888632745485144,0.3411769017045363,0.987806294311378,55331.93,0.9958898506300502,0.99802402974253,1,0.3849910034087349,0,0,0.9946634846825132,1,4956.333333333333,0.6491694128724191,37588053.11754167,
2026-01-31,,,,,,,0.9877841195980424,0.3391872385344679,0.9855621468723478,55283.46,0.9943771751960412,0.997668955930051,1,0.3841678437881309,0,0,0.99313832873314,1,4956.333333333333,,37588053.11754167,
